patient_id,diagnosis_date,state,region,age_band,payer_type,index_hcp_id,index_drug_id
PT200000,2025-08-25,Florida,South,71+,Medicare,HCP100243,MOUN
PT200001,2025-09-01,Florida,South,71+,Medicaid,HCP100172,RYBL
PT200002,2025-01-20,New York,Northeast,18-40,Commercial,HCP100093,OZEM
PT200003,2024-12-30,Georgia,South,41-55,Medicaid,HCP100154,TRUL
PT200004,2025-12-29,Illinois,Midwest,41-55,Commercial,HCP100015,MOUN
PT200005,2025-09-01,Texas,South,56-70,Commercial,HCP100238,MOUN
PT200006,2024-09-09,Illinois,Midwest,71+,Medicaid,HCP100182,OZEM
PT200007,2025-02-03,Florida,South,41-55,Commercial,HCP100060,MOUN
PT200008,2025-01-27,Texas,South,56-70,Commercial,HCP100009,TRUL
PT200009,2025-07-14,Florida,South,56-70,Commercial,HCP100261,TRUL
PT200010,2025-03-24,Illinois,Midwest,71+,Medicare,HCP100137,TRUL
PT200011,2025-12-29,California,West,56-70,Commercial,HCP100019,OZEM
PT200012,2025-02-03,California,West,71+,Medicare,HCP100214,MOUN
PT200013,2025-10-20,New York,Northeast,71+,Medicare,HCP100136,OZEM
PT200014,2024-11-25,California,West,71+,Medicare,HCP100153,MOUN
PT200015,2024-09-23,Georgia,South,41-55,Medicare,HCP100135,TRUL
PT200016,2025-02-17,California,West,41-55,Medicaid,HCP100281,TRUL
PT200017,2025-07-28,Texas,South,56-70,Commercial,HCP100041,OZEM
PT200018,2025-02-17,Illinois,Midwest,41-55,Commercial,HCP100178,TRUL
PT200019,2024-12-02,Florida,South,41-55,Commercial,HCP100049,OZEM
PT200020,2026-01-05,New York,Northeast,71+,Medicare,HCP100093,MOUN
PT200021,2025-09-15,Nevada,West,71+,Medicare,HCP100018,RYBL
PT200022,2025-05-12,california,South,41-55,Commercial,HCP100246,MOUN
PT200023,2026-03-02,Florida,South,56-70,Commercial,HCP100275,TRUL
PT200024,2025-07-21,Ohio,Midwest,56-70,Commercial,HCP100257,MOUN
PT200025,2025-07-07,Ohio,Midwest,56-70,Medicaid,HCP100217,RYBL
PT200026,2025-06-02,Michigan,Midwest,41-55,Medicaid,HCP100073,TRUL
PT200027,2025-06-02,Florida,South,56-70,Commercial,HCP100243,TRUL
PT200028,2024-09-30,New York,Northeast,41-55,Commercial,HCP100299,TRUL
PT200029,2025-09-29,New York,Northeast,56-70,Commercial,HCP100104,OZEM
PT200030,2025-08-18,Illinois,Midwest,41-55,Medicaid,HCP100127,TRUL
PT200031,2025-07-21,Florida,South,18-40,Commercial,HCP100152,OZEM
PT200032,2024-10-07,Ohio,Midwest,71+,Medicaid,HCP100011,OZEM
PT200033,2026-01-12,California,West,56-70,Commercial,HCP100282,OZEM
PT200034,2025-08-18,Michigan,Midwest,56-70,Commercial,HCP100010,MOUN
PT200035,2025-11-03,Texas,South,56-70,Commercial,HCP100239,MOUN
PT200036,2024-12-09,Florida,South,41-55,Commercial,HCP100223,OZEM
PT200037,2025-03-17,California,West,56-70,Commercial,HCP100282,TRUL
PT200038,2025-08-18,California,West,41-55,Medicaid,HCP100207,TRUL
PT200039,2025-01-06,California,West,71+,Medicare,HCP100282,MOUN
PT200040,2025-08-04,Florida,South,71+,Medicare,HCP100243,MOUN
PT200041,2025-01-13,Florida,South,41-55,Commercial,HCP100275,TRUL
PT200042,2026-01-26,Texas,South,56-70,Medicaid,HCP100067,MOUN
PT200043,2025-01-20,Georgia,South,41-55,Commercial,HCP100126,OZEM
PT200044,2025-07-28,Florida,South,56-70,Medicaid,HCP100246,MOUN
PT200045,2025-04-28,California,West,56-70,Commercial,HCP100000,OZEM
PT200046,2025-06-23,California,West,41-55,Medicaid,HCP100267,MOUN
PT200047,2025-11-17,Georgia,South,71+,Medicaid,HCP100050,RYBL
PT200048,2025-11-17,Georgia,South,41-55,Commercial,HCP100055,RYBL
PT200049,2025-07-28,Texas,South,56-70,Commercial,HCP100041,OZEM
PT200050,2024-09-16,Nevada,West,56-70,Medicaid,HCP100198,OZEM
PT200051,2025-01-13,New York,Northeast,56-70,Commercial,HCP100286,TRUL
PT200052,2026-01-19,Texas,South,71+,Medicare,HCP100293,RYBL
PT200053,2025-12-22,Texas,South,41-55,Commercial,HCP100279,OZEM
PT200054,2025-04-21,Texas,South,56-70,Medicaid,HCP100054,TRUL
PT200055,2025-06-02,Texas,South,18-40,Commercial,HCP100199,TRUL
PT200056,2025-11-17,California,West,41-55,Medicare,HCP100155,MOUN
PT200057,2025-06-23,Michigan,Midwest,71+,Medicare,HCP100272,TRUL
PT200058,2025-01-06,California,West,56-70,Medicaid,HCP100249,TRUL
PT200059,2026-02-09,Texas,South,71+,Medicare,HCP100256,OZEM
PT200060,2025-11-03,Florida,South,56-70,Commercial,HCP100152,MOUN
PT200061,2025-05-19,New York,Northeast,41-55,Medicare,HCP100289,MOUN
PT200062,2024-09-09,Florida,South,71+,Medicare,HCP100119,MOUN
PT200063,2025-03-31,Nevada,West,56-70,Commercial,HCP100184,OZEM
PT200064,2024-11-04,Illinois,Midwest,41-55,Medicare,HCP100182,RYBL
PT200065,2025-02-24,Texas,South,71+,Medicaid,HCP100103,RYBL
PT200066,2025-12-15,Georgia,South,56-70,Medicaid,HCP100055,MOUN
PT200067,2024-12-02,Florida,South,41-55,Commercial,HCP100172,RYBL
PT200068,2025-05-19,Florida,South,41-55,Medicare,HCP100275,TRUL
PT200069,2026-03-02,Georgia,South,56-70,Medicaid,HCP100008,MOUN
PT200070,2026-01-26,Georgia,South,71+,Medicare,HCP100135,TRUL
PT200071,2025-09-22,California,West,71+,Medicare,HCP100145,MOUN
PT200072,2025-04-14,Texas,South,18-40,Medicaid,HCP100235,TRUL
PT200073,2025-09-08,Florida,South,56-70,Commercial,HCP100049,MOUN
PT200074,2025-12-22,Florida,South,41-55,Commercial,HCP100172,MOUN
PT200075,2025-09-08,Texas,South,56-70,Commercial,HCP100151,OZEM
PT200076,2024-12-30,Texas,South,56-70,Commercial,HCP100224,OZEM
PT200077,2025-02-24,California,West,56-70,Commercial,HCP100245,MOUN
PT200078,2025-07-14,New York,Northeast,56-70,Medicare,HCP100048,MOUN
PT200079,2025-08-18,California,West,41-55,Commercial,HCP100267,TRUL
PT200080,2025-12-29,Michigan,Midwest,71+,Medicare,HCP100130,MOUN
PT200081,2024-10-14,Florida,South,41-55,Commercial,HCP100070,MOUN
PT200082,2026-02-02,California,West,56-70,Commercial,HCP100019,MOUN
PT200083,2026-02-09,Nevada,West,56-70,Commercial,HCP100114,MOUN
PT200084,2025-02-17,Texas,South,56-70,Commercial,HCP100071,OZEM
PT200085,2025-01-13,Illinois,Midwest,41-55,Medicare,HCP100127,OZEM
PT200086,2025-09-15,Texas,South,41-55,Medicaid,HCP100171,OZEM
PT200087,2026-02-23,Nevada,West,18-40,Medicare,HCP100080,RYBL
PT200088,2026-01-12,New York,Northeast,56-70,Commercial,HCP100280,MOUN
PT200089,2025-10-13,Florida,South,41-55,Commercial,HCP100020,OZEM
PT200090,2025-10-20,Texas,South,41-55,Commercial,HCP100151,OZEM
PT200091,2025-06-30,Texas,South,56-70,Commercial,HCP100220,TRUL
PT200092,2025-06-16,Texas,South,71+,Medicare,HCP100278,OZEM
PT200093,2025-07-21,Texas,South,56-70,Commercial,HCP100213,MOUN
PT200094,2024-10-21,Illinois,Midwest,56-70,Medicare,HCP100232,TRUL
PT200095,2025-08-11,California,West,56-70,Commercial,HCP100066,TRUL
PT200096,2024-10-14,New York,Northeast,41-55,Medicare,HCP100237,TRUL
PT200097,2025-02-24,Texas,South,41-55,Commercial,HCP100067,MOUN
PT200098,2025-12-29,Florida,South,56-70,Medicaid,HCP100160,OZEM
PT200099,2025-08-11,Texas,South,18-40,Medicaid,HCP100143,MOUN
PT200100,2026-01-26,California,West,41-55,Commercial,HCP100162,OZEM
PT200101,2025-06-23,Florida,South,56-70,Medicare,HCP100119,OZEM
PT200102,2026-01-12,California,West,18-40,Commercial,HCP100145,MOUN
PT200103,2025-12-15,Texas,South,56-70,Medicaid,HCP100034,OZEM
PT200104,2024-12-30,Ohio,Midwest,56-70,Commercial,HCP100257,MOUN
PT200105,2024-09-09,California,West,56-70,Commercial,HCP100210,OZEM
PT200106,2024-11-11,California,West,71+,Medicare,HCP100153,MOUN
PT200107,2025-05-19,Georgia,South,41-55,Medicaid,HCP100194,OZEM
PT200108,2025-09-01,Ohio,Midwest,56-70,Commercial,HCP100089,TRUL
PT200109,2025-10-27,California,West,56-70,Medicare,HCP100277,OZEM
PT200110,2026-03-16,California,West,18-40,Commercial,HCP100265,TRUL
PT200111,2024-11-11,Michigan,Midwest,71+,Medicare,HCP100183,TRUL
PT200112,2025-05-19,Texas,South,71+,Medicare,HCP100025,TRUL
PT200113,2024-10-14,Florida,South,56-70,Commercial,HCP100295,MOUN
PT200114,2025-07-07,Texas,South,71+,Medicare,HCP100103,OZEM
PT200115,2025-04-14,California,West,71+,Medicare,HCP100078,OZEM
PT200116,2025-02-24,Ohio,Midwest,56-70,Commercial,HCP100217,RYBL
PT200117,2026-02-09,Illinois,Midwest,56-70,Commercial,HCP100107,TRUL
PT200118,2026-02-09,Georgia,South,56-70,Medicaid,HCP100001,MOUN
PT200119,2025-04-14,Texas,South,71+,Medicare,HCP100067,TRUL
PT200120,2024-09-23,Florida,South,41-55,Commercial,HCP100228,MOUN
PT200121,2025-06-23,Nevada,West,41-55,Commercial,HCP100184,OZEM
PT200122,2025-12-22,New York,Northeast,41-55,Medicaid,HCP100132,OZEM
PT200123,2025-12-15,California,West,41-55,Commercial,HCP100165,MOUN
PT200124,2025-04-28,Illinois,Midwest,56-70,Commercial,HCP100182,TRUL
PT200125,2025-09-22,Florida,South,71+,Medicare,HCP100243,TRUL
PT200126,2026-02-16,Michigan,Midwest,56-70,Medicaid,HCP100010,OZEM
PT200127,2024-12-23,Florida,South,41-55,Medicaid,HCP100099,OZEM
PT200128,2024-11-25,California,West,56-70,Commercial,HCP100155,MOUN
PT200129,2024-09-02,Nevada,West,41-55,Commercial,HCP100216,TRUL
PT200130,2024-12-16,California,West,18-40,Commercial,HCP100125,TRUL
PT200131,2025-10-20,Illinois,Midwest,71+,Medicare,HCP100232,MOUN
PT200132,2024-10-21,California,West,56-70,Commercial,HCP100276,TRUL
PT200133,2025-07-28,Ohio,Midwest,56-70,Commercial,HCP100150,TRUL
PT200134,2025-11-17,Florida,South,41-55,Commercial,HCP100234,OZEM
PT200135,2025-03-10,New York,Northeast,41-55,Commercial,HCP100286,MOUN
PT200136,2024-10-14,Georgia,South,41-55,Medicaid,HCP100081,MOUN
PT200137,2025-08-25,Florida,South,18-40,Medicaid,HCP100243,RYBL
PT200138,2026-03-09,California,West,56-70,Commercial,HCP100281,MOUN
PT200139,2025-08-25,Ohio,Midwest,56-70,Commercial,HCP100285,MOUN
PT200140,2025-04-28,California,West,41-55,Medicare,HCP100248,MOUN
PT200141,2024-12-30,Texas,South,71+,Medicare,HCP100225,TRUL
PT200142,2026-01-19,Nevada,West,41-55,Commercial,HCP100114,OZEM
PT200143,2024-10-14,California,West,56-70,Commercial,HCP100210,TRUL
PT200144,2025-10-13,Florida,South,56-70,Commercial,HCP100246,OZEM
PT200145,2025-12-22,Texas,South,56-70,Commercial,HCP100293,MOUN
PT200146,2026-02-09,Nevada,West,71+,Medicare,HCP100042,OZEM
PT200147,2025-08-11,Texas,South,56-70,Commercial,HCP100169,MOUN
PT200148,2025-03-03,New York,Northeast,56-70,Commercial,HCP100204,MOUN
PT200149,2025-09-08,Florida,South,56-70,Commercial,HCP100070,TRUL
PT200150,2024-09-16,Florida,South,41-55,Commercial,HCP100228,MOUN
PT200151,2025-02-03,California,West,56-70,Medicaid,HCP100125,RYBL
PT200152,2024-10-28,California,West,56-70,Commercial,HCP100167,OZEM
PT200153,2025-02-10,Illinois,Midwest,18-40,Commercial,HCP100232,OZEM
PT200154,2025-12-08,Texas,South,41-55,Medicare,HCP100111,MOUN
PT200155,2026-01-05,California,West,41-55,Commercial,HCP100281,RYBL
PT200156,2024-09-23,New York,Northeast,18-40,Commercial,HCP100013,OZEM
PT200157,2025-02-10,Nevada,West,41-55,Commercial,HCP100198,TRUL
PT200158,2025-07-07,Florida,South,71+,Medicare,HCP100140,RYBL
PT200159,2025-09-15,Illinois,Midwest,56-70,Medicaid,HCP100127,MOUN
PT200160,2025-05-12,Texas,South,41-55,Commercial,HCP100235,OZEM
PT200161,2025-08-18,California,West,41-55,Medicare,HCP100267,OZEM
PT200162,2025-06-02,Florida,South,18-40,Commercial,HCP100191,MOUN
PT200163,2026-02-16,New York,Northeast,71+,Medicare,HCP100093,MOUN
PT200164,2024-12-02,Illinois,Midwest,41-55,Medicaid,HCP100232,RYBL
PT200165,2025-05-12,Texas,South,71+,Medicare,HCP100151,TRUL
PT200166,2025-02-17,New York,Northeast,18-40,Commercial,HCP100294,OZEM
PT200167,2025-03-31,Texas,South,41-55,Commercial,HCP100213,RYBL
PT200168,2024-12-09,Florida,South,41-55,Medicare,HCP100020,OZEM
PT200169,2026-03-02,Florida,South,41-55,Medicaid,HCP100275,TRUL
PT200170,2025-08-18,Illinois,Midwest,18-40,Medicaid,HCP100100,OZEM
PT200171,2025-01-06,California,West,71+,Medicare,HCP100214,OZEM
PT200172,2025-04-28,California,West,41-55,Commercial,HCP100142,TRUL
PT200173,2025-11-24,Michigan,Midwest,56-70,Commercial,HCP100166,MOUN
PT200174,2025-01-27,California,West,56-70,Commercial,HCP100118,MOUN
PT200175,2024-12-02,California,West,56-70,Commercial,HCP100231,OZEM
PT200176,2025-04-07,Illinois,Midwest,56-70,Commercial,HCP100182,MOUN
PT200177,2024-10-07,California,West,71+,Medicare,HCP100083,MOUN
PT200178,2025-01-13,California,West,41-55,Commercial,HCP100251,MOUN
PT200179,2025-08-25,Texas,South,56-70,Commercial,HCP100009,OZEM
PT200180,2025-04-21,Illinois,Midwest,56-70,Medicaid,HCP100127,OZEM
PT200181,2025-05-26,Texas,South,56-70,Commercial,HCP100143,TRUL
PT200182,2025-01-06,Michigan,Midwest,56-70,Commercial,HCP100183,MOUN
PT200183,2025-09-01,Illinois,Midwest,18-40,Commercial,HCP100015,OZEM
PT200184,2025-12-22,California,West,56-70,Medicaid,HCP100281,OZEM
PT200185,2025-05-19,California,West,56-70,Medicaid,HCP100078,RYBL
PT200186,2026-02-23,Texas,South,71+,Medicare,HCP100024,RYBL
PT200187,2025-07-14,Michigan,Midwest,56-70,Commercial,HCP100241,OZEM
PT200188,2025-12-01,Florida,South,18-40,Commercial,HCP100082,OZEM
PT200189,2024-12-30,California,West,56-70,Medicaid,HCP100282,MOUN
PT200190,2025-08-25,Michigan,Midwest,41-55,Commercial,HCP100242,MOUN
PT200191,2025-04-21,California,West,41-55,Commercial,HCP100084,TRUL
PT200192,2025-03-31,Florida,South,71+,Medicare,HCP100195,TRUL
PT200193,2026-01-19,California,West,18-40,Commercial,HCP100105,TRUL
PT200194,2025-10-13,Georgia,South,71+,Medicare,HCP100126,MOUN
PT200195,2025-12-22,Texas,South,56-70,Commercial,HCP100293,MOUN
PT200196,2025-03-24,Texas,South,41-55,Medicare,HCP100235,MOUN
PT200197,2025-10-13,Illinois,Midwest,56-70,Commercial,HCP100178,RYBL
PT200198,2025-11-03,Michigan,Midwest,41-55,Medicaid,HCP100173,OZEM
PT200199,2025-06-30,Texas,South,41-55,Medicare,HCP100274,MOUN
PT200200,2025-01-06,Texas,South,41-55,Commercial,HCP100279,OZEM
PT200201,2025-11-17,New York,Northeast,41-55,Commercial,HCP100104,OZEM
PT200202,2025-09-15,Texas,South,56-70,Commercial,HCP100003,OZEM
PT200203,2025-09-01,Florida,South,56-70,Medicare,HCP100172,MOUN
PT200204,2025-01-27,Texas,South,41-55,Commercial,HCP100199,TRUL
PT200205,2025-09-29,Nevada,West,56-70,Commercial,HCP100018,TRUL
PT200206,2024-09-30,Florida,South,56-70,Commercial,HCP100119,MOUN
PT200207,2026-01-12,California,West,56-70,Medicare,HCP100276,MOUN
PT200208,2025-05-26,Illinois,Midwest,56-70,Medicaid,HCP100137,MOUN
PT200209,2025-09-08,Florida,South,56-70,Medicare,HCP100119,MOUN
PT200210,2024-12-23,Texas,South,41-55,Medicaid,HCP100161,TRUL
PT200211,2024-10-14,Florida,South,41-55,Commercial,HCP100027,MOUN
PT200212,2025-06-16,California,West,56-70,Medicare,HCP100113,OZEM
PT200213,2025-09-22,Michigan,Midwest,41-55,Medicaid,HCP100073,OZEM
PT200214,2025-12-01,California,West,71+,Medicare,HCP100078,TRUL
PT200215,2024-11-04,California,West,41-55,Medicare,HCP100251,OZEM
PT200216,2026-03-02,California,West,41-55,Commercial,HCP100098,RYBL
PT200217,2024-12-16,California,West,41-55,Commercial,HCP100281,TRUL
PT200218,2024-12-16,New York,Northeast,56-70,Commercial,HCP100186,RYBL
PT200219,2026-02-02,California,West,41-55,Commercial,HCP100118,TRUL
PT200220,2025-12-22,California,West,71+,Medicare,HCP100047,OZEM
PT200221,2024-12-02,New York,Northeast,71+,Medicare,HCP100159,MOUN
PT200222,2024-09-09,Michigan,Midwest,56-70,Commercial,HCP100173,OZEM
PT200223,2024-09-02,Texas,South,18-40,Commercial,HCP100147,MOUN
PT200224,2025-02-03,Texas,South,41-55,Commercial,HCP100224,MOUN
PT200225,2025-09-08,Georgia,South,41-55,Medicaid,HCP100022,TRUL
PT200226,2025-02-24,New York,Northeast,71+,Medicare,HCP100131,MOUN
PT200227,2025-07-07,California,West,18-40,Medicaid,HCP100026,OZEM
PT200228,2025-08-18,California,West,41-55,Commercial,HCP100148,OZEM
PT200229,2025-09-08,California,West,41-55,Medicaid,HCP100134,RYBL
PT200230,2024-11-25,Nevada,West,56-70,Commercial,HCP100149,OZEM
PT200231,2025-02-03,Texas,South,41-55,Medicaid,HCP100052,OZEM
PT200232,2024-09-16,Texas,South,56-70,Medicaid,HCP100236,OZEM
PT200233,2025-06-02,Texas,South,18-40,Commercial,HCP100004,RYBL
PT200234,2025-11-03,Texas,South,56-70,Medicaid,HCP100052,TRUL
PT200235,2024-09-16,Florida,South,56-70,Medicare,HCP100152,MOUN
PT200236,2025-11-03,Texas,South,41-55,Commercial,HCP100025,MOUN
PT200237,2025-11-17,Illinois,Midwest,18-40,Medicaid,HCP100015,OZEM
PT200238,2025-12-22,Texas,South,56-70,Commercial,HCP100069,OZEM
PT200239,2025-05-05,Florida,South,71+,Medicare,HCP100243,OZEM
PT200240,2024-09-02,Texas,South,41-55,Medicaid,HCP100213,TRUL
PT200241,2025-09-29,Michigan,Midwest,41-55,Commercial,HCP100287,RYBL
PT200242,2024-09-16,New York,Northeast,71+,Medicare,HCP100156,TRUL
PT200243,2025-08-04,Ohio,Midwest,41-55,Medicaid,HCP100121,MOUN
PT200244,2025-10-20,California,West,71+,Medicare,HCP100044,MOUN
PT200245,2025-09-01,Texas,South,18-40,Commercial,HCP100067,MOUN
PT200246,2025-07-21,Illinois,Midwest,41-55,Commercial,HCP100268,TRUL
PT200247,2025-07-07,Nevada,West,71+,Medicare,HCP100184,TRUL
PT200248,2025-11-10,Illinois,Midwest,41-55,Medicaid,HCP100100,OZEM
PT200249,2024-12-30,Illinois,Midwest,56-70,Commercial,HCP100182,MOUN
PT200250,2024-09-02,Ohio,Midwest,41-55,Commercial,HCP100217,OZEM
PT200251,2025-08-25,Michigan,Midwest,41-55,Commercial,HCP100241,MOUN
PT200252,2024-11-18,Texas,South,56-70,Commercial,HCP100122,OZEM
PT200253,2025-09-29,California,West,56-70,Medicare,HCP100270,MOUN
PT200254,2025-05-05,New York,Northeast,41-55,Commercial,HCP100139,RYBL
PT200255,2025-03-03,Texas,South,41-55,Medicaid,HCP100009,MOUN
PT200256,2026-02-02,New York,Northeast,18-40,Commercial,HCP100048,OZEM
PT200257,2024-09-30,Texas,South,41-55,Commercial,HCP100256,MOUN
PT200258,2025-11-10,California,West,41-55,Commercial,HCP100277,MOUN
PT200259,2025-02-03,California,West,18-40,Commercial,HCP100207,MOUN
PT200260,2025-09-15,Ohio,Midwest,56-70,Commercial,HCP100284,MOUN
PT200261,2025-09-22,Illinois,Midwest,71+,Medicare,HCP100015,OZEM
PT200262,2025-09-29,Texas,South,18-40,Commercial,HCP100079,OZEM
PT200263,2025-01-27,California,West,56-70,Commercial,HCP100267,TRUL
PT200264,2026-02-23,Michigan,Midwest,41-55,Commercial,HCP100144,MOUN
PT200265,2025-09-01,California,West,18-40,Commercial,HCP100007,MOUN
PT200266,2025-06-23,Texas,South,56-70,Commercial,HCP100067,MOUN
PT200267,2025-04-07,Florida,South,41-55,Commercial,HCP100191,OZEM
PT200268,2025-06-09,Ohio,Midwest,41-55,Commercial,HCP100089,TRUL
PT200269,2025-06-23,Florida,South,56-70,Commercial,HCP100014,TRUL
PT200270,2025-08-11,California,West,41-55,Medicaid,HCP100083,RYBL
PT200271,2025-04-14,California,West,41-55,Commercial,HCP100270,MOUN
PT200272,2026-02-16,New York,Northeast,41-55,Commercial,HCP100299,MOUN
PT200273,2025-12-29,Georgia,South,56-70,Commercial,HCP100050,TRUL
PT200274,2025-04-28,Florida,South,56-70,Commercial,HCP100062,OZEM
PT200275,2025-01-20,Florida,South,18-40,Commercial,HCP100088,MOUN
PT200276,2025-03-03,Texas,South,71+,Medicare,HCP100067,TRUL
PT200277,2026-01-12,California,West,41-55,Commercial,HCP100270,OZEM
PT200278,2024-12-09,Georgia,South,71+,Medicare,HCP100188,MOUN
PT200279,2024-09-30,California,West,56-70,Commercial,HCP100230,OZEM
PT200280,2026-01-05,Illinois,Midwest,41-55,Commercial,HCP100268,OZEM
PT200281,2025-03-03,California,West,71+,Medicare,HCP100058,RYBL
PT200282,2025-04-07,Georgia,South,41-55,Medicaid,HCP100254,MOUN
PT200283,2024-12-09,California,West,71+,Medicare,HCP100076,RYBL
PT200284,2025-01-20,Georgia,South,71+,Medicare,HCP100135,MOUN
PT200285,2024-12-09,Georgia,South,41-55,Commercial,HCP100194,OZEM
PT200286,2024-11-18,Michigan,Midwest,71+,Medicare,HCP100144,MOUN
PT200287,2025-11-17,Texas,South,18-40,Medicaid,HCP100067,MOUN
PT200288,2026-02-09,Florida,South,56-70,Commercial,HCP100172,OZEM
PT200289,2025-12-29,New York,Northeast,18-40,Medicaid,HCP100163,MOUN
PT200290,2026-03-16,Texas,South,41-55,Commercial,HCP100164,MOUN
PT200291,2025-02-17,California,West,56-70,Commercial,HCP100134,OZEM
PT200292,2024-10-14,New York,Northeast,18-40,Medicaid,HCP100294,TRUL
PT200293,2025-09-08,Florida,South,71+,Medicaid,HCP100056,MOUN
PT200294,2025-07-14,Ohio,Midwest,41-55,Medicare,HCP100284,RYBL
PT200295,2025-12-15,New York,Northeast,41-55,Medicaid,HCP100240,TRUL
PT200296,2025-12-15,California,West,41-55,Commercial,HCP100145,OZEM
PT200297,2025-07-07,California,West,41-55,Commercial,HCP100249,TRUL
PT200298,2025-12-29,Illinois,Midwest,18-40,Medicare,HCP100232,TRUL
PT200299,2025-10-13,New York,Northeast,56-70,Medicaid,HCP100286,MOUN
PT200300,2025-09-08,Georgia,South,56-70,Commercial,HCP100135,MOUN
PT200301,2026-02-09,New York,Northeast,56-70,Commercial,HCP100131,RYBL
PT200302,2025-01-13,Florida,South,41-55,Commercial,HCP100228,TRUL
PT200303,2024-09-02,California,West,71+,Medicare,HCP100252,TRUL
PT200304,2024-09-30,Florida,South,56-70,Medicaid,HCP100259,OZEM
PT200305,2025-06-30,Nevada,West,56-70,Commercial,HCP100198,RYBL
PT200306,2026-01-26,Nevada,West,56-70,Medicaid,HCP100080,TRUL
PT200307,2025-12-15,New York,Northeast,56-70,Commercial,HCP100159,MOUN
PT200308,2026-01-05,California,West,41-55,Medicaid,HCP100207,OZEM
PT200309,2025-07-07,New York,Northeast,56-70,Commercial,HCP100280,RYBL
PT200310,2026-01-12,Texas,South,18-40,Medicare,HCP100111,MOUN
PT200311,2025-05-12,Illinois,Midwest,56-70,Commercial,HCP100268,MOUN
PT200312,2025-09-08,California,West,56-70,Commercial,HCP100098,MOUN
PT200313,2025-03-10,California,West,18-40,Commercial,HCP100214,RYBL
PT200314,2025-03-31,New York,Northeast,41-55,Commercial,HCP100286,OZEM
PT200315,2026-02-16,Texas,South,56-70,Medicare,HCP100122,OZEM
PT200316,2025-08-11,Georgia,South,18-40,Commercial,HCP100110,MOUN
PT200317,2024-11-04,California,West,56-70,Commercial,HCP100210,OZEM
PT200318,2026-01-05,New York,Northeast,41-55,Medicaid,HCP100131,RYBL
PT200319,2025-06-16,Florida,South,71+,Medicare,HCP100191,TRUL
PT200320,2025-04-28,Michigan,Midwest,71+,Medicare,HCP100092,TRUL
PT200321,2025-07-07,California,West,56-70,Commercial,HCP100007,MOUN
PT200322,2025-05-05,Florida,South,41-55,Medicaid,HCP100099,RYBL
PT200323,2025-04-21,New York,Northeast,71+,Medicaid,HCP100283,OZEM
PT200324,2025-07-14,Georgia,South,41-55,Commercial,HCP100075,MOUN
PT200325,2025-12-01,Nevada,West,56-70,Medicaid,HCP100080,RYBL
PT200326,2026-02-09,Ohio,Midwest,56-70,Commercial,HCP100217,MOUN
PT200327,2025-09-29,Georgia,South,56-70,Commercial,HCP100110,MOUN
PT200328,2025-08-11,Georgia,South,18-40,Commercial,HCP100075,TRUL
PT200329,2024-09-16,Georgia,South,41-55,Commercial,HCP100135,TRUL
PT200330,2025-12-29,Michigan,Midwest,41-55,Medicare,HCP100272,OZEM
PT200331,2026-02-23,New York,Northeast,56-70,Commercial,HCP100048,TRUL
PT200332,2025-05-26,New York,Northeast,41-55,Commercial,HCP100294,MOUN
PT200333,2025-03-17,Ohio,Midwest,41-55,Commercial,HCP100257,MOUN
PT200334,2025-03-03,Texas,South,18-40,Medicaid,HCP100141,TRUL
PT200335,2025-06-16,Michigan,Midwest,56-70,Medicaid,HCP100010,MOUN
PT200336,2026-03-02,Illinois,Midwest,56-70,Commercial,HCP100182,MOUN
PT200337,2025-07-14,California,West,18-40,Commercial,HCP100276,MOUN
PT200338,2025-01-20,Texas,South,56-70,Commercial,HCP100293,MOUN
PT200339,2025-10-13,New York,Northeast,41-55,Commercial,HCP100131,MOUN
PT200340,2025-02-17,Texas,South,56-70,Commercial,HCP100109,OZEM
PT200341,2024-12-09,Texas,South,71+,Medicare,HCP100151,TRUL
PT200342,2024-12-09,Michigan,Midwest,71+,Medicare,HCP100227,OZEM
PT200343,2024-11-25,Michigan,Midwest,56-70,Commercial,HCP100287,RYBL
PT200344,2026-03-09,Ohio,Midwest,41-55,Commercial,HCP100097,TRUL
PT200345,2024-09-30,California,West,56-70,Commercial,HCP100158,TRUL
PT200346,2025-02-10,Florida,South,56-70,Commercial,HCP100152,OZEM
PT200347,2024-09-23,Ohio,Midwest,71+,Medicare,HCP100229,OZEM
PT200348,2024-09-09,Illinois,Midwest,71+,Medicare,HCP100176,OZEM
PT200349,2026-01-12,Texas,South,56-70,Medicaid,HCP100009,OZEM
PT200350,2025-04-07,Florida,South,18-40,Commercial,HCP100211,MOUN
PT200351,2025-03-24,Texas,South,56-70,Commercial,HCP100103,MOUN
PT200352,2025-01-27,Michigan,Midwest,71+,Medicare,HCP100130,MOUN
PT200353,2025-01-06,California,West,56-70,Medicaid,HCP100282,MOUN
PT200354,2024-12-02,Florida,South,56-70,Commercial,HCP100234,TRUL
PT200355,2026-03-16,Illinois,Midwest,41-55,Medicaid,HCP100232,TRUL
PT200356,2025-02-24,Georgia,South,71+,Medicare,HCP100201,MOUN
PT200357,2025-11-24,New York,Northeast,71+,Medicare,HCP100286,TRUL
PT200358,2025-07-07,New York,Northeast,56-70,Commercial,HCP100237,MOUN
PT200359,2025-03-10,Ohio,Midwest,56-70,Commercial,HCP100284,MOUN
PT200360,2025-03-17,Georgia,South,56-70,Medicaid,HCP100050,OZEM
PT200361,2025-02-10,Illinois,Midwest,71+,Medicare,HCP100127,TRUL
PT200362,2025-06-30,Georgia,South,56-70,Commercial,HCP100135,MOUN
PT200363,2025-09-15,Texas,South,41-55,Commercial,HCP100274,TRUL
PT200364,2025-09-22,Florida,South,18-40,Commercial,HCP100046,OZEM
PT200365,2026-02-23,Nevada,West,71+,Medicaid,HCP100216,MOUN
PT200366,2024-10-21,California,West,41-55,Commercial,HCP100177,MOUN
PT200367,2025-11-17,Georgia,South,41-55,Commercial,HCP100050,MOUN
PT200368,2024-12-02,California,West,71+,Medicare,HCP100047,OZEM
PT200369,2025-11-10,Illinois,Midwest,41-55,Commercial,HCP100015,OZEM
PT200370,2025-12-15,Illinois,Midwest,18-40,Commercial,HCP100232,RYBL
PT200371,2025-03-31,California,West,56-70,Medicaid,HCP100125,MOUN
PT200372,2025-10-13,Texas,South,41-55,Commercial,HCP100061,OZEM
PT200373,2025-12-22,Texas,South,56-70,Commercial,HCP100002,OZEM
PT200374,2025-07-21,Texas,South,56-70,Commercial,HCP100179,MOUN
PT200375,2025-12-08,California,West,41-55,Commercial,HCP100145,MOUN
PT200376,2025-03-03,Michigan,Midwest,41-55,Commercial,HCP100144,OZEM
PT200377,2025-02-17,Texas,South,56-70,Commercial,HCP100002,TRUL
PT200378,2025-03-17,New York,Northeast,56-70,Commercial,HCP100132,TRUL
PT200379,2024-10-07,Texas,South,41-55,Commercial,HCP100002,OZEM
PT200380,2025-06-30,Nevada,West,56-70,Commercial,HCP100216,MOUN
PT200381,2024-12-23,Georgia,South,56-70,Commercial,HCP100095,TRUL
PT200382,2024-09-16,Florida,South,56-70,Commercial,HCP100226,MOUN
PT200383,2025-04-28,California,West,71+,Commercial,HCP100248,TRUL
PT200384,2025-09-08,Texas,South,56-70,Commercial,HCP100192,OZEM
PT200385,2024-10-14,Michigan,Midwest,71+,Medicare,HCP100227,OZEM
PT200386,2025-12-29,Texas,South,41-55,Medicare,HCP100192,MOUN
PT200387,2026-01-19,Nevada,West,41-55,Commercial,HCP100184,MOUN
PT200388,2024-12-16,Texas,South,56-70,Commercial,HCP100213,OZEM
PT200389,2025-02-10,Illinois,Midwest,41-55,Medicaid,HCP100232,OZEM
PT200390,2026-02-02,Michigan,Midwest,41-55,Commercial,HCP100272,RYBL
PT200391,2026-03-16,Illinois,Midwest,56-70,Commercial,HCP100137,MOUN
PT200392,2026-02-16,New York,Northeast,41-55,Commercial,HCP100286,MOUN
PT200393,2025-08-11,Ohio,Midwest,71+,Medicaid,HCP100271,OZEM
PT200394,2026-03-16,Texas,South,56-70,Medicare,HCP100239,TRUL
PT200395,2025-02-10,New York,Northeast,41-55,Commercial,HCP100237,RYBL
PT200396,2024-11-18,Texas,South,56-70,Commercial,HCP100067,OZEM
PT200397,2025-07-28,Ohio,Midwest,56-70,Commercial,HCP100209,TRUL
PT200398,2025-05-12,Texas,South,56-70,Commercial,HCP100199,MOUN
PT200399,2025-04-14,California,West,41-55,Commercial,HCP100276,OZEM
PT200400,2024-09-16,Illinois,Midwest,56-70,Medicaid,HCP100127,MOUN
PT200401,2024-11-11,California,West,41-55,Medicare,HCP100219,OZEM
PT200402,2024-12-30,Georgia,South,41-55,Medicaid,HCP100075,TRUL
PT200403,2025-12-01,Illinois,Midwest,71+,Medicare,HCP100182,RYBL
PT200404,2025-06-02,New York,Northeast,41-55,Medicare,HCP100299,TRUL
PT200405,2025-09-01,California,West,56-70,Commercial,HCP100078,TRUL
PT200406,2026-02-02,Florida,South,56-70,Medicare,HCP100221,OZEM
PT200407,2024-10-07,Nevada,West,18-40,Commercial,HCP100080,RYBL
PT200408,2024-10-28,Florida,South,56-70,Commercial,HCP100106,MOUN
PT200409,2025-10-20,Illinois,Midwest,18-40,Commercial,HCP100182,MOUN
PT200410,2025-04-14,California,West,41-55,Commercial,HCP100134,OZEM
PT200411,2025-07-28,Nevada,West,56-70,Commercial,HCP100080,TRUL
PT200412,2024-09-30,California,West,41-55,Medicaid,HCP100252,OZEM
PT200413,2026-03-02,California,West,41-55,Medicaid,HCP100265,TRUL
PT200414,2024-12-09,Texas,South,56-70,Commercial,HCP100041,MOUN
PT200415,2025-10-13,Michigan,Midwest,41-55,Commercial,HCP100242,MOUN
PT200416,2025-06-16,New York,Northeast,41-55,Commercial,HCP100186,MOUN
PT200417,2024-10-28,California,West,71+,Medicare,HCP100066,MOUN
PT200418,2025-03-17,new york,West,56-70,Medicare,HCP100219,TRUL
PT200419,2025-06-23,Texas,South,18-40,Medicaid,HCP100161,OZEM
PT200420,2025-05-05,New York,Northeast,18-40,Medicaid,HCP100255,MOUN
PT200421,2025-05-26,New York,Northeast,41-55,Medicaid,HCP100048,RYBL
PT200422,2025-05-19,Michigan,Midwest,41-55,Commercial,HCP100166,OZEM
PT200423,2025-04-28,Florida,South,56-70,Commercial,HCP100046,OZEM
PT200424,2025-08-11,Nevada,West,71+,Medicare,HCP100184,MOUN
PT200425,2025-11-10,California,West,41-55,Commercial,HCP100098,RYBL
PT200426,2025-02-10,Michigan,Midwest,71+,Medicare,HCP100092,TRUL
PT200427,2025-07-28,Texas,South,41-55,Medicare,HCP100054,OZEM
PT200428,2025-06-02,Texas,South,18-40,Medicaid,HCP100061,RYBL
PT200429,2025-12-01,California,West,41-55,Commercial,HCP100277,OZEM
PT200430,2025-09-29,Florida,South,41-55,Medicaid,HCP100191,MOUN
PT200431,2024-10-07,Florida,South,71+,Medicare,HCP100172,MOUN
PT200432,2025-03-24,California,West,18-40,Medicare,HCP100019,RYBL
PT200433,2024-09-09,Georgia,South,41-55,Commercial,HCP100120,MOUN
PT200434,2024-11-04,Nevada,West,56-70,Commercial,HCP100018,RYBL
PT200435,2025-03-17,Florida,South,18-40,Medicaid,HCP100223,OZEM
PT200436,2025-04-14,New York,Northeast,18-40,Commercial,HCP100156,OZEM
PT200437,2025-04-14,Ohio,Midwest,41-55,Medicaid,HCP100090,OZEM
PT200438,2026-03-16,Georgia,South,41-55,Commercial,HCP100094,MOUN
PT200439,2025-06-30,New York,Northeast,56-70,Commercial,HCP100159,OZEM
PT200440,2025-06-02,Georgia,South,56-70,Medicaid,HCP100120,OZEM
PT200441,2024-12-30,Texas,South,41-55,Commercial,HCP100290,TRUL
PT200442,2025-07-14,Nevada,West,41-55,Commercial,HCP100198,OZEM
PT200443,2025-06-02,Michigan,Midwest,56-70,Medicare,HCP100241,MOUN
PT200444,2025-11-10,Michigan,Midwest,18-40,Commercial,HCP100241,OZEM
PT200445,2025-12-15,Illinois,Midwest,41-55,Commercial,HCP100015,OZEM
PT200446,2024-11-11,Georgia,South,71+,Medicare,HCP100075,RYBL
PT200447,2025-08-18,Georgia,South,56-70,Medicare,HCP100112,OZEM
PT200448,2024-09-23,Florida,South,41-55,Commercial,HCP100096,OZEM
PT200449,2025-02-10,Texas,South,41-55,Medicaid,HCP100009,OZEM
PT200450,2025-06-09,Florida,South,56-70,Commercial,HCP100172,MOUN
PT200451,2025-02-10,Florida,South,41-55,Commercial,HCP100221,MOUN
PT200452,2024-10-14,California,West,18-40,Medicaid,HCP100165,OZEM
PT200453,2025-04-07,Florida,South,18-40,Commercial,HCP100106,MOUN
PT200454,2026-02-16,Florida,South,18-40,Commercial,HCP100269,MOUN
PT200455,2025-03-17,Texas,South,18-40,Commercial,HCP100141,OZEM
PT200456,2025-06-23,Georgia,South,56-70,Commercial,HCP100001,OZEM
PT200457,2026-03-09,Georgia,South,41-55,Medicaid,HCP100135,OZEM
PT200458,2025-11-10,Florida,South,71+,Medicare,HCP100070,TRUL
PT200459,2026-01-12,Georgia,South,56-70,Commercial,HCP100022,TRUL
PT200460,2025-07-28,California,West,71+,Medicaid,HCP100105,OZEM
PT200461,2026-01-26,Florida,South,56-70,Commercial,HCP100223,MOUN
PT200462,2025-06-23,Georgia,South,56-70,Commercial,HCP100254,OZEM
PT200463,2025-01-06,Illinois,Midwest,56-70,Medicare,HCP100178,TRUL
PT200464,2025-10-27,Texas,South,56-70,Commercial,HCP100054,OZEM
PT200465,2025-06-09,California,West,56-70,Commercial,HCP100247,OZEM
PT200466,2025-03-03,California,West,41-55,Medicaid,HCP100281,OZEM
PT200467,2026-03-16,California,West,56-70,Commercial,HCP100000,OZEM
PT200468,2024-12-09,California,West,56-70,Medicare,HCP100078,TRUL
PT200469,2025-12-08,New York,Northeast,56-70,Commercial,HCP100104,MOUN
PT200470,2025-12-01,California,West,71+,Medicare,HCP100177,MOUN
PT200471,2025-11-17,New York,Northeast,41-55,Medicaid,HCP100204,OZEM
PT200472,2025-10-20,California,West,18-40,Medicaid,HCP100282,OZEM
PT200473,2025-08-11,Texas,South,18-40,Medicaid,HCP100052,OZEM
PT200474,2025-01-13,California,West,56-70,Commercial,HCP100296,TRUL
PT200475,2025-04-21,Illinois,Midwest,71+,Commercial,HCP100127,MOUN
PT200476,2025-03-31,Texas,South,71+,Medicare,HCP100034,TRUL
PT200477,2024-09-02,Texas,South,18-40,Commercial,HCP100171,TRUL
PT200478,2025-01-20,Illinois,Midwest,18-40,Medicaid,HCP100268,OZEM
PT200479,2025-02-03,California,West,18-40,Commercial,HCP100219,MOUN
PT200480,2025-01-20,California,West,41-55,Medicaid,HCP100084,RYBL
PT200481,2025-11-17,Nevada,West,41-55,Commercial,HCP100042,MOUN
PT200482,2025-11-03,New York,Northeast,18-40,Commercial,HCP100294,MOUN
PT200483,2025-08-11,Nevada,West,41-55,Commercial,HCP100042,OZEM
PT200484,2025-06-16,California,West,56-70,Medicaid,HCP100023,RYBL
PT200485,2025-05-05,Florida,South,71+,Medicare,HCP100088,MOUN
PT200486,2025-06-23,New York,Northeast,56-70,Medicare,HCP100132,TRUL
PT200487,2024-12-16,California,West,41-55,Commercial,HCP100244,MOUN
PT200488,2026-03-02,Ohio,Midwest,41-55,Commercial,HCP100006,TRUL
PT200489,2025-08-04,New York,Northeast,56-70,Medicaid,HCP100048,MOUN
PT200490,2025-04-21,Nevada,West,56-70,Medicare,HCP100080,MOUN
PT200491,2024-10-14,New York,Northeast,41-55,Medicare,HCP100048,MOUN
PT200492,2025-01-27,New York,Northeast,71+,Medicare,HCP100299,TRUL
PT200493,2025-01-06,California,West,41-55,Medicare,HCP100115,MOUN
PT200494,2026-01-26,Georgia,South,41-55,Medicaid,HCP100254,MOUN
PT200495,2025-05-12,New York,Northeast,56-70,Commercial,HCP100299,MOUN
PT200496,2025-12-15,Ohio,Midwest,71+,Medicare,HCP100038,OZEM
PT200497,2025-01-13,Ohio,Midwest,41-55,Medicare,HCP100196,MOUN
PT200498,2025-11-10,California,West,56-70,Commercial,HCP100026,TRUL
PT200499,2025-02-17,Michigan,Midwest,71+,Medicaid,HCP100010,RYBL
PT200500,2025-11-10,Florida,South,56-70,Commercial,HCP100062,OZEM
PT200501,2025-02-03,Florida,South,56-70,Medicare,HCP100117,OZEM
PT200502,2024-09-16,Georgia,South,18-40,Commercial,HCP100050,OZEM
PT200503,2025-06-16,Michigan,Midwest,41-55,Commercial,HCP100183,MOUN
PT200504,2025-04-21,Ohio,Midwest,56-70,Commercial,HCP100196,MOUN
PT200505,2025-10-06,Florida,South,71+,Medicaid,HCP100223,TRUL
PT200506,2024-12-16,Nevada,West,41-55,Commercial,HCP100018,TRUL
PT200507,2024-12-02,Florida,South,56-70,Medicare,HCP100088,MOUN
PT200508,2025-06-23,Texas,South,41-55,Commercial,HCP100171,MOUN
PT200509,2025-09-29,New York,Northeast,41-55,Commercial,HCP100163,OZEM
PT200510,2026-02-16,Florida,South,56-70,Commercial,HCP100226,OZEM
PT200511,2025-03-31,California,West,41-55,Medicaid,HCP100023,RYBL
PT200512,2024-09-30,Georgia,South,56-70,Commercial,HCP100022,TRUL
PT200513,2025-09-01,New York,Northeast,41-55,Commercial,HCP100186,MOUN
PT200514,2025-08-18,Michigan,Midwest,71+,Medicare,HCP100258,MOUN
PT200515,2025-04-28,Texas,South,56-70,Commercial,HCP100034,MOUN
PT200516,2025-04-28,New York,Northeast,56-70,Commercial,HCP100131,OZEM
PT200517,2025-02-24,California,West,41-55,Commercial,HCP100155,TRUL
PT200518,2025-11-24,Illinois,Midwest,41-55,Commercial,HCP100232,MOUN
PT200519,2025-11-24,Georgia,South,18-40,Medicaid,HCP100120,TRUL
PT200520,2025-12-29,Texas,South,56-70,Commercial,HCP100122,TRUL
PT200521,2025-01-20,Michigan,Midwest,56-70,Commercial,HCP100073,MOUN
PT200522,2025-05-12,Illinois,Midwest,41-55,Medicaid,HCP100015,OZEM
PT200523,2025-04-28,Texas,South,56-70,Commercial,HCP100128,OZEM
PT200524,2026-01-26,Ohio,Midwest,41-55,Commercial,HCP100253,MOUN
PT200525,2024-10-28,California,West,56-70,Commercial,HCP100281,MOUN
PT200526,2025-11-24,Nevada,West,56-70,Medicaid,HCP100042,TRUL
PT200527,2024-09-23,Texas,South,18-40,Commercial,HCP100262,MOUN
PT200528,2026-02-23,Florida,South,56-70,Medicare,HCP100045,TRUL
PT200529,2025-05-05,Nevada,West,71+,Medicare,HCP100080,MOUN
PT200530,2024-10-14,Ohio,Midwest,41-55,Medicaid,HCP100292,TRUL
PT200531,2025-02-17,Michigan,Midwest,41-55,Commercial,HCP100183,OZEM
PT200532,2025-10-13,Texas,South,41-55,Medicare,HCP100057,OZEM
PT200533,2025-07-14,Nevada,West,41-55,Medicare,HCP100198,RYBL
PT200534,2026-01-19,New York,Northeast,41-55,Commercial,HCP100237,MOUN
PT200535,2025-11-03,Texas,South,56-70,Medicare,HCP100262,OZEM
PT200536,2025-08-18,New York,Northeast,56-70,Commercial,HCP100132,MOUN
PT200537,2025-03-31,Ohio,Midwest,56-70,Medicaid,HCP100089,MOUN
PT200538,2024-12-30,Ohio,Midwest,71+,Medicare,HCP100271,OZEM
PT200539,2025-03-17,Georgia,South,56-70,Medicare,HCP100055,OZEM
PT200540,2025-09-22,Michigan,Midwest,56-70,Commercial,HCP100077,RYBL
PT200541,2025-07-21,Texas,South,56-70,Medicaid,HCP100256,MOUN
PT200542,2024-10-21,Florida,South,41-55,Medicaid,HCP100096,OZEM
PT200543,2025-10-27,Illinois,Midwest,41-55,Commercial,HCP100268,RYBL
PT200544,2025-06-23,Texas,South,41-55,Medicaid,HCP100004,MOUN
PT200545,2025-08-25,Georgia,South,71+,Medicare,HCP100254,TRUL
PT200546,2025-05-26,Nevada,West,41-55,Medicaid,HCP100080,OZEM
PT200547,2025-06-23,California,West,56-70,Commercial,HCP100168,MOUN
PT200548,2025-09-22,Michigan,Midwest,71+,Medicare,HCP100035,RYBL
PT200549,2025-05-05,New York,Northeast,71+,Medicare,HCP100237,MOUN
PT200550,2025-06-09,Michigan,Midwest,71+,Medicaid,HCP100035,TRUL
PT200551,2024-09-30,Nevada,West,18-40,Commercial,HCP100042,TRUL
PT200552,2024-12-09,California,West,18-40,Commercial,HCP100187,TRUL
PT200553,2025-11-17,Michigan,Midwest,41-55,Commercial,HCP100272,MOUN
PT200554,2025-09-29,Georgia,South,56-70,Commercial,HCP100050,RYBL
PT200555,2025-04-28,California,West,56-70,Medicaid,HCP100281,MOUN
PT200556,2025-02-03,Illinois,Midwest,56-70,Commercial,HCP100015,TRUL
PT200557,2026-01-12,California,West,18-40,Commercial,HCP100207,OZEM
PT200558,2025-07-21,Nevada,West,56-70,Commercial,HCP100042,OZEM
PT200559,2024-09-23,Texas,South,41-55,Commercial,HCP100054,MOUN
PT200560,2026-02-23,Texas,South,71+,Medicare,HCP100157,OZEM
PT200561,2025-10-20,Florida,South,41-55,Commercial,HCP100246,MOUN
PT200562,2025-05-05,California,West,18-40,Commercial,HCP100165,MOUN
PT200563,2025-12-29,California,West,71+,Medicare,HCP100251,OZEM
PT200564,2025-05-12,Florida,South,71+,Medicare,HCP100082,OZEM
PT200565,2025-07-07,California,West,41-55,Medicaid,HCP100098,OZEM
PT200566,2024-11-18,Illinois,Midwest,56-70,Commercial,HCP100100,TRUL
PT200567,2025-10-06,Michigan,Midwest,18-40,Commercial,HCP100173,TRUL
PT200568,2025-05-05,Texas,South,41-55,Commercial,HCP100293,MOUN
PT200569,2025-04-28,Nevada,West,41-55,Commercial,HCP100198,MOUN
PT200570,2024-12-09,Georgia,South,56-70,Medicare,HCP100120,RYBL
PT200571,2026-01-19,California,West,56-70,Medicare,HCP100148,TRUL
PT200572,2025-06-02,California,West,41-55,Commercial,HCP100076,TRUL
PT200573,2024-12-16,Nevada,West,71+,Medicare,HCP100080,OZEM
PT200574,2025-07-14,California,West,41-55,Medicaid,HCP100267,OZEM
PT200575,2024-12-02,Nevada,West,56-70,Commercial,HCP100184,TRUL
PT200576,2025-05-05,Georgia,South,41-55,Medicare,HCP100095,TRUL
PT200577,2025-08-04,New York,Northeast,41-55,Commercial,HCP100204,OZEM
PT200578,2025-11-10,California,West,41-55,Commercial,HCP100297,OZEM
PT200579,2025-08-18,Michigan,Midwest,56-70,Commercial,HCP100241,MOUN
PT200580,2026-01-26,Ohio,Midwest,56-70,Commercial,HCP100121,TRUL
PT200581,2025-08-04,California,West,18-40,Medicaid,HCP100277,MOUN
PT200582,2024-11-04,California,West,41-55,Commercial,HCP100066,MOUN
PT200583,2025-03-31,California,West,41-55,Medicaid,HCP100047,OZEM
PT200584,2025-06-23,California,West,56-70,Commercial,HCP100026,TRUL
PT200585,2025-11-17,Illinois,Midwest,71+,Medicare,HCP100015,MOUN
PT200586,2025-05-05,Michigan,Midwest,18-40,Commercial,HCP100130,MOUN
PT200587,2024-11-18,Texas,South,56-70,Commercial,HCP100071,MOUN
PT200588,2026-02-02,Georgia,South,18-40,Commercial,HCP100201,MOUN
PT200589,2024-09-16,California,West,41-55,Commercial,HCP100207,MOUN
PT200590,2025-04-21,Florida,South,41-55,Commercial,HCP100152,TRUL
PT200591,2024-11-18,Michigan,Midwest,56-70,Commercial,HCP100035,MOUN
PT200592,2025-06-30,New York,Northeast,41-55,Commercial,HCP100048,MOUN
PT200593,2024-12-09,Michigan,Midwest,56-70,Medicare,HCP100166,MOUN
PT200594,2025-07-21,California,West,41-55,Commercial,HCP100175,TRUL
PT200595,2024-12-16,Texas,South,41-55,Medicare,HCP100189,TRUL
PT200596,2025-05-19,New York,Northeast,56-70,Medicare,HCP100186,MOUN
PT200597,2025-11-24,New York,Northeast,56-70,Commercial,HCP100204,MOUN
PT200598,2024-10-21,Florida,South,41-55,Commercial,HCP100228,OZEM
PT200599,2025-09-01,Florida,South,18-40,Commercial,HCP100246,OZEM
PT200600,2024-12-02,Texas,South,56-70,Medicare,HCP100079,TRUL
PT200601,2025-02-03,California,West,56-70,Medicare,HCP100115,OZEM
PT200602,2026-02-23,Florida,South,41-55,Commercial,HCP100085,OZEM
PT200603,2025-12-01,California,West,56-70,Medicaid,HCP100252,TRUL
PT200604,2024-09-16,California,West,71+,Medicare,HCP100091,RYBL
PT200605,2026-02-02,Florida,South,56-70,Commercial,HCP100106,MOUN
PT200606,2026-02-09,Georgia,South,41-55,Commercial,HCP100108,OZEM
PT200607,2024-09-23,California,West,56-70,Commercial,HCP100252,TRUL
PT200608,2026-01-12,Florida,South,56-70,Commercial,HCP100117,MOUN
PT200609,2025-06-09,Texas,South,41-55,Commercial,HCP100071,MOUN
PT200610,2024-11-04,New York,Northeast,41-55,Commercial,HCP100273,TRUL
PT200611,2024-12-09,California,West,56-70,Commercial,HCP100155,RYBL
PT200612,2025-09-22,Ohio,Midwest,41-55,Medicare,HCP100074,MOUN
PT200613,2025-12-15,California,West,71+,Medicare,HCP100167,MOUN
PT200614,2026-01-12,Michigan,Midwest,71+,Medicare,HCP100272,TRUL
PT200615,2024-09-09,New York,Northeast,18-40,Medicare,HCP100048,MOUN
PT200616,2025-05-12,Nevada,West,56-70,Commercial,HCP100042,TRUL
PT200617,2025-01-27,Texas,South,56-70,Commercial,HCP100002,OZEM
PT200618,2025-06-23,California,West,18-40,Commercial,HCP100026,RYBL
PT200619,2026-01-19,California,West,41-55,Commercial,HCP100276,TRUL
PT200620,2026-02-02,Nevada,West,18-40,Commercial,HCP100042,MOUN
PT200621,2025-03-24,California,West,56-70,Medicaid,HCP100244,OZEM
PT200622,2025-02-03,California,West,56-70,Commercial,HCP100113,OZEM
PT200623,2024-11-25,Texas,South,18-40,Commercial,HCP100067,MOUN
PT200624,2025-12-29,New York,Northeast,71+,Medicare,HCP100032,OZEM
PT200625,2025-09-29,Texas,South,71+,Medicare,HCP100061,MOUN
PT200626,2025-12-15,New York,Northeast,71+,Medicare,HCP100048,OZEM
PT200627,2025-10-27,New York,Northeast,18-40,Commercial,HCP100048,MOUN
PT200628,2026-03-02,Ohio,Midwest,56-70,Medicare,HCP100209,TRUL
PT200629,2025-12-15,California,West,71+,Medicare,HCP100030,MOUN
PT200630,2025-03-24,Michigan,Midwest,71+,Medicare,HCP100260,OZEM
PT200631,2024-12-30,New York,Northeast,56-70,Commercial,HCP100299,OZEM
PT200632,2025-06-02,Georgia,South,41-55,Commercial,HCP100194,MOUN
PT200633,2024-10-07,Texas,South,56-70,Medicaid,HCP100291,TRUL
PT200634,2025-09-01,Illinois,Midwest,56-70,Commercial,HCP100232,OZEM
PT200635,2025-01-13,Illinois,Midwest,41-55,Commercial,HCP100232,OZEM
PT200636,2024-10-14,Illinois,Midwest,18-40,Commercial,HCP100137,OZEM
PT200637,2026-02-09,Illinois,Midwest,41-55,Commercial,HCP100182,MOUN
PT200638,2025-08-18,California,West,56-70,Commercial,HCP100105,MOUN
PT200639,2025-09-15,New York,Northeast,71+,Medicare,HCP100132,MOUN
PT200640,2026-02-23,Illinois,Midwest,71+,Medicare,HCP100268,OZEM
PT200641,2025-08-04,Texas,South,71+,Medicare,HCP100274,OZEM
PT200642,2025-04-21,Michigan,Midwest,56-70,Commercial,HCP100065,MOUN
PT200643,2024-11-04,Michigan,Midwest,56-70,Commercial,HCP100010,MOUN
PT200644,2025-07-14,Texas,South,56-70,Commercial,HCP100236,OZEM
PT200645,2025-12-01,Florida,South,71+,Medicare,HCP100172,OZEM
PT200646,2024-10-28,California,West,41-55,Commercial,HCP100168,MOUN
PT200647,2026-02-02,Florida,South,56-70,Commercial,HCP100223,RYBL
PT200648,2025-02-17,California,West,56-70,Commercial,HCP100296,MOUN
PT200649,2024-09-02,California,West,18-40,Commercial,HCP100044,MOUN
PT200650,2024-10-21,Georgia,South,56-70,Commercial,HCP100110,OZEM
PT200651,2025-07-14,Florida,South,56-70,Commercial,HCP100045,MOUN
PT200652,2024-12-23,Michigan,Midwest,56-70,Commercial,HCP100258,MOUN
PT200653,2025-03-17,Texas,South,56-70,Commercial,HCP100103,TRUL
PT200654,2025-05-26,Illinois,Midwest,71+,Medicare,HCP100176,MOUN
PT200655,2025-07-14,California,West,56-70,Commercial,HCP100019,TRUL
PT200656,2024-12-16,California,West,41-55,Commercial,HCP100245,MOUN
PT200657,2025-09-22,New York,Northeast,56-70,Commercial,HCP100104,MOUN
PT200658,2026-02-02,Ohio,Midwest,71+,Medicare,HCP100006,OZEM
PT200659,2024-10-07,New York,Northeast,56-70,Medicare,HCP100048,TRUL
PT200660,2024-10-14,New York,Northeast,41-55,Commercial,HCP100131,OZEM
PT200661,2025-08-25,New York,Northeast,56-70,Commercial,HCP100205,TRUL
PT200662,2024-12-23,California,West,56-70,Commercial,HCP100098,OZEM
PT200663,2026-02-09,Florida,South,56-70,Medicaid,HCP100288,TRUL
PT200664,2025-02-03,Georgia,South,56-70,Medicaid,HCP100110,OZEM
PT200665,2025-08-04,Nevada,West,18-40,Commercial,HCP100042,MOUN
PT200666,2025-08-25,California,West,71+,Medicare,HCP100277,MOUN
PT200667,2025-06-16,New York,Northeast,56-70,Medicaid,HCP100132,MOUN
PT200668,2026-02-23,Florida,South,41-55,Commercial,HCP100082,MOUN
PT200669,2026-01-05,Florida,South,41-55,Medicaid,HCP100014,OZEM
PT200670,2025-10-27,Illinois,Midwest,41-55,Medicare,HCP100107,RYBL
PT200671,2025-11-10,Ohio,Midwest,41-55,Commercial,HCP100089,RYBL
PT200672,2024-12-09,California,West,56-70,Medicaid,HCP100134,TRUL
PT200673,2025-06-02,New York,Northeast,71+,Medicaid,HCP100132,RYBL
PT200674,2024-12-30,Texas,South,18-40,Commercial,HCP100169,OZEM
PT200675,2024-09-09,California,West,71+,Medicare,HCP100251,OZEM
PT200676,2025-01-13,New York,Northeast,41-55,Commercial,HCP100005,TRUL
PT200677,2025-04-28,New York,Northeast,56-70,Commercial,HCP100131,OZEM
PT200678,2025-06-16,Texas,South,56-70,Commercial,HCP100192,OZEM
PT200679,2025-05-19,Illinois,Midwest,71+,Medicare,HCP100100,MOUN
PT200680,2025-05-26,Ohio,Midwest,56-70,Medicaid,HCP100011,RYBL
PT200681,2025-12-01,California,West,18-40,Commercial,HCP100219,MOUN
PT200682,2025-02-03,Florida,South,41-55,Medicaid,HCP100191,OZEM
PT200683,2025-08-25,California,West,41-55,Commercial,HCP100165,MOUN
PT200684,2025-06-16,New York,Northeast,56-70,Medicare,HCP100072,MOUN
PT200685,2025-02-03,Michigan,Midwest,56-70,Commercial,HCP100173,TRUL
PT200686,2025-10-13,California,West,41-55,Commercial,HCP100230,TRUL
PT200687,2024-09-23,Ohio,Midwest,41-55,Medicare,HCP100038,OZEM
PT200688,2026-02-09,New York,Northeast,71+,Medicare,HCP100204,RYBL
PT200689,2025-02-10,Florida,South,41-55,Commercial,HCP100086,MOUN
PT200690,2024-11-11,Texas,South,71+,Commercial,HCP100009,TRUL
PT200691,2025-05-26,Florida,South,56-70,Medicare,HCP100223,OZEM
PT200692,2025-01-06,California,West,41-55,Commercial,HCP100207,RYBL
PT200693,2024-11-11,Ohio,Midwest,56-70,Commercial,HCP100174,RYBL
PT200694,2024-11-18,Illinois,Midwest,41-55,Commercial,HCP100232,RYBL
PT200695,2024-12-02,Ohio,Midwest,41-55,Commercial,HCP100090,TRUL
PT200696,2025-03-24,Florida,South,18-40,Commercial,HCP100060,TRUL
PT200697,2025-08-18,Illinois,Midwest,41-55,Commercial,HCP100232,OZEM
PT200698,2024-11-04,Illinois,Midwest,18-40,Medicaid,HCP100182,TRUL
PT200699,2024-09-23,Texas,South,56-70,Commercial,HCP100213,TRUL
PT200700,2024-10-21,Florida,South,56-70,Commercial,HCP100172,OZEM
PT200701,2024-09-30,California,West,18-40,Commercial,HCP100047,RYBL
PT200702,2025-10-13,Texas,South,56-70,Commercial,HCP100238,OZEM
PT200703,2025-05-12,Texas,South,71+,Medicare,HCP100103,TRUL
PT200704,2025-08-11,nevada ,West,56-70,Commercial,HCP100080,TRUL
PT200705,2025-10-13,California,West,56-70,Commercial,HCP100265,OZEM
PT200706,2026-03-09,New York,Northeast,56-70,Commercial,HCP100237,OZEM
PT200707,2024-09-30,Florida,South,71+,Medicare,HCP100195,TRUL
PT200708,2025-04-14,California,West,56-70,Medicaid,HCP100207,OZEM
PT200709,2025-09-29,Nevada,West,41-55,Commercial,HCP100184,MOUN
PT200710,2025-12-08,California,West,56-70,Commercial,HCP100044,OZEM
PT200711,2024-11-25,California,West,56-70,Medicare,HCP100044,TRUL
PT200712,2024-11-18,Texas,South,41-55,Medicaid,HCP100037,OZEM
PT200713,2025-10-06,Georgia,South,18-40,Commercial,HCP100201,MOUN
PT200714,2025-10-13,Texas,South,56-70,Commercial,HCP100051,OZEM
PT200715,2025-10-13,Georgia,South,18-40,Commercial,HCP100194,MOUN
PT200716,2024-10-07,Florida,South,56-70,Commercial,HCP100106,MOUN
PT200717,2025-05-26,New York,Northeast,41-55,Medicare,HCP100273,OZEM
PT200718,2025-03-24,Florida,South,71+,Medicare,HCP100087,TRUL
PT200719,2024-09-30,Florida,South,41-55,Medicaid,HCP100172,MOUN
PT200720,2025-11-24,Illinois,Midwest,71+,Commercial,HCP100100,MOUN
PT200721,2025-11-03,Michigan,Midwest,18-40,Commercial,HCP100035,TRUL
PT200722,2025-04-28,Texas,South,41-55,Medicaid,HCP100256,TRUL
PT200723,2024-12-09,California,West,56-70,Commercial,HCP100145,OZEM
PT200724,2024-09-23,California,West,41-55,Commercial,HCP100115,RYBL
PT200725,2025-03-10,California,West,41-55,Commercial,HCP100251,OZEM
PT200726,2025-09-01,Texas,South,18-40,Medicaid,HCP100199,TRUL
PT200727,2024-09-16,Texas,South,41-55,Commercial,HCP100225,OZEM
PT200728,2025-10-06,New York,Northeast,41-55,Medicare,HCP100132,MOUN
PT200729,2025-11-03,Michigan,Midwest,41-55,Commercial,HCP100130,MOUN
PT200730,2026-02-02,Texas,South,41-55,Commercial,HCP100274,RYBL
PT200731,2025-03-17,California,West,56-70,Medicaid,HCP100270,MOUN
PT200732,2026-02-09,Georgia,South,56-70,Medicaid,HCP100154,MOUN
PT200733,2025-02-17,New York,Northeast,18-40,Commercial,HCP100131,MOUN
PT200734,2026-01-12,Michigan,Midwest,41-55,Medicaid,HCP100272,MOUN
PT200735,2024-11-11,California,West,56-70,Commercial,HCP100007,OZEM
PT200736,2025-02-10,Texas,South,56-70,Commercial,HCP100057,MOUN
PT200737,2024-11-18,New York,Northeast,41-55,Medicare,HCP100005,OZEM
PT200738,2025-12-08,Michigan,Midwest,56-70,Commercial,HCP100258,RYBL
PT200739,2025-03-17,Georgia,South,41-55,Medicaid,HCP100075,OZEM
PT200740,2025-11-03,Illinois,Midwest,18-40,Commercial,HCP100268,OZEM
PT200741,2025-07-07,California,West,71+,Medicare,HCP100219,OZEM
PT200742,2025-02-10,Ohio,Midwest,71+,Medicaid,HCP100196,TRUL
PT200743,2025-12-08,Florida,South,41-55,Commercial,HCP100086,MOUN
PT200744,2025-03-03,New York,Northeast,56-70,Commercial,HCP100104,TRUL
PT200745,2025-07-28,Texas,South,71+,Medicare,HCP100189,OZEM
PT200746,2026-03-09,California,West,41-55,Medicaid,HCP100251,TRUL
PT200747,2025-03-17,New York,Northeast,56-70,Commercial,HCP100283,TRUL
PT200748,2024-10-14,New York,Northeast,56-70,Medicare,HCP100237,TRUL
PT200749,2024-11-04,California,West,56-70,Medicaid,HCP100219,RYBL
PT200750,2026-02-23,California,West,56-70,Medicaid,HCP100207,MOUN
PT200751,2025-04-21,Ohio,Midwest,56-70,Commercial,HCP100121,MOUN
PT200752,2025-08-18,Georgia,South,41-55,Commercial,HCP100135,MOUN
PT200753,2025-12-01,California,West,41-55,Medicaid,HCP100019,OZEM
PT200754,2025-04-21,Texas,South,56-70,Commercial,HCP100061,MOUN
PT200755,2025-11-17,Georgia,South,56-70,Medicaid,HCP100154,OZEM
PT200756,2025-09-08,California,West,56-70,Commercial,HCP100244,OZEM
PT200757,2025-10-13,California,West,41-55,Medicaid,HCP100044,RYBL
PT200758,2025-06-16,California,West,71+,Medicare,HCP100118,TRUL
PT200759,2025-10-27,Illinois,Midwest,71+,Medicare,HCP100268,OZEM
PT200760,2024-11-11,California,West,56-70,Commercial,HCP100083,TRUL
PT200761,2026-01-19,California,West,18-40,Commercial,HCP100145,OZEM
PT200762,2025-03-31,New York,Northeast,71+,Medicare,HCP100204,OZEM
PT200763,2025-09-29,California,West,56-70,Commercial,HCP100248,TRUL
PT200764,2024-10-14,California,West,56-70,Commercial,HCP100146,MOUN
PT200765,2025-06-02,California,West,41-55,Medicare,HCP100083,MOUN
PT200766,2026-02-02,Texas,South,71+,Medicare,HCP100220,MOUN
PT200767,2025-10-13,California,West,56-70,Medicaid,HCP100044,OZEM
PT200768,2025-04-21,Georgia,South,41-55,Commercial,HCP100120,OZEM
PT200769,2025-05-12,California,West,56-70,Medicaid,HCP100214,TRUL
PT200770,2024-11-18,California,West,41-55,Medicaid,HCP100105,MOUN
PT200771,2025-02-03,California,West,71+,Medicare,HCP100277,OZEM
PT200772,2024-09-02,California,West,18-40,Commercial,HCP100296,TRUL
PT200773,2025-03-03,Florida,South,41-55,Medicare,HCP100246,OZEM
PT200774,2025-09-01,New York,Northeast,41-55,Medicare,HCP100294,MOUN
PT200775,2024-12-09,Florida,South,18-40,Commercial,HCP100033,MOUN
PT200776,2025-07-21,California,West,56-70,Commercial,HCP100113,MOUN
PT200777,2025-08-18,Michigan,Midwest,56-70,Commercial,HCP100250,OZEM
PT200778,2025-07-14,Florida,South,56-70,Commercial,HCP100096,OZEM
PT200779,2025-02-10,New York,Northeast,56-70,Medicare,HCP100132,TRUL
PT200780,2025-08-25,California,West,56-70,Medicaid,HCP100162,TRUL
PT200781,2025-08-04,New York,Northeast,18-40,Medicaid,HCP100139,TRUL
PT200782,2025-10-06,Florida,South,56-70,Commercial,HCP100191,MOUN
PT200783,2025-03-24,Nevada,West,56-70,Medicare,HCP100080,MOUN
PT200784,2025-07-28,Texas,South,56-70,Commercial,HCP100279,OZEM
PT200785,2025-12-15,California,West,41-55,Commercial,HCP100047,MOUN
PT200786,2024-10-21,New York,Northeast,41-55,Medicaid,HCP100299,MOUN
PT200787,2024-12-02,Nevada,West,18-40,Commercial,HCP100198,RYBL
PT200788,2025-03-24,California,West,56-70,Medicare,HCP100207,RYBL
PT200789,2024-11-18,California,West,41-55,Commercial,HCP100296,TRUL
PT200790,2025-02-03,Ohio,Midwest,41-55,Commercial,HCP100064,MOUN
PT200791,2025-07-07,Texas,South,56-70,Medicare,HCP100004,TRUL
PT200792,2025-05-19,New York,Northeast,56-70,Commercial,HCP100263,MOUN
PT200793,2025-07-28,Nevada,West,56-70,Medicare,HCP100018,OZEM
PT200794,2025-09-01,Nevada,West,56-70,Commercial,HCP100080,MOUN
PT200795,2025-04-14,Nevada,West,18-40,Commercial,HCP100184,OZEM
PT200796,2026-02-02,Texas,South,41-55,Commercial,HCP100004,OZEM
PT200797,2026-01-26,Ohio,Midwest,71+,Medicare,HCP100038,TRUL
PT200798,2026-01-19,Michigan,Midwest,56-70,Commercial,HCP100166,TRUL
PT200799,2024-11-18,Georgia,South,71+,Medicare,HCP100102,TRUL
PT200800,2025-07-07,Michigan,Midwest,71+,Medicare,HCP100287,MOUN
PT200801,2025-06-16,Ohio,Midwest,41-55,Medicaid,HCP100284,RYBL
PT200802,2024-12-30,Texas,South,41-55,Commercial,HCP100009,OZEM
PT200803,2025-05-26,New York,Northeast,41-55,Commercial,HCP100237,TRUL
PT200804,2026-02-16,California,West,71+,Medicare,HCP100146,OZEM
PT200805,2024-12-16,Texas,South,56-70,Commercial,HCP100225,MOUN
PT200806,2026-02-16,New York,Northeast,41-55,Medicare,HCP100186,OZEM
PT200807,2025-07-07,California,West,18-40,Commercial,HCP100118,OZEM
PT200808,2025-03-31,Florida,South,71+,Medicaid,HCP100243,TRUL
PT200809,2025-03-03,California,West,41-55,Commercial,HCP100098,OZEM
PT200810,2025-06-16,Ohio,Midwest,56-70,Commercial,HCP100208,MOUN
PT200811,2024-10-21,Florida,South,41-55,Medicaid,HCP100223,MOUN
PT200812,2025-10-06,California,West,56-70,Commercial,HCP100219,RYBL
PT200813,2025-10-13,California,West,41-55,Commercial,HCP100083,MOUN
PT200814,2024-09-23,Florida,South,18-40,Commercial,HCP100193,OZEM
PT200815,2025-08-18,Texas,South,18-40,Commercial,HCP100003,MOUN
PT200816,2024-11-04,Texas,South,71+,Medicare,HCP100122,MOUN
PT200817,2025-07-14,Texas,South,56-70,Commercial,HCP100279,TRUL
PT200818,2025-06-09,California,West,56-70,Medicare,HCP100168,OZEM
PT200819,2026-02-23,Texas,South,18-40,Commercial,HCP100103,MOUN
PT200820,2024-09-23,New York,Northeast,56-70,Commercial,HCP100180,RYBL
PT200821,2026-01-12,Ohio,Midwest,56-70,Commercial,HCP100217,OZEM
PT200822,2025-06-16,Michigan,Midwest,71+,Medicare,HCP100258,MOUN
PT200823,2025-03-03,Florida,South,56-70,Commercial,HCP100261,RYBL
PT200824,2025-02-10,California,West,41-55,Commercial,HCP100214,TRUL
PT200825,2024-10-14,Ohio,Midwest,56-70,Medicare,HCP100271,MOUN
PT200826,2025-08-11,California,West,56-70,Commercial,HCP100210,OZEM
PT200827,2024-09-23,California,West,56-70,Commercial,HCP100044,OZEM
PT200828,2025-12-29,Michigan,Midwest,41-55,Commercial,HCP100241,TRUL
PT200829,2025-01-13,California,West,71+,Medicare,HCP100270,MOUN
PT200830,2024-09-16,California,West,71+,Medicare,HCP100187,MOUN
PT200831,2024-12-02,California,West,71+,Medicaid,HCP100249,OZEM
PT200832,2025-07-14,Illinois,Midwest,56-70,Medicare,HCP100268,TRUL
PT200833,2025-02-24,California,West,56-70,Commercial,HCP100118,MOUN
PT200834,2025-08-04,New York,Northeast,41-55,Medicaid,HCP100040,MOUN
PT200835,2024-11-25,California,West,71+,Commercial,HCP100155,RYBL
PT200836,2024-12-09,California,West,18-40,Medicaid,HCP100207,RYBL
PT200837,2025-11-17,Texas,South,56-70,Commercial,HCP100017,OZEM
PT200838,2026-01-05,Florida,South,41-55,Medicare,HCP100223,MOUN
PT200839,2025-06-09,California,West,71+,Medicare,HCP100105,MOUN
PT200840,2026-02-09,Texas,South,41-55,Medicaid,HCP100161,MOUN
PT200841,2025-10-13,Nevada,West,41-55,Commercial,HCP100184,OZEM
PT200842,2025-11-10,Florida,South,41-55,Medicaid,HCP100096,TRUL
PT200843,2025-10-13,New York,Northeast,56-70,Commercial,HCP100294,OZEM
PT200844,2026-01-26,California,West,56-70,Commercial,HCP100030,MOUN
PT200845,2025-12-01,California,West,41-55,Medicaid,HCP100148,MOUN
PT200846,2025-06-23,Georgia,South,71+,Medicare,HCP100094,MOUN
PT200847,2024-09-02,California,West,41-55,Commercial,HCP100047,RYBL
PT200848,2025-01-06,California,West,56-70,Commercial,HCP100125,OZEM
PT200849,2025-03-03,Texas,South,41-55,Commercial,HCP100164,RYBL
PT200850,2025-07-07,Florida,South,71+,Medicaid,HCP100020,TRUL
PT200851,2025-02-24,Illinois,Midwest,56-70,Commercial,HCP100100,RYBL
PT200852,2025-02-10,New York,Northeast,41-55,Commercial,HCP100005,MOUN
PT200853,2025-05-05,California,West,41-55,Medicare,HCP100175,MOUN
PT200854,2024-10-14,Texas,South,56-70,Commercial,HCP100004,OZEM
PT200855,2026-01-19,California,West,41-55,Medicaid,HCP100116,OZEM
PT200856,2025-11-10,Texas,South,41-55,Commercial,HCP100279,OZEM
PT200857,2026-02-02,New York,Northeast,18-40,Commercial,HCP100204,OZEM
PT200858,2025-11-03,Florida,South,41-55,Commercial,HCP100275,RYBL
PT200859,2025-04-14,Texas,South,56-70,Commercial,HCP100278,MOUN
PT200860,2025-10-20,California,West,41-55,Commercial,HCP100219,RYBL
PT200861,2025-06-23,Nevada,West,56-70,Commercial,HCP100042,MOUN
PT200862,2024-11-18,New York,Northeast,56-70,Commercial,HCP100204,OZEM
PT200863,2025-09-08,Texas,South,71+,Medicare,HCP100141,OZEM
PT200864,2024-10-28,California,West,56-70,Commercial,HCP100155,MOUN
PT200865,2025-02-17,California,West,18-40,Commercial,HCP100134,TRUL
PT200866,2026-01-19,Texas,South,41-55,Commercial,HCP100051,MOUN
PT200867,2025-10-13,Illinois,Midwest,18-40,Medicaid,HCP100182,OZEM
PT200868,2024-11-18,Ohio,Midwest,71+,Medicare,HCP100121,MOUN
PT200869,2025-06-16,California,West,56-70,Medicaid,HCP100251,TRUL
PT200870,2025-10-20,Florida,South,56-70,Commercial,HCP100060,MOUN
PT200871,2025-08-18,California,West,56-70,Medicare,HCP100118,MOUN
PT200872,2025-10-20,Illinois,Midwest,56-70,Commercial,HCP100178,RYBL
PT200873,2026-01-12,New York,Northeast,41-55,Commercial,HCP100294,MOUN
PT200874,2025-04-28,Texas,South,71+,Medicare,HCP100235,OZEM
PT200875,2025-02-24,New York,Northeast,71+,Medicaid,HCP100204,MOUN
PT200876,2025-12-15,Florida,South,56-70,Commercial,HCP100275,OZEM
PT200877,2026-01-12,Texas,South,41-55,Medicaid,HCP100151,MOUN
PT200878,2025-05-26,California,West,56-70,Medicare,HCP100115,OZEM
PT200879,2024-09-09,Texas,South,56-70,Medicaid,HCP100052,MOUN
PT200880,2025-12-15,California,West,18-40,Commercial,HCP100063,MOUN
PT200881,2024-12-09,Michigan,Midwest,71+,Medicare,HCP100010,OZEM
PT200882,2025-12-01,California,West,41-55,Commercial,HCP100167,TRUL
PT200883,2025-11-24,Texas,South,71+,Medicare,HCP100235,MOUN
PT200884,2024-10-14,California,West,71+,Medicaid,HCP100207,MOUN
PT200885,2026-02-16,Michigan,Midwest,18-40,Commercial,HCP100035,MOUN
PT200886,2025-11-10,Texas,South,56-70,Commercial,HCP100069,MOUN
PT200887,2025-10-20,California,West,56-70,Medicare,HCP100142,OZEM
PT200888,2025-05-05,Florida,South,71+,Medicaid,HCP100275,MOUN
PT200889,2025-11-24,Georgia,South,71+,Medicare,HCP100081,OZEM
PT200890,2025-09-22,New York,Northeast,56-70,Medicare,HCP100240,TRUL
PT200891,2026-03-16,Florida,South,41-55,Commercial,HCP100062,RYBL
PT200892,2025-02-10,Illinois,Midwest,71+,Medicare,HCP100268,RYBL
PT200893,2025-03-24,California,West,56-70,Commercial,HCP100115,MOUN
PT200894,2025-09-15,California,West,18-40,Commercial,HCP100231,OZEM
PT200895,2025-05-12,Illinois,Midwest,41-55,Medicaid,HCP100100,MOUN
PT200896,2025-02-03,Georgia,South,18-40,Commercial,HCP100022,TRUL
PT200897,2024-12-02,California,West,71+,Medicare,HCP100083,RYBL
PT200898,2024-12-30,Florida,South,56-70,Commercial,HCP100218,MOUN
PT200899,2025-01-06,California,West,56-70,Commercial,HCP100118,OZEM
PT200900,2025-08-04,New York,Northeast,56-70,Commercial,HCP100294,MOUN
PT200901,2025-02-10,Texas,South,41-55,Medicare,HCP100025,OZEM
PT200902,2025-11-03,Texas,South,41-55,Commercial,HCP100213,TRUL
PT200903,2025-12-08,Florida,South,56-70,Medicare,HCP100211,MOUN
PT200904,2025-02-03,Nevada,West,41-55,Commercial,HCP100042,MOUN
PT200905,2024-12-16,Florida,South,41-55,Commercial,HCP100223,MOUN
PT200906,2025-09-15,Illinois,Midwest,56-70,Commercial,HCP100031,TRUL
PT200907,2025-03-31,Illinois,Midwest,56-70,Commercial,HCP100100,RYBL
PT200908,2025-11-10,California,West,56-70,Commercial,HCP100277,TRUL
PT200909,2025-10-13,Georgia,South,41-55,Medicaid,HCP100050,OZEM
PT200910,2025-11-24,Nevada,West,71+,Medicare,HCP100042,TRUL
PT200911,2025-07-07,Texas,South,41-55,Commercial,HCP100061,MOUN
PT200912,2025-03-03,California,West,56-70,Commercial,HCP100047,RYBL
PT200913,2025-06-16,Illinois,Midwest,18-40,Commercial,HCP100015,MOUN
PT200914,2025-01-13,California,West,56-70,Commercial,HCP100063,RYBL
PT200915,2025-08-18,California,West,41-55,Commercial,HCP100116,TRUL
PT200916,2025-05-19,California,West,41-55,Commercial,HCP100044,MOUN
PT200917,2025-02-17,California,West,71+,Medicare,HCP100177,TRUL
PT200918,2025-01-27,California,West,56-70,Commercial,HCP100019,MOUN
PT200919,2026-01-12,New York,Northeast,41-55,Medicaid,HCP100131,RYBL
PT200920,2025-12-15,Florida,South,41-55,Commercial,HCP100246,RYBL
PT200921,2025-11-10,New York,Northeast,71+,Medicare,HCP100204,MOUN
PT200922,2026-01-26,New York,Northeast,41-55,Commercial,HCP100280,MOUN
PT200923,2025-01-27,Texas,South,41-55,Commercial,HCP100054,TRUL
PT200924,2026-02-16,Florida,South,41-55,Commercial,HCP100295,MOUN
PT200925,2024-12-23,California,West,71+,Medicare,HCP100219,TRUL
PT200926,2024-09-09,Nevada,West,71+,Medicare,HCP100080,OZEM
PT200927,2025-12-22,New York,Northeast,18-40,Commercial,HCP100156,MOUN
PT200928,2025-09-22,California,West,71+,Medicare,HCP100091,MOUN
PT200929,2024-11-04,California,West,71+,Medicare,HCP100113,TRUL
PT200930,2025-11-10,Florida,South,18-40,Commercial,HCP100046,MOUN
PT200931,2025-04-07,New York,Northeast,18-40,Commercial,HCP100159,TRUL
PT200932,2026-01-12,California,West,41-55,Commercial,HCP100281,OZEM
PT200933,2024-09-02,California,West,41-55,Commercial,HCP100297,TRUL
PT200934,2025-03-10,California,West,56-70,Commercial,HCP100158,OZEM
PT200935,2025-08-25,Michigan,Midwest,41-55,Medicaid,HCP100272,MOUN
PT200936,2025-07-14,New York,Northeast,56-70,Commercial,HCP100032,OZEM
PT200937,2024-09-16,California,West,56-70,Commercial,HCP100142,RYBL
PT200938,2026-02-02,Texas,South,71+,Medicare,HCP100067,RYBL
PT200939,2025-06-02,New York,Northeast,18-40,Commercial,HCP100186,MOUN
PT200940,2025-08-11,New York,Northeast,41-55,Medicaid,HCP100136,TRUL
PT200941,2026-01-19,Florida,South,41-55,Medicaid,HCP100096,RYBL
PT200942,2025-06-23,Georgia,South,41-55,Commercial,HCP100201,TRUL
PT200943,2026-02-09,Illinois,Midwest,56-70,Commercial,HCP100107,TRUL
PT200944,2025-06-23,Florida,South,41-55,Medicaid,HCP100172,TRUL
PT200945,2024-09-23,New York,Northeast,71+,Medicare,HCP100186,TRUL
PT200946,2025-11-17,New York,Northeast,71+,Medicare,HCP100299,RYBL
PT200947,2025-10-27,New York,Northeast,56-70,Medicaid,HCP100299,TRUL
PT200948,2025-02-03,Illinois,Midwest,41-55,Commercial,HCP100182,MOUN
PT200949,2025-03-24,Texas,South,41-55,Medicaid,HCP100003,MOUN
PT200950,2025-10-13,New York,Northeast,41-55,Commercial,HCP100294,MOUN
PT200951,2025-02-17,California,West,18-40,Medicaid,HCP100155,TRUL
PT200952,2024-11-11,Texas,South,56-70,Commercial,HCP100057,TRUL
PT200953,2025-11-17,Texas,South,41-55,Commercial,HCP100151,MOUN
PT200954,2025-02-10,Ohio,Midwest,18-40,Commercial,HCP100150,TRUL
PT200955,2025-03-10,Georgia,South,56-70,Commercial,HCP100075,TRUL
PT200956,2025-01-13,California,West,41-55,Medicare,HCP100167,OZEM
PT200957,2025-08-11,California,West,56-70,Commercial,HCP100296,OZEM
PT200958,2025-11-03,California,West,56-70,Commercial,HCP100146,TRUL
PT200959,2025-06-30,California,West,41-55,Commercial,HCP100281,OZEM
PT200960,2025-10-20,Florida,South,56-70,Medicaid,HCP100036,OZEM
PT200961,2026-02-23,California,West,56-70,Medicare,HCP100168,OZEM
PT200962,2025-03-17,Michigan,Midwest,18-40,Commercial,HCP100287,OZEM
PT200963,2025-03-24,Texas,South,71+,Medicare,HCP100009,MOUN
PT200964,2025-03-17,New York,Northeast,56-70,Commercial,HCP100273,OZEM
PT200965,2026-02-02,Ohio,Midwest,56-70,Commercial,HCP100217,MOUN
PT200966,2025-11-10,Texas,South,18-40,Medicaid,HCP100103,OZEM
PT200967,2025-08-18,California,West,18-40,Commercial,HCP100282,TRUL
PT200968,2025-09-08,California,West,41-55,Commercial,HCP100115,OZEM
PT200969,2025-03-17,Texas,South,41-55,Commercial,HCP100111,OZEM
PT200970,2025-01-27,New York,Northeast,56-70,Medicare,HCP100131,TRUL
PT200971,2024-12-02,Texas,South,71+,Medicare,HCP100138,TRUL
PT200972,2025-11-03,California,West,56-70,Commercial,HCP100084,TRUL
PT200973,2025-02-10,California,West,41-55,Medicare,HCP100105,OZEM
PT200974,2025-08-04,Nevada,West,56-70,Commercial,HCP100042,MOUN
PT200975,2026-01-12,California,West,18-40,Commercial,HCP100207,OZEM
PT200976,2025-01-13,New York,Northeast,56-70,Medicare,HCP100159,TRUL
PT200977,2025-05-19,California,West,56-70,Commercial,HCP100007,OZEM
PT200978,2024-09-16,Ohio,Midwest,41-55,Medicare,HCP100089,MOUN
PT200979,2025-02-10,California,West,56-70,Commercial,HCP100153,RYBL
PT200980,2025-12-15,Illinois,Midwest,41-55,Medicaid,HCP100100,TRUL
PT200981,2025-05-12,California,West,71+,Medicare,HCP100219,MOUN
PT200982,2026-01-19,Texas,South,56-70,Commercial,HCP100291,OZEM
PT200983,2025-10-20,Ohio,Midwest,56-70,Commercial,HCP100174,RYBL
PT200984,2024-11-11,New York,Northeast,56-70,Commercial,HCP100132,MOUN
PT200985,2025-08-11,Georgia,South,71+,Medicare,HCP100075,RYBL
PT200986,2025-05-12,Illinois,Midwest,56-70,Commercial,HCP100178,TRUL
PT200987,2026-01-19,California,West,41-55,Commercial,HCP100098,OZEM
PT200988,2024-12-16,Texas,South,71+,Medicare,HCP100278,OZEM
PT200989,2025-01-20,Michigan,Midwest,41-55,Commercial,HCP100065,MOUN
PT200990,2025-09-29,Texas,South,41-55,Commercial,HCP100293,MOUN
PT200991,2025-01-13,California,West,56-70,Commercial,HCP100165,TRUL
PT200992,2024-11-04,Ohio,Midwest,71+,Medicare,HCP100090,TRUL
PT200993,2026-02-23,Florida,South,56-70,Medicaid,HCP100086,TRUL
PT200994,2024-11-11,Texas,South,56-70,Commercial,HCP100171,RYBL
PT200995,2025-04-07,Texas,South,41-55,Medicare,HCP100199,MOUN
PT200996,2025-11-03,Michigan,Midwest,56-70,Medicaid,HCP100183,MOUN
PT200997,2025-01-06,California,West,56-70,Commercial,HCP100187,OZEM
PT200998,2025-09-15,Nevada,West,18-40,Medicaid,HCP100018,TRUL
PT200999,2025-06-09,Texas,South,41-55,Medicaid,HCP100067,TRUL
PT201000,2024-11-11,Florida,South,71+,Medicare,HCP100053,OZEM
PT201001,2025-07-28,Nevada,West,41-55,Medicaid,HCP100198,MOUN
PT201002,2026-02-09,Georgia,South,56-70,Commercial,HCP100154,MOUN
PT201003,2025-01-06,California,West,71+,Medicare,HCP100162,TRUL
PT201004,2025-09-15,Texas,South,56-70,Medicare,HCP100128,RYBL
PT201005,2025-05-26,New York,Northeast,56-70,Commercial,HCP100283,TRUL
PT201006,2026-01-26,Illinois,Midwest,71+,Medicare,HCP100107,MOUN
PT201007,2025-05-19,Ohio,Midwest,41-55,Commercial,HCP100284,MOUN
PT201008,2025-02-03,California,West,41-55,Commercial,HCP100134,MOUN
PT201009,2025-11-03,Texas,South,18-40,Commercial,HCP100041,MOUN
PT201010,2025-06-02,Florida,South,41-55,Commercial,HCP100119,MOUN
PT201011,2025-12-29,Illinois,Midwest,41-55,Medicaid,HCP100031,MOUN
PT201012,2025-02-03,Florida,South,56-70,Commercial,HCP100160,RYBL
PT201013,2025-08-25,California,West,71+,Medicare,HCP100202,MOUN
PT201014,2025-02-03,New York,Northeast,71+,Medicare,HCP100186,MOUN
PT201015,2025-07-21,Michigan,Midwest,56-70,Medicaid,HCP100144,RYBL
PT201016,2025-07-21,New York,Northeast,56-70,Medicaid,HCP100204,RYBL
PT201017,2025-01-27,Ohio,Midwest,71+,Medicaid,HCP100208,RYBL
PT201018,2025-12-08,Georgia,South,18-40,Commercial,HCP100188,TRUL
PT201019,2024-12-23,Illinois,Midwest,56-70,Commercial,HCP100268,MOUN
PT201020,2025-02-17,New York,Northeast,18-40,Commercial,HCP100203,MOUN
PT201021,2024-11-18,California,West,41-55,Commercial,HCP100219,TRUL
PT201022,2025-09-29,Michigan,Midwest,56-70,Medicare,HCP100010,MOUN
PT201023,2024-10-21,California,West,71+,Medicare,HCP100162,TRUL
PT201024,2025-12-29,Michigan,Midwest,56-70,Commercial,HCP100242,TRUL
PT201025,2025-07-28,Michigan,Midwest,18-40,Commercial,HCP100250,RYBL
PT201026,2026-02-16,Georgia,South,56-70,Commercial,HCP100110,MOUN
PT201027,2026-01-19,Florida,South,41-55,Commercial,HCP100056,OZEM
PT201028,2026-02-02,California,West,71+,Medicare,HCP100019,TRUL
PT201029,2026-01-05,Georgia,South,56-70,Commercial,HCP100110,TRUL
PT201030,2025-09-01,Texas,South,18-40,Commercial,HCP100293,MOUN
PT201031,2024-12-02,California,West,41-55,Medicaid,HCP100267,OZEM
PT201032,2025-08-04,Texas,South,71+,Medicare,HCP100151,TRUL
PT201033,2025-10-06,Texas,South,41-55,Commercial,HCP100151,RYBL
PT201034,2025-09-29,Florida,South,56-70,Commercial,HCP100140,OZEM
PT201035,2025-07-21,Ohio,Midwest,56-70,Medicaid,HCP100089,MOUN
PT201036,2024-10-14,Texas,South,41-55,Commercial,HCP100236,RYBL
PT201037,2025-04-21,New York,Northeast,41-55,Commercial,HCP100299,OZEM
PT201038,2025-12-22,New York,Northeast,71+,Medicare,HCP100273,TRUL
PT201039,2025-12-08,Florida,South,41-55,Commercial,HCP100099,MOUN
PT201040,2026-03-02,Florida,South,56-70,Commercial,HCP100172,MOUN
PT201041,2025-05-12,Illinois,Midwest,41-55,Commercial,HCP100182,OZEM
PT201042,2024-09-30,Florida,South,56-70,Commercial,HCP100033,MOUN
PT201043,2024-12-02,California,West,71+,Medicare,HCP100145,OZEM
PT201044,2024-10-07,Nevada,West,56-70,Medicaid,HCP100198,TRUL
PT201045,2026-01-26,Michigan,Midwest,41-55,Medicaid,HCP100092,OZEM
PT201046,2024-09-09,California,West,71+,Medicare,HCP100277,OZEM
PT201047,2024-09-16,New York,Northeast,56-70,Commercial,HCP100240,RYBL
PT201048,2025-12-01,New York,Northeast,56-70,Commercial,HCP100048,RYBL
PT201049,2026-01-26,Texas,South,56-70,Commercial,HCP100009,TRUL
PT201050,2024-10-07,New York,Northeast,41-55,Medicaid,HCP100294,MOUN
PT201051,2025-08-18,Texas,South,41-55,Commercial,HCP100017,MOUN
PT201052,2024-11-18,Florida,South,18-40,Commercial,HCP100014,OZEM
PT201053,2025-02-10,Florida,South,56-70,Commercial,HCP100195,OZEM
PT201054,2025-06-02,New York,Northeast,18-40,Commercial,HCP100203,MOUN
PT201055,2025-12-22,New York,Northeast,18-40,Commercial,HCP100205,MOUN
PT201056,2025-08-18,Ohio,Midwest,41-55,Commercial,HCP100284,MOUN
PT201057,2025-03-17,California,West,41-55,Commercial,HCP100118,RYBL
PT201058,2026-01-19,New York,Northeast,56-70,Commercial,HCP100136,RYBL
PT201059,2024-11-04,California,West,71+,Medicare,HCP100207,OZEM
PT201060,2025-09-01,Illinois,Midwest,56-70,Commercial,HCP100127,TRUL
PT201061,2024-11-18,New York,Northeast,56-70,Commercial,HCP100299,MOUN
PT201062,2025-04-14,Ohio,Midwest,71+,Medicare,HCP100064,TRUL
PT201063,2025-07-28,Florida,South,56-70,Commercial,HCP100193,RYBL
PT201064,2024-09-30,New York,Northeast,71+,Medicare,HCP100237,OZEM
PT201065,2024-09-16,Illinois,Midwest,71+,Medicaid,HCP100182,OZEM
PT201066,2025-08-18,Texas,South,41-55,Medicaid,HCP100054,MOUN
PT201067,2024-11-11,California,West,56-70,Commercial,HCP100277,MOUN
PT201068,2026-02-16,Georgia,South,71+,Medicare,HCP100075,TRUL
PT201069,2025-09-08,Texas,South,71+,Medicare,HCP100151,RYBL
PT201070,2025-10-06,New York,Northeast,56-70,Medicaid,HCP100131,TRUL
PT201071,2026-02-16,Florida,South,18-40,Commercial,HCP100172,MOUN
PT201072,2025-07-14,Florida,South,56-70,Medicaid,HCP100152,TRUL
PT201073,2025-12-01,California,West,71+,Medicare,HCP100023,MOUN
PT201074,2024-12-16,New York,Northeast,41-55,Commercial,HCP100132,OZEM
PT201075,2026-03-16,California,West,41-55,Commercial,HCP100118,RYBL
PT201076,2024-09-09,California,West,56-70,Commercial,HCP100281,TRUL
PT201077,2025-04-21,California,West,18-40,Commercial,HCP100167,OZEM
PT201078,2024-09-09,Florida,South,71+,Medicaid,HCP100119,OZEM
PT201079,2024-09-02,Florida,South,56-70,Commercial,HCP100152,RYBL
PT201080,2025-01-20,California,West,41-55,Commercial,HCP100281,TRUL
PT201081,2025-03-24,Michigan,Midwest,56-70,Commercial,HCP100010,OZEM
PT201082,2024-10-07,Texas,South,56-70,Medicaid,HCP100199,MOUN
PT201083,2025-06-16,Texas,South,41-55,Commercial,HCP100235,MOUN
PT201084,2025-05-12,California,West,71+,Medicare,HCP100076,OZEM
PT201085,2026-01-12,Ohio,Midwest,41-55,Commercial,HCP100038,MOUN
PT201086,2025-09-08,Texas,South,41-55,Medicaid,HCP100157,MOUN
PT201087,2024-12-23,Ohio,Midwest,56-70,Commercial,HCP100089,TRUL
PT201088,2026-03-09,Florida,South,71+,Medicare,HCP100119,MOUN
PT201089,2024-10-07,Texas,South,71+,Medicaid,HCP100054,TRUL
PT201090,2025-08-04,Georgia,South,56-70,Medicaid,HCP100095,TRUL
PT201091,2024-10-14,New York,Northeast,71+,Medicaid,HCP100286,RYBL
PT201092,2026-02-23,Florida,South,41-55,Commercial,HCP100191,MOUN
PT201093,2024-11-11,Florida,South,41-55,Commercial,HCP100172,MOUN
PT201094,2025-09-22,Florida,South,41-55,Commercial,HCP100060,TRUL
PT201095,2025-03-17,New York,Northeast,41-55,Commercial,HCP100237,RYBL
PT201096,2025-12-08,New York,Northeast,56-70,Commercial,HCP100263,MOUN
PT201097,2025-03-03,Texas,South,56-70,Medicaid,HCP100235,OZEM
PT201098,2025-07-14,Nevada,West,56-70,Commercial,HCP100042,RYBL
PT201099,2025-10-27,Texas,South,41-55,Commercial,HCP100235,MOUN
PT201100,2024-10-07,Florida,South,18-40,Commercial,HCP100221,TRUL
PT201101,2025-11-10,California,West,56-70,Medicaid,HCP100282,OZEM
PT201102,2025-08-18,New York,Northeast,41-55,Commercial,HCP100280,MOUN
PT201103,2026-02-16,Texas,South,41-55,Commercial,HCP100213,TRUL
PT201104,2025-12-08,New York,Northeast,56-70,Commercial,HCP100163,OZEM
PT201105,2025-07-14,Michigan,Midwest,71+,Medicare,HCP100183,OZEM
PT201106,2025-08-18,Florida,South,56-70,Commercial,HCP100082,MOUN
PT201107,2025-10-27,Texas,South,56-70,Commercial,HCP100052,MOUN
PT201108,2024-09-09,Texas,South,41-55,Commercial,HCP100293,TRUL
PT201109,2025-04-28,Florida,South,71+,Medicaid,HCP100117,MOUN
PT201110,2025-10-20,Texas,South,41-55,Medicare,HCP100164,OZEM
PT201111,2025-12-15,Texas,South,56-70,Commercial,HCP100199,MOUN
PT201112,2025-10-13,Ohio,Midwest,71+,Medicare,HCP100089,RYBL
PT201113,2025-07-28,Michigan,Midwest,41-55,Commercial,HCP100010,MOUN
PT201114,2024-11-25,Georgia,South,41-55,Commercial,HCP100120,RYBL
PT201115,2026-01-26,Georgia ,South,56-70,Medicaid,HCP100017,OZEM
PT201116,2026-01-19,New York,Northeast,41-55,Medicaid,HCP100200,RYBL
PT201117,2024-12-09,Ohio,Midwest,41-55,Medicare,HCP100097,MOUN
PT201118,2025-03-03,Texas,South,56-70,Commercial,HCP100291,MOUN
PT201119,2025-12-08,Florida,South,56-70,Commercial,HCP100046,OZEM
PT201120,2024-09-30,California,West,56-70,Medicaid,HCP100175,MOUN
PT201121,2025-08-18,California,West,56-70,Commercial,HCP100000,RYBL
PT201122,2025-04-28,Michigan,Midwest,56-70,Commercial,HCP100092,TRUL
PT201123,2025-10-27,California,West,18-40,Commercial,HCP100115,MOUN
PT201124,2025-08-25,New York,Northeast,56-70,Commercial,HCP100132,MOUN
PT201125,2025-10-13,Georgia,South,41-55,Commercial,HCP100185,RYBL
PT201126,2026-01-12,Illinois,Midwest,71+,Commercial,HCP100015,OZEM
PT201127,2026-01-19, Ohio,South,18-40,Commercial,HCP100293,OZEM
PT201128,2024-10-07,California,West,56-70,Medicaid,HCP100044,MOUN
PT201129,2026-03-09,Georgia,South,41-55,Commercial,HCP100022,MOUN
PT201130,2026-02-16,New York,Northeast,56-70,Medicaid,HCP100040,RYBL
PT201131,2025-01-27,New York,Northeast,56-70,Medicare,HCP100132,TRUL
PT201132,2025-11-17,California,West,71+,Medicare,HCP100158,OZEM
PT201133,2025-12-22,Texas,South,56-70,Medicaid,HCP100235,OZEM
PT201134,2025-08-04,Georgia,South,71+,Medicare,HCP100188,RYBL
PT201135,2026-02-09,California,West,41-55,Commercial,HCP100115,MOUN
PT201136,2025-02-24,New York,Northeast,56-70,Medicare,HCP100186,MOUN
PT201137,2025-04-21,New York,Northeast,71+,Medicare,HCP100204,RYBL
PT201138,2025-12-15,California,West,56-70,Commercial,HCP100146,MOUN
PT201139,2025-05-05,Florida,South,41-55,Commercial,HCP100233,MOUN
PT201140,2025-03-24,New York,Northeast,56-70,Medicaid,HCP100240,MOUN
PT201141,2025-12-29,Texas,South,71+,Medicare,HCP100220,RYBL
PT201142,2025-03-17,California,West,56-70,Medicare,HCP100063,TRUL
PT201143,2025-08-25,Illinois,Midwest,41-55,Commercial,HCP100232,OZEM
PT201144,2025-10-06,Texas,South,56-70,Commercial,HCP100239,OZEM
PT201145,2025-06-23,California,West,56-70,Medicare,HCP100026,OZEM
PT201146,2025-10-06,Georgia,South,56-70,Commercial,HCP100108,MOUN
PT201147,2025-11-03,California,West,56-70,Commercial,HCP100276,RYBL
PT201148,2026-02-23,New York,Northeast,41-55,Medicare,HCP100059,RYBL
PT201149,2025-09-08,California,West,71+,Medicare,HCP100091,OZEM
PT201150,2025-07-21,California,West,56-70,Commercial,HCP100251,TRUL
PT201151,2025-11-03,California,West,56-70,Commercial,HCP100219,MOUN
PT201152,2024-09-09,California,West,56-70,Commercial,HCP100168,OZEM
PT201153,2024-12-30,Illinois,Midwest,56-70,Commercial,HCP100015,MOUN
PT201154,2026-03-09,Texas,South,41-55,Commercial,HCP100278,TRUL
PT201155,2025-11-17,California,West,41-55,Commercial,HCP100296,TRUL
PT201156,2025-04-14,Georgia,South,71+,Medicaid,HCP100120,OZEM
PT201157,2025-12-01,Illinois,Midwest,18-40,Commercial,HCP100137,OZEM
PT201158,2025-09-22,California,West,56-70,Medicaid,HCP100296,OZEM
PT201159,2025-07-28,Ohio,Midwest,56-70,Medicare,HCP100196,RYBL
PT201160,2025-10-20,Texas,South,56-70,Medicaid,HCP100029,MOUN
PT201161,2025-08-11,Texas,South,41-55,Commercial,HCP100235,MOUN
PT201162,2025-01-13,Ohio,Midwest,18-40,Medicaid,HCP100089,OZEM
PT201163,2025-10-27,Florida,South,56-70,Commercial,HCP100223,TRUL
PT201164,2025-09-01,Texas,South,41-55,Medicaid,HCP100143,TRUL
PT201165,2025-03-31,California,West,56-70,Commercial,HCP100247,TRUL
PT201166,2025-04-14,Florida,South,41-55,Commercial,HCP100266,MOUN
PT201167,2025-11-03,Florida,South,71+,Medicare,HCP100243,TRUL
PT201168,2024-12-30,Georgia,South,71+,Medicare,HCP100126,TRUL
PT201169,2025-04-28,Texas,South,71+,Medicare,HCP100143,OZEM
PT201170,2024-09-16,Florida,South,56-70,Medicare,HCP100096,MOUN
PT201171,2025-08-04,New York,Northeast,56-70,Commercial,HCP100289,MOUN
PT201172,2025-05-12,Texas,South,71+,Medicaid,HCP100236,MOUN
PT201173,2025-07-21,California,West,41-55,Commercial,HCP100019,RYBL
PT201174,2025-09-01,California,West,41-55,Medicaid,HCP100113,MOUN
PT201175,2025-12-01,New York,Northeast,56-70,Commercial,HCP100237,TRUL
PT201176,2025-04-21,Georgia,South,56-70,Medicare,HCP100120,RYBL
PT201177,2024-12-16,California,West,71+,Medicaid,HCP100244,MOUN
PT201178,2025-04-07,Illinois,Midwest,41-55,Medicare,HCP100127,OZEM
PT201179,2024-11-04,Michigan,Midwest,41-55,Commercial,HCP100227,TRUL
PT201180,2025-05-12,Florida,South,41-55,Commercial,HCP100099,OZEM
PT201181,2025-11-24,Nevada,West,41-55,Commercial,HCP100080,MOUN
PT201182,2024-12-09,New York,Northeast,18-40,Commercial,HCP100131,OZEM
PT201183,2024-10-14,California,West,56-70,Medicaid,HCP100210,TRUL
PT201184,2025-01-13,Florida,South,56-70,Commercial,HCP100036,MOUN
PT201185,2025-01-20,New York,Northeast,71+,Commercial,HCP100068,TRUL
PT201186,2025-05-19,New York,Northeast,18-40,Commercial,HCP100139,MOUN
PT201187,2026-02-02,New York,Northeast,71+,Commercial,HCP100286,MOUN
PT201188,2025-11-03,New York,Northeast,41-55,Commercial,HCP100299,MOUN
PT201189,2025-03-17,California,West,56-70,Medicaid,HCP100115,TRUL
PT201190,2025-10-06,California,West,18-40,Commercial,HCP100267,TRUL
PT201191,2025-05-26,California,West,41-55,Commercial,HCP100248,MOUN
PT201192,2025-06-02,Florida,South,18-40,Commercial,HCP100172,MOUN
PT201193,2025-09-01,Illinois,Midwest,56-70,Commercial,HCP100100,MOUN
PT201194,2025-06-02,Florida,South,71+,Medicare,HCP100053,MOUN
PT201195,2026-01-05,New York,Northeast,41-55,Commercial,HCP100131,TRUL
PT201196,2025-09-08,Nevada,West,56-70,Commercial,HCP100080,RYBL
PT201197,2025-05-12,Florida,South,18-40,Medicaid,HCP100243,MOUN
PT201198,2026-02-09,Texas,South,56-70,Medicare,HCP100103,TRUL
PT201199,2025-02-24,Illinois,Midwest,56-70,Commercial,HCP100107,MOUN
PT201200,2025-03-03,Nevada,West,56-70,Commercial,HCP100080,MOUN
PT201201,2025-06-23,Florida,South,41-55,Medicaid,HCP100259,MOUN
PT201202,2025-11-17,Florida,South,71+,Medicare,HCP100246,MOUN
PT201203,2026-03-09,Texas,South,41-55,Medicaid,HCP100225,OZEM
PT201204,2025-12-29,Texas,South,18-40,Commercial,HCP100054,MOUN
PT201205,2026-02-09,Texas,South,41-55,Commercial,HCP100147,TRUL
PT201206,2025-12-15,Texas,South,18-40,Commercial,HCP100021,MOUN
PT201207,2025-03-10,Texas,South,41-55,Commercial,HCP100262,OZEM
PT201208,2024-10-21,California,West,41-55,Commercial,HCP100207,OZEM
PT201209,2025-11-10,New York,Northeast,41-55,Commercial,HCP100204,OZEM
PT201210,2025-04-28,Texas,South,41-55,Commercial,HCP100278,MOUN
PT201211,2025-10-27,New York,Northeast,56-70,Medicare,HCP100032,MOUN
PT201212,2024-11-25,Illinois,Midwest,41-55,Commercial,HCP100100,OZEM
PT201213,2026-03-09,California,West,56-70,Medicaid,HCP100091,OZEM
PT201214,2025-09-01,California,West,56-70,Commercial,HCP100168,OZEM
PT201215,2025-06-02,California,West,41-55,Medicare,HCP100000,MOUN
PT201216,2025-12-29,Florida,South,56-70,Commercial,HCP100193,MOUN
PT201217,2024-10-21,California,West,56-70,Commercial,HCP100083,RYBL
PT201218,2025-10-20,Illinois,Midwest,41-55,Medicaid,HCP100015,MOUN
PT201219,2024-12-23,Ohio,Midwest,56-70,Commercial,HCP100150,MOUN
PT201220,2024-09-16,Texas,South,41-55,Commercial,HCP100290,TRUL
PT201221,2025-12-29,California,West,56-70,Commercial,HCP100134,MOUN
PT201222,2025-08-11,Texas,South,41-55,Commercial,HCP100071,OZEM
PT201223,2025-08-18,Texas,South,56-70,Commercial,HCP100290,OZEM
PT201224,2024-10-21,New York,Northeast,71+,Medicare,HCP100204,RYBL
PT201225,2025-01-20,New York,Northeast,71+,Medicare,HCP100299,TRUL
PT201226,2024-10-14,Texas,South,56-70,Commercial,HCP100213,MOUN
PT201227,2024-12-16,California,West,56-70,Medicaid,HCP100007,OZEM
PT201228,2025-05-05,Texas,South,41-55,Commercial,HCP100147,MOUN
PT201229,2025-12-08,Michigan,Midwest,41-55,Commercial,HCP100010,MOUN
PT201230,2025-07-28,Ohio,Midwest,18-40,Commercial,HCP100257,MOUN
PT201231,2025-01-20,Michigan,Midwest,18-40,Commercial,HCP100077,OZEM
PT201232,2026-01-26,California,West,41-55,Commercial,HCP100083,MOUN
PT201233,2025-11-03,Texas,South,56-70,Commercial,HCP100225,MOUN
PT201234,2024-12-02,New York,Northeast,41-55,Medicaid,HCP100032,TRUL
PT201235,2024-12-16,Ohio,Midwest,18-40,Commercial,HCP100011,TRUL
PT201236,2024-09-09,New York,Northeast,41-55,Commercial,HCP100200,TRUL
PT201237,2026-02-09,Texas,South,56-70,Medicaid,HCP100003,OZEM
PT201238,2025-12-29,California,West,56-70,Medicaid,HCP100244,MOUN
PT201239,2025-03-17,Texas,South,71+,Medicare,HCP100051,MOUN
PT201240,2025-06-02,Florida,South,41-55,Commercial,HCP100266,MOUN
PT201241,2024-12-02,California,West,18-40,Medicaid,HCP100083,OZEM
PT201242,2025-12-29,New York,Northeast,18-40,Commercial,HCP100132,MOUN
PT201243,2024-09-16,Texas,South,41-55,Medicare,HCP100004,OZEM
PT201244,2025-01-13,California,West,41-55,Medicaid,HCP100153,MOUN
PT201245,2025-11-17,California,West,18-40,Commercial,HCP100083,MOUN
PT201246,2026-03-16,Illinois,Midwest,41-55,Commercial,HCP100100,MOUN
PT201247,2025-08-04,Florida,South,41-55,Commercial,HCP100295,TRUL
PT201248,2025-01-13,Florida,South,41-55,Medicare,HCP100152,OZEM
PT201249,2025-10-06,California,West,56-70,Medicaid,HCP100066,TRUL
PT201250,2024-10-07,California,West,18-40,Commercial,HCP100207,RYBL
PT201251,2025-10-27,California,West,18-40,Medicaid,HCP100219,MOUN
PT201252,2025-04-14,Georgia,South,41-55,Commercial,HCP100120,OZEM
PT201253,2024-12-16,Michigan,Midwest,56-70,Commercial,HCP100035,TRUL
PT201254,2025-09-22,Texas,South,56-70,Commercial,HCP100235,OZEM
PT201255,2025-07-21,Georgia,South,41-55,Commercial,HCP100050,RYBL
PT201256,2026-01-12,Texas,South,18-40,Commercial,HCP100052,OZEM
PT201257,2026-03-09,New York,Northeast,18-40,Commercial,HCP100013,MOUN
PT201258,2026-02-23,Ohio,Midwest,71+,Medicare,HCP100174,OZEM
PT201259,2025-07-21,Illinois,Midwest,56-70,Medicaid,HCP100178,MOUN
PT201260,2026-01-19,Nevada,West,41-55,Commercial,HCP100042,TRUL
PT201261,2025-04-21,Florida,South,71+,Medicare,HCP100295,OZEM
PT201262,2025-03-10,Illinois,Midwest,18-40,Commercial,HCP100127,OZEM
PT201263,2026-02-16,Florida,South,41-55,Medicare,HCP100261,MOUN
PT201264,2025-02-03,Florida,South,56-70,Commercial,HCP100086,OZEM
PT201265,2024-09-23,California,West,41-55,Medicare,HCP100251,TRUL
PT201266,2025-12-15,Texas,South,71+,Medicare,HCP100061,TRUL
PT201267,2024-10-07,Illinois,Midwest,56-70,Commercial,HCP100182,TRUL
PT201268,2025-10-13,California,West,41-55,Commercial,HCP100098,MOUN
PT201269,2025-09-08,California,West,56-70,Commercial,HCP100277,OZEM
PT201270,2026-01-19,Texas,South,18-40,Commercial,HCP100071,MOUN
PT201271,2025-01-06,Ohio,Midwest,41-55,Medicaid,HCP100090,OZEM
PT201272,2025-12-29,Texas,South,41-55,Medicaid,HCP100067,MOUN
PT201273,2025-09-29,New York,Northeast,56-70,Commercial,HCP100186,OZEM
PT201274,2025-11-03,California,West,41-55,Medicaid,HCP100276,MOUN
PT201275,2024-12-09,Nevada,West,71+,Medicare,HCP100018,OZEM
PT201276,2026-01-19,California,West,18-40,Medicaid,HCP100282,RYBL
PT201277,2025-07-28,Georgia,South,71+,Medicare,HCP100050,TRUL
PT201278,2025-01-13,Texas,South,41-55,Commercial,HCP100021,OZEM
PT201279,2025-07-07,Texas,South,56-70,Commercial,HCP100179,OZEM
PT201280,2025-04-07,Michigan,Midwest,41-55,Medicare,HCP100258,OZEM
PT201281,2025-09-08,Texas,South,41-55,Commercial,HCP100274,TRUL
PT201282,2025-08-18,California,West,41-55,Commercial,HCP100281,MOUN
PT201283,2024-11-04,Florida,South,56-70,Commercial,HCP100129,TRUL
PT201284,2025-08-04,Texas,South,71+,Medicare,HCP100213,OZEM
PT201285,2025-12-15,California,West,56-70,Commercial,HCP100113,RYBL
PT201286,2025-04-28,Texas,South,41-55,Medicare,HCP100138,MOUN
PT201287,2024-10-28,Michigan,Midwest,41-55,Commercial,HCP100073,RYBL
PT201288,2025-07-28,California,West,71+,Medicare,HCP100231,TRUL
PT201289,2025-10-06,California,West,56-70,Medicare,HCP100153,TRUL
PT201290,2024-12-16,Florida,South,41-55,Commercial,HCP100226,MOUN
PT201291,2025-08-11,California,West,18-40,Commercial,HCP100155,MOUN
PT201292,2025-09-29,Texas,South,41-55,Commercial,HCP100238,MOUN
PT201293,2025-01-13,Illinois,Midwest,56-70,Commercial,HCP100100,MOUN
PT201294,2024-12-30,Texas,South,56-70,Commercial,HCP100067,OZEM
PT201295,2024-09-02,California,West,56-70,Commercial,HCP100066,MOUN
PT201296,2025-03-24,New York,Northeast,56-70,Commercial,HCP100203,MOUN
PT201297,2025-07-14,New York,Northeast,18-40,Commercial,HCP100131,RYBL
PT201298,2026-02-09,California,West,41-55,Commercial,HCP100098,MOUN
PT201299,2025-03-03,Florida,South,41-55,Commercial,HCP100119,OZEM
PT201300,2026-02-02,Texas,South,56-70,Medicaid,HCP100103,TRUL
PT201301,2025-07-07,New York,Northeast,56-70,Commercial,HCP100240,MOUN
PT201302,2025-03-17,Michigan,Midwest,41-55,Medicaid,HCP100183,MOUN
PT201303,2025-07-07,Michigan,Midwest,56-70,Commercial,HCP100173,MOUN
PT201304,2026-02-09,California,West,56-70,Commercial,HCP100026,RYBL
PT201305,2025-06-23,Nevada,West,41-55,Medicare,HCP100042,MOUN
PT201306,2025-03-17,Texas,South,41-55,Commercial,HCP100041,TRUL
PT201307,2026-02-09,Florida,South,56-70,Commercial,HCP100191,OZEM
PT201308,2025-10-06,Texas,South,71+,Medicare,HCP100213,TRUL
PT201309,2024-11-18,California,West,56-70,Medicaid,HCP100047,OZEM
PT201310,2026-03-16,New York,Northeast,41-55,Commercial,HCP100255,OZEM
PT201311,2025-01-27,New York,Northeast,41-55,Commercial,HCP100294,TRUL
PT201312,2025-08-11,Illinois,Midwest,56-70,Medicaid,HCP100127,MOUN
PT201313,2026-01-26,California,West,56-70,Commercial,HCP100084,MOUN
PT201314,2025-08-11,Texas,South,56-70,Commercial,HCP100052,TRUL
PT201315,2025-04-21,Texas,South,56-70,Medicare,HCP100235,OZEM
PT201316,2025-01-20,California,West,41-55,Commercial,HCP100019,TRUL
PT201317,2025-08-25,New York,Northeast,56-70,Medicaid,HCP100286,OZEM
PT201318,2025-04-21,New York,Northeast,56-70,Medicare,HCP100136,MOUN
PT201319,2025-06-16,New York,Northeast,71+,Medicare,HCP100286,MOUN
PT201320,2024-11-18,Florida,South,41-55,Commercial,HCP100096,TRUL
PT201321,2025-08-04,California,West,56-70,Commercial,HCP100167,OZEM
PT201322,2025-03-10,New York,Northeast,18-40,Commercial,HCP100263,MOUN
PT201323,2024-11-11,Texas,South,41-55,Medicaid,HCP100189,MOUN
PT201324,2024-10-28,New York,Northeast,41-55,Commercial,HCP100104,OZEM
PT201325,2024-10-14,Florida,South,18-40,Commercial,HCP100261,RYBL
PT201326,2025-04-07,Ohio,Midwest,18-40,Medicaid,HCP100038,RYBL
PT201327,2025-09-22,Florida,South,71+,Medicare,HCP100243,TRUL
PT201328,2024-12-30,Texas,South,18-40,Medicaid,HCP100151,MOUN
PT201329,2024-10-28,California,West,56-70,Commercial,HCP100026,MOUN
PT201330,2025-06-30,Texas,South,71+,Medicare,HCP100235,OZEM
PT201331,2025-05-26,Florida,South,56-70,Commercial,HCP100243,TRUL
PT201332,2026-02-09,New York,Northeast,41-55,Commercial,HCP100186,MOUN
PT201333,2025-10-06,Florida,South,71+,Medicare,HCP100082,TRUL
PT201334,2025-08-18,California,West,41-55,Medicaid,HCP100044,OZEM
PT201335,2024-12-30,Texas,South,56-70,Commercial,HCP100002,OZEM
PT201336,2025-10-20,Florida,South,56-70,Commercial,HCP100046,RYBL
PT201337,2024-10-28,Florida,South,41-55,Commercial,HCP100234,MOUN
PT201338,2024-09-30,Nevada,West,41-55,Commercial,HCP100215,MOUN
PT201339,2026-01-26,Florida,South,71+,Medicare,HCP100266,MOUN
PT201340,2024-09-09,California,West,56-70,Commercial,HCP100148,OZEM
PT201341,2025-09-08,Georgia,South,41-55,Commercial,HCP100110,MOUN
PT201342,2025-09-22,Ohio,Midwest,56-70,Commercial,HCP100150,RYBL
PT201343,2025-10-13,Illinois,Midwest,56-70,Commercial,HCP100268,TRUL
PT201344,2024-12-23,Illinois,Midwest,56-70,Medicaid,HCP100031,RYBL
PT201345,2026-02-16,New York,Northeast,56-70,Commercial,HCP100132,TRUL
PT201346,2024-11-25,Florida,South,41-55,Commercial,HCP100234,TRUL
PT201347,2024-11-25,Michigan,Midwest,71+,Medicare,HCP100242,MOUN
PT201348,2025-11-17,California,West,41-55,Commercial,HCP100007,MOUN
PT201349,2026-03-02,Texas,South,41-55,Medicare,HCP100069,MOUN
PT201350,2025-10-13,New York,Northeast,71+,Medicare,HCP100289,MOUN
PT201351,2025-04-28,Florida,South,56-70,Medicaid,HCP100288,OZEM
PT201352,2025-07-28,Texas,South,41-55,Medicare,HCP100239,MOUN
PT201353,2024-12-30,Georgia,South,56-70,Commercial,HCP100022,TRUL
PT201354,2026-03-02,California,West,18-40,Commercial,HCP100277,OZEM
PT201355,2025-04-21,California,West,18-40,Commercial,HCP100270,OZEM
PT201356,2024-09-16,New York,Northeast,56-70,Commercial,HCP100237,TRUL
PT201357,2026-02-02,FLORIDA,Northeast,41-55,Commercial,HCP100203,OZEM
PT201358,2025-03-31,Texas,South,41-55,Medicare,HCP100291,MOUN
PT201359,2025-10-06,Michigan,Midwest,56-70,Commercial,HCP100250,MOUN
PT201360,2024-09-02,California,West,41-55,Commercial,HCP100270,MOUN
PT201361,2024-11-11,Texas,South,41-55,Commercial,HCP100021,RYBL
PT201362,2024-11-11,Texas,South,41-55,Commercial,HCP100103,MOUN
PT201363,2026-02-23,New York,Northeast,56-70,Commercial,HCP100283,MOUN
PT201364,2025-02-24,Texas,South,41-55,Commercial,HCP100071,OZEM
PT201365,2025-12-08,Texas,South,18-40,Commercial,HCP100061,OZEM
PT201366,2025-10-06,Florida,South,41-55,Commercial,HCP100298,OZEM
PT201367,2025-11-17,Florida,South,41-55,Commercial,HCP100088,MOUN
PT201368,2025-03-31,Illinois,Midwest,56-70,Commercial,HCP100268,MOUN
PT201369,2026-03-09,Texas,South,41-55,Commercial,HCP100071,OZEM
PT201370,2025-05-19,Florida,South,41-55,Commercial,HCP100152,OZEM
PT201371,2024-11-18,California,West,71+,Medicare,HCP100098,TRUL
PT201372,2025-01-13,Michigan,Midwest,56-70,Commercial,HCP100073,OZEM
PT201373,2025-09-01,California,West,41-55,Commercial,HCP100019,MOUN
PT201374,2024-10-14,Texas,South,41-55,Medicaid,HCP100029,MOUN
PT201375,2025-12-22,California,West,71+,Medicare,HCP100187,MOUN
PT201376,2024-09-16,Nevada,West,41-55,Commercial,HCP100080,MOUN
PT201377,2025-11-03,Illinois,Midwest,56-70,Medicare,HCP100107,OZEM
PT201378,2025-05-05,New York,Northeast,71+,Medicaid,HCP100104,RYBL
PT201379,2025-06-09,New York,Northeast,41-55,Commercial,HCP100294,TRUL
PT201380,2025-03-24,Michigan,Midwest,41-55,Medicare,HCP100010,MOUN
PT201381,2024-09-23,Nevada,West,56-70,Commercial,HCP100198,MOUN
PT201382,2025-03-24,Florida,South,41-55,Commercial,HCP100014,OZEM
PT201383,2024-10-28,Illinois,Midwest,41-55,Medicaid,HCP100232,OZEM
PT201384,2026-01-05,California,West,71+,Medicare,HCP100084,RYBL
PT201385,2025-04-21,California,West,18-40,Medicare,HCP100142,TRUL
PT201386,2025-03-17,Michigan,Midwest,18-40,Commercial,HCP100073,MOUN
PT201387,2025-02-10,Florida,South,18-40,Medicaid,HCP100172,MOUN
PT201388,2025-07-28,Georgia,South,18-40,Commercial,HCP100112,MOUN
PT201389,2024-09-16,Florida,South,56-70,Commercial,HCP100246,MOUN
PT201390,2025-01-27,California,West,41-55,Commercial,HCP100165,RYBL
PT201391,2025-03-03,New York,Northeast,56-70,Medicaid,HCP100159,TRUL
PT201392,2025-08-11,California,West,71+,Medicare,HCP100162,MOUN
PT201393,2025-07-28,California,West,18-40,Commercial,HCP100190,TRUL
PT201394,2025-09-22,New York,Northeast,56-70,Commercial,HCP100273,MOUN
PT201395,2025-12-29,Texas,South,18-40,Commercial,HCP100224,MOUN
PT201396,2025-12-15,Florida,South,71+,Medicare,HCP100033,MOUN
PT201397,2024-09-09,Florida,South,18-40,Commercial,HCP100053,TRUL
PT201398,2024-09-16,Michigan,Midwest,56-70,Commercial,HCP100272,TRUL
PT201399,2025-04-07,Illinois,Midwest,56-70,Commercial,HCP100127,MOUN
PT201400,2025-07-21,Florida,South,41-55,Commercial,HCP100259,TRUL
PT201401,2025-12-08,New York,Northeast,56-70,Commercial,HCP100186,OZEM
PT201402,2025-12-08,California,West,56-70,Medicaid,HCP100116,MOUN
PT201403,2025-08-04,Florida,South,56-70,Commercial,HCP100088,OZEM
PT201404,2025-03-03,Michigan,Midwest,56-70,Commercial,HCP100130,OZEM
PT201405,2025-01-27,California,West,56-70,Commercial,HCP100019,TRUL
PT201406,2025-12-29,Texas,South,41-55,Medicaid,HCP100009,TRUL
PT201407,2025-05-19,Texas,South,56-70,Commercial,HCP100004,TRUL
PT201408,2025-05-26,Texas,South,18-40,Commercial,HCP100278,TRUL
PT201409,2025-02-24,Florida,South,56-70,Commercial,HCP100246,TRUL
PT201410,2025-08-11,Illinois,Midwest,56-70,Commercial,HCP100178,MOUN
PT201411,2025-12-01,Texas,South,56-70,Commercial,HCP100238,MOUN
PT201412,2026-03-16,Texas,South,71+,Medicare,HCP100054,OZEM
PT201413,2025-05-12,Texas,South,56-70,Medicare,HCP100179,RYBL
PT201414,2025-08-18,Texas,South,56-70,Commercial,HCP100017,TRUL
PT201415,2024-11-25,California,West,56-70,Commercial,HCP100019,RYBL
PT201416,2025-08-25,California,West,41-55,Medicaid,HCP100207,RYBL
PT201417,2026-02-16,Texas,South,18-40,Commercial,HCP100071,MOUN
PT201418,2025-12-01,California,West,56-70,Commercial,HCP100148,TRUL
PT201419,2025-02-03,New York,Northeast,41-55,Commercial,HCP100048,RYBL
PT201420,2025-07-28,New York,Northeast,41-55,Commercial,HCP100186,TRUL
PT201421,2025-02-10,California,West,18-40,Commercial,HCP100207,TRUL
PT201422,2025-06-30,Illinois,Midwest,71+,Medicare,HCP100031,TRUL
PT201423,2024-12-09,New York,Northeast,41-55,Commercial,HCP100180,OZEM
PT201424,2025-07-28,Florida,South,18-40,Commercial,HCP100243,OZEM
PT201425,2024-12-09,New York,Northeast,18-40,Commercial,HCP100237,TRUL
PT201426,2026-02-16,Georgia,South,56-70,Commercial,HCP100008,TRUL
PT201427,2025-06-16,Florida,South,18-40,Medicaid,HCP100140,OZEM
PT201428,2026-02-16,California,West,56-70,Medicaid,HCP100168,TRUL
PT201429,2025-03-31,Texas,South,41-55,Commercial,HCP100016,RYBL
PT201430,2026-02-16,Florida,South,56-70,Commercial,HCP100152,TRUL
PT201431,2024-09-23,New York,Northeast,41-55,Commercial,HCP100032,OZEM
PT201432,2025-11-10,Florida,South,41-55,Commercial,HCP100288,OZEM
PT201433,2025-12-22,California,West,18-40,Commercial,HCP100282,MOUN
PT201434,2025-10-20,Florida,South,18-40,Commercial,HCP100228,MOUN
PT201435,2025-12-29,California,West,56-70,Commercial,HCP100168,MOUN
PT201436,2025-10-13,Texas,South,71+,Medicare,HCP100293,TRUL
PT201437,2024-11-18,California,West,18-40,Commercial,HCP100277,MOUN
PT201438,2025-06-30,California,West,56-70,Commercial,HCP100091,TRUL
PT201439,2025-08-18,Florida,South,71+,Medicaid,HCP100056,MOUN
PT201440,2025-12-08,Florida,South,41-55,Medicaid,HCP100045,MOUN
PT201441,2025-04-21,Ohio,Midwest,41-55,Commercial,HCP100285,TRUL
PT201442,2025-12-29,Michigan,Midwest,41-55,Commercial,HCP100010,RYBL
PT201443,2025-05-12,Texas,South,56-70,Commercial,HCP100143,OZEM
PT201444,2025-08-11,Texas,South,56-70,Commercial,HCP100189,OZEM
PT201445,2025-01-20,California,West,56-70,Medicare,HCP100134,RYBL
PT201446,2024-12-16,Florida,South,41-55,Commercial,HCP100228,MOUN
PT201447,2025-10-13,Florida,South,56-70,Medicare,HCP100152,TRUL
PT201448,2025-08-25,Georgia,South,56-70,Commercial,HCP100110,TRUL
PT201449,2025-01-06,Texas,South,18-40,Commercial,HCP100147,OZEM
PT201450,2024-10-14,Texas,South,18-40,Medicaid,HCP100169,OZEM
PT201451,2025-09-15,Texas,South,71+,Medicare,HCP100003,MOUN
PT201452,2026-02-16,Illinois,Midwest,56-70,Commercial,HCP100015,RYBL
PT201453,2026-01-26,California,West,56-70,Commercial,HCP100282,TRUL
PT201454,2025-12-01,California,West,41-55,Commercial,HCP100000,MOUN
PT201455,2025-08-04,Georgia,South,41-55,Commercial,HCP100008,MOUN
PT201456,2025-09-22,Illinois,Midwest,56-70,Commercial,HCP100100,MOUN
PT201457,2025-03-24,California,West,56-70,Commercial,HCP100084,OZEM
PT201458,2025-08-25,Illinois,Midwest,41-55,Commercial,HCP100100,MOUN
PT201459,2025-06-16,New York,Northeast,41-55,Medicaid,HCP100203,OZEM
PT201460,2024-12-23,Florida,South,41-55,Commercial,HCP100099,MOUN
PT201461,2024-09-23,California,West,56-70,Medicare,HCP100030,MOUN
PT201462,2025-04-14,California,West,56-70,Commercial,HCP100083,TRUL
PT201463,2025-01-20,California,West,56-70,Commercial,HCP100247,TRUL
PT201464,2026-03-09,California,West,18-40,Commercial,HCP100207,OZEM
PT201465,2026-01-05,California,West,71+,Medicare,HCP100277,OZEM
PT201466,2024-11-11,Texas,South,56-70,Commercial,HCP100213,OZEM
PT201467,2025-09-01,Florida,South,18-40,Commercial,HCP100033,MOUN
PT201468,2025-10-06,New York,Northeast,41-55,Commercial,HCP100159,OZEM
PT201469,2025-03-24,California,West,41-55,Commercial,HCP100134,OZEM
PT201470,2026-01-05,California,West,41-55,Commercial,HCP100066,MOUN
PT201471,2024-09-30,New York,Northeast,56-70,Medicaid,HCP100136,OZEM
PT201472,2025-11-17,California,West,41-55,Commercial,HCP100083,MOUN
PT201473,2025-09-22,Nevada,West,56-70,Commercial,HCP100198,MOUN
PT201474,2025-03-24,Florida,South,18-40,Commercial,HCP100246,TRUL
PT201475,2025-04-07,California,West,41-55,Commercial,HCP100084,TRUL
PT201476,2026-01-19,New York,Northeast,56-70,Commercial,HCP100139,MOUN
PT201477,2024-11-04,Illinois,Midwest,56-70,Commercial,HCP100182,TRUL
PT201478,2025-01-20,Florida,South,18-40,Commercial,HCP100070,OZEM
PT201479,2025-01-20,Florida,South,41-55,Medicaid,HCP100014,OZEM
PT201480,2026-01-12,California,West,56-70,Commercial,HCP100058,MOUN
PT201481,2025-06-30,California,West,56-70,Commercial,HCP100155,MOUN
PT201482,2025-05-05,California,West,41-55,Commercial,HCP100058,OZEM
PT201483,2024-11-11,Ohio,Midwest,41-55,Commercial,HCP100174,MOUN
PT201484,2024-12-30,Illinois,Midwest,18-40,Commercial,HCP100182,OZEM
PT201485,2025-02-24,Illinois,Midwest,18-40,Commercial,HCP100232,OZEM
PT201486,2025-04-07,Florida,South,41-55,Commercial,HCP100117,OZEM
PT201487,2025-07-14,California,West,56-70,Commercial,HCP100277,TRUL
PT201488,2025-02-17,California,West,56-70,Commercial,HCP100026,OZEM
PT201489,2025-05-05,Florida,South,71+,Medicare,HCP100086,MOUN
PT201490,2025-07-21,Florida,South,56-70,Commercial,HCP100243,MOUN
PT201491,2024-10-07,New York,Northeast,56-70,Commercial,HCP100132,RYBL
PT201492,2026-02-23,New York,Northeast,41-55,Commercial,HCP100156,OZEM
PT201493,2025-10-20,Illinois,Midwest,56-70,Commercial,HCP100232,TRUL
PT201494,2025-01-27,Florida,South,56-70,Medicaid,HCP100261,MOUN
PT201495,2025-06-09,Florida,South,56-70,Commercial,HCP100275,OZEM
PT201496,2025-06-02,California,West,41-55,Medicaid,HCP100155,TRUL
PT201497,2025-10-20,Florida,South,41-55,Commercial,HCP100234,OZEM
PT201498,2025-04-28,Georgia,South,56-70,Commercial,HCP100110,MOUN
PT201499,2026-02-02,Illinois,Midwest,56-70,Commercial,HCP100176,OZEM
PT201500,2025-03-24,California,West,41-55,Commercial,HCP100023,MOUN
PT201501,2025-04-07,New York,Northeast,41-55,Medicaid,HCP100299,OZEM
PT201502,2025-04-21,New York,Northeast,41-55,Commercial,HCP100204,TRUL
PT201503,2024-09-16,Florida,South,71+,Medicare,HCP100275,OZEM
PT201504,2024-12-23,Georgia,South,71+,Medicare,HCP100094,MOUN
PT201505,2025-03-10,Florida,South,41-55,Commercial,HCP100099,TRUL
PT201506,2025-08-04,Georgia,South,41-55,Commercial,HCP100135,OZEM
PT201507,2024-12-16,Michigan,Midwest,41-55,Commercial,HCP100272,MOUN
PT201508,2024-09-02,New York,Northeast,41-55,Commercial,HCP100263,MOUN
PT201509,2025-04-14,New York,Northeast,18-40,Commercial,HCP100286,TRUL
PT201510,2025-08-18,Illinois,Midwest,71+,Medicare,HCP100232,TRUL
PT201511,2026-01-19,California,West,56-70,Commercial,HCP100066,MOUN
PT201512,2024-10-28,California,West,56-70,Commercial,HCP100083,MOUN
PT201513,2025-10-06,California,West,71+,Medicaid,HCP100187,MOUN
PT201514,2026-01-19,Ohio,Midwest,71+,Medicare,HCP100090,TRUL
PT201515,2025-05-05,Georgia,South,71+,Medicare,HCP100201,MOUN
PT201516,2025-05-19,New York,Northeast,71+,Medicare,HCP100159,MOUN
PT201517,2026-02-09,California,West,71+,Medicare,HCP100206,OZEM
PT201518,2025-01-27,Texas,South,56-70,Commercial,HCP100004,TRUL
PT201519,2025-10-27,Florida,South,56-70,Medicare,HCP100117,OZEM
PT201520,2025-02-03,Illinois,Midwest,56-70,Commercial,HCP100127,OZEM
PT201521,2025-09-29,Michigan,Midwest,56-70,Medicare,HCP100077,OZEM
PT201522,2026-03-02,Illinois,Midwest,41-55,Commercial,HCP100137,MOUN
PT201523,2025-10-06,Illinois,Midwest,41-55,Medicaid,HCP100015,OZEM
PT201524,2025-08-11,Texas,South,56-70,Medicaid,HCP100171,MOUN
PT201525,2024-10-28,Georgia,South,56-70,Commercial,HCP100135,OZEM
PT201526,2025-05-05,Texas,South,41-55,Commercial,HCP100071,MOUN
PT201527,2024-10-28,Nevada,West,56-70,Commercial,HCP100198,MOUN
PT201528,2024-12-09,California,West,41-55,Commercial,HCP100113,OZEM
PT201529,2025-05-26,California,West,71+,Medicare,HCP100251,RYBL
PT201530,2025-07-14,Georgia,South,41-55,Commercial,HCP100135,MOUN
PT201531,2025-11-03,New York,Northeast,56-70,Medicaid,HCP100048,MOUN
PT201532,2024-11-18,New York,Northeast,41-55,Commercial,HCP100263,OZEM
PT201533,2024-10-07,New York,Northeast,56-70,Commercial,HCP100132,OZEM
PT201534,2025-10-20,California,West,41-55,Commercial,HCP100281,RYBL
PT201535,2024-12-02,Texas,South,41-55,Commercial,HCP100220,MOUN
PT201536,2024-11-11,California,West,71+,Medicare,HCP100091,MOUN
PT201537,2025-10-06,Michigan,Midwest,41-55,Commercial,HCP100065,MOUN
PT201538,2025-02-17,California,West,41-55,Commercial,HCP100113,RYBL
PT201539,2025-04-07,Nevada,West,41-55,Medicare,HCP100042,TRUL
PT201540,2025-08-11,California,West,56-70,Medicaid,HCP100098,TRUL
PT201541,2024-09-30,Texas,South,41-55,Commercial,HCP100164,MOUN
PT201542,2025-01-06,Texas,South,56-70,Commercial,HCP100147,MOUN
PT201543,2025-06-09,Texas,South,41-55,Medicaid,HCP100279,OZEM
PT201544,2025-08-04,Michigan,Midwest,41-55,Commercial,HCP100073,MOUN
PT201545,2024-10-14,California,West,41-55,Commercial,HCP100083,OZEM
PT201546,2025-03-31,Georgia,South,41-55,Commercial,HCP100022,TRUL
PT201547,2024-09-02,Illinois,Midwest,56-70,Medicaid,HCP100137,TRUL
PT201548,2025-08-04,Illinois,Midwest,18-40,Medicare,HCP100107,MOUN
PT201549,2025-02-10,Ohio,Midwest,56-70,Medicaid,HCP100208,OZEM
PT201550,2024-10-21,California,West,41-55,Medicare,HCP100118,RYBL
PT201551,2024-11-11,Georgia,South,56-70,Commercial,HCP100108,TRUL
PT201552,2024-12-09,Florida,South,41-55,Commercial,HCP100062,TRUL
PT201553,2024-12-23,California,West,56-70,Medicaid,HCP100118,TRUL
PT201554,2025-08-25,Illinois,Midwest,18-40,Commercial,HCP100182,TRUL
PT201555,2025-11-17,California,West,56-70,Medicaid,HCP100296,TRUL
PT201556,2025-08-18,Michigan,Midwest,18-40,Commercial,HCP100130,MOUN
PT201557,2025-08-04,Illinois,Midwest,71+,Medicare,HCP100127,OZEM
PT201558,2024-12-30,Florida,South,41-55,Commercial,HCP100246,TRUL
PT201559,2026-01-19,Texas,South,18-40,Commercial,HCP100054,MOUN
PT201560,2026-03-16,California,West,41-55,Medicare,HCP100019,MOUN
PT201561,2026-01-26,New York,Northeast,18-40,Commercial,HCP100255,MOUN
PT201562,2024-12-02,New York,Northeast,56-70,Commercial,HCP100204,MOUN
PT201563,2024-10-28,California,West,41-55,Medicaid,HCP100206,OZEM
PT201564,2025-03-24,Ohio,Midwest,56-70,Medicaid,HCP100271,MOUN
PT201565,2025-02-03,Florida,South,56-70,Commercial,HCP100045,OZEM
PT201566,2025-11-17,New York,Northeast,56-70,Commercial,HCP100283,MOUN
PT201567,2024-11-18,California,West,56-70,Commercial,HCP100190,OZEM
PT201568,2025-11-17,Ohio,Midwest,56-70,Commercial,HCP100208,RYBL
PT201569,2025-01-20,Florida,South,41-55,Commercial,HCP100211,MOUN
PT201570,2024-09-02,California,West,56-70,Commercial,HCP100190,MOUN
PT201571,2025-11-03,Texas,South,41-55,Medicaid,HCP100103,MOUN
PT201572,2025-08-04,Ohio,Midwest,41-55,Commercial,HCP100285,MOUN
PT201573,2026-01-19,Florida,South,71+,Medicare,HCP100243,TRUL
PT201574,2026-01-26,California,West,71+,Medicaid,HCP100265,MOUN
PT201575,2025-08-18,Nevada,West,18-40,Commercial,HCP100184,MOUN
PT201576,2024-11-25,Nevada,West,41-55,Commercial,HCP100018,OZEM
PT201577,2025-09-15,Texas,South,71+,Medicare,HCP100103,TRUL
PT201578,2025-11-17,Texas,South,41-55,Commercial,HCP100147,MOUN
PT201579,2025-03-24,Florida,South,18-40,Medicaid,HCP100085,TRUL
PT201580,2025-06-30,California,West,56-70,Medicare,HCP100044,TRUL
PT201581,2025-08-18,Nevada,West,71+,Medicare,HCP100184,TRUL
PT201582,2025-12-29,Florida,South,56-70,Commercial,HCP100211,MOUN
PT201583,2026-01-19,California,West,71+,Commercial,HCP100219,TRUL
PT201584,2024-10-21,Illinois,Midwest,41-55,Commercial,HCP100232,MOUN
PT201585,2025-02-03,California,West,56-70,Commercial,HCP100210,MOUN
PT201586,2026-03-02,California,West,56-70,Medicaid,HCP100270,OZEM
PT201587,2025-05-05,California,West,41-55,Commercial,HCP100158,OZEM
PT201588,2024-09-16,Florida,South,56-70,Commercial,HCP100046,OZEM
PT201589,2025-03-10, Ohio,Midwest,56-70,Medicaid,HCP100097,OZEM
PT201590,2026-03-09,Texas,South,41-55,Medicare,HCP100041,MOUN
PT201591,2025-11-17,California,West,41-55,Commercial,HCP100155,MOUN
PT201592,2026-01-05,Michigan,Midwest,41-55,Commercial,HCP100073,MOUN
PT201593,2024-09-02,Texas,South,71+,Medicare,HCP100290,MOUN
PT201594,2025-09-22,Nevada,West,56-70,Commercial,HCP100198,OZEM
PT201595,2024-11-25,Georgia,South,41-55,Commercial,HCP100264,MOUN
PT201596,2025-05-26,Florida,South,41-55,Medicaid,HCP100172,MOUN
PT201597,2024-10-28,Ohio,Midwest,41-55,Commercial,HCP100089,TRUL
PT201598,2024-11-18,New York,Northeast,56-70,Commercial,HCP100299,TRUL
PT201599,2025-05-05,New York,Northeast,56-70,Commercial,HCP100132,MOUN
PT201600,2025-07-21,Florida,South,56-70,Commercial,HCP100243,TRUL
PT201601,2025-03-10,Illinois,Midwest,71+,Medicare,HCP100232,TRUL
PT201602,2024-12-23,California,West,56-70,Commercial,HCP100168,TRUL
PT201603,2024-12-30,California,West,41-55,Commercial,HCP100030,TRUL
PT201604,2025-10-06,Texas,South,41-55,Medicaid,HCP100235,TRUL
PT201605,2025-06-16,Texas,South,41-55,Commercial,HCP100016,OZEM
PT201606,2026-01-05,New York,Northeast,71+,Medicare,HCP100299,MOUN
PT201607,2025-05-19,California,West,18-40,Commercial,HCP100167,MOUN
PT201608,2024-12-16,Texas,South,56-70,Medicare,HCP100021,MOUN
PT201609,2024-11-04,Ohio,Midwest,41-55,Commercial,HCP100090,MOUN
PT201610,2024-10-21,Texas,South,18-40,Commercial,HCP100067,OZEM
PT201611,2025-08-25,Georgia,South,41-55,Medicaid,HCP100188,MOUN
PT201612,2024-11-04,Florida,South,56-70,Commercial,HCP100152,MOUN
PT201613,2026-03-02,Texas,South,56-70,Commercial,HCP100079,MOUN
PT201614,2025-09-22,Ohio,Midwest,18-40,Commercial,HCP100121,RYBL
PT201615,2024-11-25,New York,Northeast,41-55,Medicaid,HCP100280,TRUL
PT201616,2025-03-10,New York,Northeast,56-70,Commercial,HCP100289,OZEM
PT201617,2025-01-06,Florida,South,56-70,Medicaid,HCP100053,MOUN
PT201618,2025-01-20,Michigan,Midwest,41-55,Commercial,HCP100241,RYBL
PT201619,2025-09-22,Georgia,South,56-70,Commercial,HCP100075,TRUL
PT201620,2026-02-09,Illinois,Midwest,56-70,Medicaid,HCP100178,TRUL
PT201621,2025-11-17,California,West,56-70,Commercial,HCP100118,TRUL
PT201622,2025-05-05,Illinois,Midwest,41-55,Commercial,HCP100182,MOUN
PT201623,2025-03-10,California,West,18-40,Commercial,HCP100158,OZEM
PT201624,2025-09-29,California,West,41-55,Commercial,HCP100231,RYBL
PT201625,2025-07-21,Michigan,Midwest,41-55,Commercial,HCP100183,RYBL
PT201626,2026-03-02,New York,Northeast,18-40,Commercial,HCP100299,MOUN
PT201627,2025-09-29,Georgia,South,56-70,Commercial,HCP100075,MOUN
PT201628,2025-02-03,Florida,South,71+,Medicare,HCP100152,TRUL
PT201629,2025-11-24,California,West,41-55,Commercial,HCP100267,OZEM
PT201630,2026-03-16,California,West,41-55,Commercial,HCP100118,MOUN
PT201631,2025-01-20,Ohio,Midwest,41-55,Commercial,HCP100090,RYBL
PT201632,2025-03-03,Georgia,South,56-70,Commercial,HCP100135,OZEM
PT201633,2026-03-09,New York,Northeast,71+,Medicare,HCP100136,OZEM
PT201634,2024-12-30,California,West,56-70,Commercial,HCP100251,MOUN
PT201635,2025-08-25,Illinois,Midwest,71+,Medicare,HCP100100,RYBL
PT201636,2026-01-05,Florida,South,56-70,Medicaid,HCP100129,TRUL
PT201637,2025-02-03,California,West,56-70,Commercial,HCP100168,MOUN
PT201638,2024-11-11,Georgia,South,56-70,Commercial,HCP100110,MOUN
PT201639,2026-02-02,Texas,South,18-40,Medicaid,HCP100079,OZEM
PT201640,2024-10-14,California,West,41-55,Commercial,HCP100030,TRUL
PT201641,2026-01-19,Georgia,South,56-70,Medicaid,HCP100108,RYBL
PT201642,2025-03-24,California,West,18-40,Commercial,HCP100044,MOUN
PT201643,2025-11-24,Nevada,West,18-40,Commercial,HCP100080,MOUN
PT201644,2026-02-23,New York,Northeast,41-55,Commercial,HCP100200,MOUN
PT201645,2024-12-02,Illinois,Midwest,18-40,Commercial,HCP100127,TRUL
PT201646,2024-09-30,Illinois,Midwest,41-55,Commercial,HCP100268,MOUN
PT201647,2026-03-02,Georgia,South,18-40,Commercial,HCP100102,MOUN
PT201648,2026-01-12,California,West,56-70,Commercial,HCP100297,RYBL
PT201649,2024-09-23,Illinois,Midwest,18-40,Commercial,HCP100182,TRUL
PT201650,2024-12-02,California,West,56-70,Commercial,HCP100030,TRUL
PT201651,2024-12-30,California,West,56-70,Commercial,HCP100115,OZEM
PT201652,2024-10-07,California,West,56-70,Medicaid,HCP100276,MOUN
PT201653,2025-12-15,Texas,South,56-70,Medicaid,HCP100057,MOUN
PT201654,2024-11-25,Nevada,West,71+,Commercial,HCP100198,RYBL
PT201655,2025-05-19,Michigan,Midwest,56-70,Commercial,HCP100092,OZEM
PT201656,2026-01-26,Texas,South,56-70,Commercial,HCP100238,MOUN
PT201657,2025-01-13,Illinois,Midwest,41-55,Commercial,HCP100015,MOUN
PT201658,2024-11-11,Ohio,Midwest,18-40,Commercial,HCP100011,OZEM
PT201659,2026-01-05,Nevada,West,56-70,Commercial,HCP100184,TRUL
PT201660,2024-12-02,Georgia,South,56-70,Commercial,HCP100108,MOUN
PT201661,2024-10-28,Georgia,South,56-70,Medicare,HCP100120,RYBL
PT201662,2025-11-10,Georgia,South,56-70,Commercial,HCP100201,TRUL
PT201663,2024-10-07,Florida,South,56-70,Commercial,HCP100152,OZEM
PT201664,2025-06-02,New York,Northeast,41-55,Commercial,HCP100139,MOUN
PT201665,2024-10-07,Ohio,Midwest,41-55,Commercial,HCP100074,TRUL
PT201666,2025-06-23,Florida,South,41-55,Medicaid,HCP100088,TRUL
PT201667,2025-03-24,California,West,56-70,Commercial,HCP100207,MOUN
PT201668,2025-12-01,Illinois,Midwest,41-55,Commercial,HCP100015,TRUL
PT201669,2025-01-27,Texas,South,71+,Medicare,HCP100239,MOUN
PT201670,2025-06-02,Ohio,Midwest,56-70,Commercial,HCP100284,OZEM
PT201671,2024-12-02,California,West,71+,Medicare,HCP100190,MOUN
PT201672,2024-10-14,Michigan,Midwest,56-70,Commercial,HCP100166,MOUN
PT201673,2025-04-21,Illinois,Midwest,18-40,Commercial,HCP100232,OZEM
PT201674,2024-10-14,Ohio,Midwest,18-40,Commercial,HCP100208,RYBL
PT201675,2025-07-14,New York,Northeast,71+,Medicare,HCP100181,MOUN
PT201676,2025-09-29,New York,Northeast,71+,Medicare,HCP100032,MOUN
PT201677,2025-02-17,California,West,41-55,Medicare,HCP100047,MOUN
PT201678,2025-09-08,California,West,71+,Medicare,HCP100019,RYBL
PT201679,2026-01-26,Texas,South,18-40,Commercial,HCP100028,MOUN
PT201680,2026-03-09,New York,Northeast,56-70,Commercial,HCP100181,OZEM
PT201681,2024-12-02,Michigan,Midwest,71+,Medicare,HCP100130,OZEM
PT201682,2025-05-12,New York,Northeast,71+,Medicare,HCP100200,TRUL
PT201683,2025-12-29,New York,Northeast,56-70,Commercial,HCP100294,TRUL
PT201684,2026-02-02,Texas,South,18-40,Commercial,HCP100293,MOUN
PT201685,2025-04-14,Florida,South,41-55,Commercial,HCP100049,TRUL
PT201686,2025-08-04,Texas,South,56-70,Commercial,HCP100161,MOUN
PT201687,2025-07-14,Illinois,Midwest,56-70,Medicare,HCP100107,MOUN
PT201688,2026-01-19,Texas,South,56-70,Commercial,HCP100157,RYBL
PT201689,2025-08-11,California,West,41-55,Commercial,HCP100148,OZEM
PT201690,2026-03-02,California,West,41-55,Medicare,HCP100145,OZEM
PT201691,2025-01-13,Michigan,Midwest,56-70,Commercial,HCP100166,OZEM
PT201692,2025-06-09,TEXAS,South,71+,Medicaid,HCP100279,OZEM
PT201693,2026-01-12,Texas,South,56-70,Medicare,HCP100235,OZEM
PT201694,2025-07-21,California,West,41-55,Medicaid,HCP100277,OZEM
PT201695,2025-05-26,New York,Northeast,56-70,Medicaid,HCP100159,TRUL
PT201696,2026-03-02,Nevada,West,41-55,Commercial,HCP100184,OZEM
PT201697,2025-04-21,Texas,South,41-55,Medicaid,HCP100052,OZEM
PT201698,2024-09-16,Texas,South,41-55,Medicare,HCP100164,RYBL
PT201699,2025-03-10,California,West,56-70,Commercial,HCP100113,TRUL
PT201700,2025-12-01,California,West,18-40,Medicare,HCP100155,OZEM
PT201701,2024-11-04,California,West,56-70,Commercial,HCP100146,RYBL
PT201702,2025-03-24,California,West,56-70,Commercial,HCP100066,OZEM
PT201703,2025-03-10,California,West,41-55,Medicare,HCP100251,OZEM
PT201704,2025-10-13,Florida,South,41-55,Medicare,HCP100085,TRUL
PT201705,2025-05-26,Ohio,Midwest,41-55,Medicare,HCP100097,OZEM
PT201706,2025-03-31,New York,Northeast,56-70,Commercial,HCP100186,MOUN
PT201707,2025-07-21,Nevada,West,18-40,Commercial,HCP100216,MOUN
PT201708,2025-11-17,New York,Northeast,41-55,Commercial,HCP100299,OZEM
PT201709,2024-09-02,Illinois,Midwest,56-70,Commercial,HCP100232,TRUL
PT201710,2025-06-02,California,West,56-70,Commercial,HCP100063,MOUN
PT201711,2025-03-17,Illinois,Midwest,56-70,Medicaid,HCP100182,TRUL
PT201712,2025-02-03,Michigan,Midwest,41-55,Commercial,HCP100260,TRUL
PT201713,2025-01-06,Texas,South,56-70,Medicare,HCP100290,OZEM
PT201714,2026-02-02,California,West,18-40,Medicaid,HCP100030,TRUL
PT201715,2025-07-28,New York,Northeast,56-70,Medicare,HCP100294,RYBL
PT201716,2025-12-01,Illinois,Midwest,41-55,Medicaid,HCP100137,MOUN
PT201717,2026-02-23,Florida,South,71+,Medicare,HCP100211,TRUL
PT201718,2025-09-01,Michigan,Midwest,56-70,Commercial,HCP100183,TRUL
PT201719,2025-02-17,Nevada,West,56-70,Commercial,HCP100198,MOUN
PT201720,2026-01-05,Texas,South,56-70,Medicare,HCP100213,OZEM
PT201721,2024-09-16,California,West,56-70,Commercial,HCP100170,TRUL
PT201722,2025-01-20,Ohio,Midwest,56-70,Commercial,HCP100150,MOUN
PT201723,2025-08-04,California,West,56-70,Commercial,HCP100165,MOUN
PT201724,2026-01-12,Michigan,Midwest,41-55,Commercial,HCP100010,MOUN
PT201725,2026-01-05,Florida,South,41-55,Commercial,HCP100246,OZEM
PT201726,2025-06-23,California,West,56-70,Medicaid,HCP100168,MOUN
PT201727,2025-02-10,California,West,41-55,Medicaid,HCP100247,OZEM
PT201728,2025-12-08,New York,Northeast,71+,Medicare,HCP100186,MOUN
PT201729,2025-05-19,California,West,41-55,Commercial,HCP100207,MOUN
PT201730,2026-03-09,Texas,South,71+,Medicare,HCP100157,OZEM
PT201731,2024-09-02,New York,Northeast,41-55,Medicare,HCP100068,OZEM
PT201732,2025-08-04,Illinois,Midwest,71+,Medicare,HCP100268,OZEM
PT201733,2025-08-04,Ohio,Midwest,56-70,Commercial,HCP100208,TRUL
PT201734,2024-10-28,California,West,41-55,Commercial,HCP100091,OZEM
PT201735,2025-10-20,California,West,18-40,Commercial,HCP100019,MOUN
PT201736,2025-09-15,California,West,71+,Medicare,HCP100248,RYBL
PT201737,2025-09-29,Texas,South,56-70,Commercial,HCP100054,OZEM
PT201738,2024-12-09,New York,Northeast,71+,Medicare,HCP100132,RYBL
PT201739,2025-01-13,Texas,South,18-40,Commercial,HCP100003,TRUL
PT201740,2025-03-10,Texas,South,41-55,Commercial,HCP100224,OZEM
PT201741,2025-12-29,Florida,South,56-70,Medicare,HCP100086,OZEM
PT201742,2025-05-12,New York,Northeast,56-70,Medicare,HCP100280,MOUN
PT201743,2025-08-18,Nevada,West,56-70,Commercial,HCP100198,RYBL
PT201744,2025-09-01,Illinois,Midwest,41-55,Commercial,HCP100268,OZEM
PT201745,2025-01-20,Texas,South,71+,Medicare,HCP100004,OZEM
PT201746,2025-04-14,California,West,41-55,Medicare,HCP100084,RYBL
PT201747,2025-03-17,Michigan,Midwest,41-55,Commercial,HCP100010,MOUN
PT201748,2026-03-02,Michigan,Midwest,56-70,Medicare,HCP100183,TRUL
PT201749,2026-01-12,Texas,South,56-70,Commercial,HCP100147,MOUN
PT201750,2025-03-17,California,West,41-55,Medicaid,HCP100230,TRUL
PT201751,2025-07-28,Ohio,Midwest,56-70,Commercial,HCP100090,MOUN
PT201752,2025-07-07,Illinois,Midwest,71+,Medicare,HCP100232,MOUN
PT201753,2025-03-10,New York,Northeast,56-70,Commercial,HCP100104,RYBL
PT201754,2025-12-08,New York,Northeast,56-70,Medicaid,HCP100005,OZEM
PT201755,2025-03-17,New York,Northeast,56-70,Commercial,HCP100240,OZEM
PT201756,2025-11-24,Texas,South,56-70,Medicaid,HCP100003,MOUN
PT201757,2025-01-20,Michigan,Midwest,41-55,Medicaid,HCP100183,OZEM
PT201758,2024-09-23,Texas,South,56-70,Medicare,HCP100052,MOUN
PT201759,2025-07-14,California,West,41-55,Commercial,HCP100249,TRUL
PT201760,2024-11-18,Texas,South,41-55,Commercial,HCP100151,MOUN
PT201761,2024-10-21,Florida,South,41-55,Commercial,HCP100160,MOUN
PT201762,2025-07-21,Florida,South,41-55,Commercial,HCP100046,TRUL
PT201763,2026-01-05,Texas,South,71+,Medicare,HCP100051,MOUN
PT201764,2024-11-11,Texas,South,71+,Medicare,HCP100109,OZEM
PT201765,2025-12-01,Georgia,South,56-70,Commercial,HCP100108,MOUN
PT201766,2025-08-18,Texas,South,41-55,Medicaid,HCP100009,MOUN
PT201767,2026-03-09,Florida,South,56-70,Commercial,HCP100211,MOUN
PT201768,2025-09-01,Illinois,Midwest,56-70,Medicaid,HCP100100,OZEM
PT201769,2025-03-03,Texas,South,71+,Medicare,HCP100071,RYBL
PT201770,2024-10-21,California,West,56-70,Commercial,HCP100281,RYBL
PT201771,2025-11-17,Ohio,Midwest,41-55,Commercial,HCP100097,MOUN
PT201772,2025-07-21,Ohio,Midwest,56-70,Commercial,HCP100257,TRUL
PT201773,2026-01-19,Florida,South,41-55,Commercial,HCP100228,MOUN
PT201774,2025-09-15,California,West,71+,Medicare,HCP100210,MOUN
PT201775,2025-04-28,Florida,South,71+,Medicare,HCP100191,OZEM
PT201776,2025-05-05,Illinois,Midwest,18-40,Commercial,HCP100100,TRUL
PT201777,2025-06-16,New York,Northeast,56-70,Medicaid,HCP100048,RYBL
PT201778,2025-11-10,Illinois,Midwest,56-70,Medicaid,HCP100232,OZEM
PT201779,2026-02-02,Florida,South,56-70,Commercial,HCP100152,TRUL
PT201780,2025-09-22,California,West,56-70,Commercial,HCP100168,MOUN
PT201781,2025-02-03,Texas,South,41-55,Commercial,HCP100017,MOUN
PT201782,2024-11-04,California,West,56-70,Medicaid,HCP100175,MOUN
PT201783,2025-08-18,Ohio,Midwest,41-55,Commercial,HCP100089,MOUN
PT201784,2024-11-04,Florida,South,56-70,Medicaid,HCP100106,MOUN
PT201785,2025-01-27,Nevada,West,56-70,Medicaid,HCP100184,RYBL
PT201786,2025-03-17,New York,Northeast,71+,Medicare,HCP100289,RYBL
PT201787,2025-09-22,Texas,South,56-70,Commercial,HCP100161,MOUN
PT201788,2024-11-25,Georgia,South,41-55,Commercial,HCP100012,OZEM
PT201789,2025-10-20,Illinois,Midwest,56-70,Commercial,HCP100232,OZEM
PT201790,2025-02-10,Michigan,Midwest,41-55,Commercial,HCP100010,MOUN
PT201791,2024-12-09,Georgia,South,71+,Medicare,HCP100022,TRUL
PT201792,2025-11-03,Georgia,South,71+,Medicare,HCP100154,MOUN
PT201793,2025-01-20,Florida,South,56-70,Medicaid,HCP100062,TRUL
PT201794,2025-08-11,Georgia,South,56-70,Medicaid,HCP100081,MOUN
PT201795,2024-12-23,Nevada,West,56-70,Medicaid,HCP100198,RYBL
PT201796,2025-11-03,Florida,South,71+,Medicare,HCP100036,MOUN
PT201797,2026-03-09,California,West,71+,Medicare,HCP100155,RYBL
PT201798,2025-01-27,Nevada,West,71+,Medicare,HCP100080,OZEM
PT201799,2024-11-25,Michigan,Midwest,56-70,Medicare,HCP100250,MOUN
PT201800,2025-02-24,New York,Northeast,56-70,Commercial,HCP100204,TRUL
PT201801,2025-04-07,Florida,South,18-40,Commercial,HCP100172,TRUL
PT201802,2024-09-23,Florida,South,41-55,Medicaid,HCP100152,MOUN
PT201803,2024-11-25,Georgia,South,41-55,Commercial,HCP100154,MOUN
PT201804,2025-04-07,Michigan,Midwest,41-55,Commercial,HCP100166,OZEM
PT201805,2025-05-12,New York,Northeast,41-55,Commercial,HCP100180,MOUN
PT201806,2025-11-17,Michigan,Midwest,71+,Medicare,HCP100183,MOUN
PT201807,2025-05-12,Florida,South,41-55,Commercial,HCP100027,RYBL
PT201808,2024-10-14,Florida,South,56-70,Commercial,HCP100129,TRUL
PT201809,2025-09-22,Texas,South,56-70,Commercial,HCP100274,TRUL
PT201810,2025-06-30,Texas,South,41-55,Medicare,HCP100189,MOUN
PT201811,2025-09-15,Michigan,Midwest,18-40,Medicaid,HCP100010,MOUN
PT201812,2025-03-31,California,West,56-70,Commercial,HCP100019,TRUL
PT201813,2026-01-19,Nevada,West,41-55,Commercial,HCP100042,MOUN
PT201814,2025-01-27,Georgia,South,41-55,Commercial,HCP100135,OZEM
PT201815,2026-02-09,Florida,South,41-55,Commercial,HCP100117,MOUN
PT201816,2024-09-09,New York,Northeast,41-55,Medicaid,HCP100132,OZEM
PT201817,2024-09-02,Florida,South,56-70,Commercial,HCP100269,MOUN
PT201818,2025-07-21,Texas,South,41-55,Medicaid,HCP100189,MOUN
PT201819,2024-11-25,California,West,56-70,Commercial,HCP100177,RYBL
PT201820,2026-01-26,California,West,71+,Medicare,HCP100187,MOUN
PT201821,2025-06-09,Texas,South,71+,Commercial,HCP100028,OZEM
PT201822,2024-11-04,Texas,South,18-40,Commercial,HCP100141,OZEM
PT201823,2025-09-15,Illinois,Midwest,41-55,Medicare,HCP100176,TRUL
PT201824,2024-12-30,Florida,South,71+,Medicare,HCP100060,TRUL
PT201825,2026-03-16,Texas,South,41-55,Medicare,HCP100238,RYBL
PT201826,2025-04-14,Illinois,Midwest,18-40,Medicare,HCP100137,OZEM
PT201827,2025-12-15,Nevada,West,56-70,Commercial,HCP100184,MOUN
PT201828,2025-10-06,Georgia,South,56-70,Medicare,HCP100108,OZEM
PT201829,2025-04-07,Texas,South,41-55,Commercial,HCP100213,TRUL
PT201830,2025-09-08,California,West,56-70,Commercial,HCP100134,OZEM
PT201831,2024-11-04,Nevada,West,56-70,Medicaid,HCP100216,MOUN
PT201832,2026-01-19,Texas,South,71+,Medicare,HCP100004,OZEM
PT201833,2026-01-19,Florida,South,56-70,Medicare,HCP100085,MOUN
PT201834,2025-05-19,California,West,56-70,Commercial,HCP100175,MOUN
PT201835,2025-03-24,Texas,South,56-70,Medicare,HCP100002,TRUL
PT201836,2024-12-16,Texas,South,56-70,Commercial,HCP100051,RYBL
PT201837,2025-01-20,Georgia,South,71+,Medicare,HCP100050,RYBL
PT201838,2025-06-30,Florida,South,41-55,Commercial,HCP100070,TRUL
PT201839,2025-10-20, illinois,South,41-55,Medicaid,HCP100075,MOUN
PT201840,2024-12-09,Georgia,South,41-55,Medicare,HCP100188,OZEM
PT201841,2025-04-07,California,West,41-55,Medicare,HCP100091,MOUN
PT201842,2025-12-15,California,West,71+,Commercial,HCP100277,MOUN
PT201843,2025-04-14,Florida,South,41-55,Commercial,HCP100246,MOUN
PT201844,2024-09-16,Illinois,Midwest,56-70,Commercial,HCP100232,RYBL
PT201845,2025-12-01,Michigan,Midwest,71+,Medicare,HCP100260,MOUN
PT201846,2025-05-12,Florida,South,41-55,Medicare,HCP100062,MOUN
PT201847,2025-06-23,Texas,South,56-70,Commercial,HCP100147,OZEM
PT201848,2026-03-09,California,West,56-70,Medicaid,HCP100019,MOUN
PT201849,2025-03-17,New York,Northeast,41-55,Commercial,HCP100286,TRUL
PT201850,2025-01-13,Nevada,West,18-40,Commercial,HCP100184,MOUN
PT201851,2025-08-04,Texas,South,56-70,Medicaid,HCP100147,OZEM
PT201852,2025-10-20,New York,Northeast,71+,Medicare,HCP100200,TRUL
PT201853,2024-12-02,California,West,56-70,Commercial,HCP100252,MOUN
PT201854,2024-12-23,Illinois,Midwest,71+,Medicare,HCP100182,MOUN
PT201855,2026-01-19,Georgia,South,71+,Medicare,HCP100135,TRUL
PT201856,2024-11-18,Texas,South,56-70,Medicaid,HCP100103,TRUL
PT201857,2025-02-03,Florida,South,56-70,Commercial,HCP100295,OZEM
PT201858,2026-01-19,Florida,South,56-70,Medicaid,HCP100152,TRUL
PT201859,2024-12-02,Texas,South,41-55,Commercial,HCP100161,MOUN
PT201860,2025-05-05,Michigan,Midwest,56-70,Medicaid,HCP100272,MOUN
PT201861,2025-04-28,California,West,56-70,Commercial,HCP100019,MOUN
PT201862,2025-02-03,California,West,56-70,Commercial,HCP100007,TRUL
PT201863,2026-02-09,Texas,South,18-40,Commercial,HCP100103,TRUL
PT201864,2026-02-09,Florida,South,56-70,Medicaid,HCP100288,MOUN
PT201865,2025-10-27,New York,Northeast,56-70,Medicaid,HCP100273,MOUN
PT201866,2025-09-08,California,West,18-40,Medicaid,HCP100155,MOUN
PT201867,2024-11-04,California,West,56-70,Medicaid,HCP100190,TRUL
PT201868,2025-10-06,Ohio,Midwest,41-55,Commercial,HCP100089,MOUN
PT201869,2025-04-07,Texas,South,18-40,Commercial,HCP100041,TRUL
PT201870,2025-06-09,Florida,South,56-70,Commercial,HCP100140,OZEM
PT201871,2025-02-24,Illinois,Midwest,41-55,Commercial,HCP100031,MOUN
PT201872,2025-03-03,Texas,South,18-40,Medicaid,HCP100071,MOUN
PT201873,2025-07-21,California,West,71+,Medicare,HCP100167,TRUL
PT201874,2026-02-16,Ohio,Midwest,56-70,Medicare,HCP100217,OZEM
PT201875,2025-04-14,Texas,South,56-70,Medicaid,HCP100151,OZEM
PT201876,2025-03-17,California,West,56-70,Commercial,HCP100007,OZEM
PT201877,2024-09-16,New York,Northeast,71+,Medicare,HCP100093,MOUN
PT201878,2025-10-06,California,West,41-55,Commercial,HCP100277,TRUL
PT201879,2024-12-16,Illinois,Midwest,71+,Medicare,HCP100127,TRUL
PT201880,2024-09-30,Nevada,West,41-55,Commercial,HCP100018,MOUN
PT201881,2026-02-23,New York,Northeast,41-55,Commercial,HCP100159,RYBL
PT201882,2025-03-03,California,West,56-70,Commercial,HCP100206,OZEM
PT201883,2025-06-23,California,West,41-55,Commercial,HCP100101,RYBL
PT201884,2025-02-03,New York,Northeast,41-55,Commercial,HCP100186,OZEM
PT201885,2025-03-24,California,West,18-40,Commercial,HCP100170,TRUL
PT201886,2025-03-24,Texas,South,41-55,Commercial,HCP100274,OZEM
PT201887,2025-06-09,New York,Northeast,41-55,Commercial,HCP100163,MOUN
PT201888,2025-11-03,California,West,71+,Medicare,HCP100214,OZEM
PT201889,2026-02-16,Florida,South,41-55,Commercial,HCP100056,RYBL
PT201890,2024-11-18,Illinois,Midwest,56-70,Commercial,HCP100107,MOUN
PT201891,2024-10-07,Illinois,Midwest,41-55,Commercial,HCP100107,MOUN
PT201892,2025-08-11,Georgia,South,56-70,Medicaid,HCP100135,TRUL
PT201893,2026-03-02,Florida,South,41-55,Commercial,HCP100088,MOUN
PT201894,2024-09-02,Michigan,Midwest,41-55,Medicare,HCP100166,TRUL
PT201895,2024-11-04,Florida,South,56-70,Commercial,HCP100119,OZEM
PT201896,2025-04-14,California,West,41-55,Medicaid,HCP100153,RYBL
PT201897,2025-06-09,New York,Northeast,41-55,Medicare,HCP100093,TRUL
PT201898,2025-11-10,Michigan,Midwest,71+,Medicare,HCP100092,MOUN
PT201899,2025-09-08,Florida,South,41-55,Medicaid,HCP100193,TRUL
PT201900,2025-12-15,New York,Northeast,56-70,Commercial,HCP100163,OZEM
PT201901,2025-08-04,Florida,South,41-55,Commercial,HCP100243,MOUN
PT201902,2025-05-12,California,West,56-70,Commercial,HCP100168,MOUN
PT201903,2025-09-08,New York,Northeast,56-70,Commercial,HCP100180,MOUN
PT201904,2025-10-20,Florida,South,71+,Medicare,HCP100243,RYBL
PT201905,2025-04-14,New York,Northeast,41-55,Commercial,HCP100032,OZEM
PT201906,2024-09-30,Ohio,Midwest,18-40,Commercial,HCP100074,OZEM
PT201907,2025-07-14,Nevada,West,41-55,Commercial,HCP100184,MOUN
PT201908,2025-12-01,Texas,South,56-70,Commercial,HCP100067,TRUL
PT201909,2024-12-16,Ohio,Midwest,18-40,Medicaid,HCP100011,MOUN
PT201910,2024-11-11,Florida,South,41-55,Commercial,HCP100152,TRUL
PT201911,2025-09-15,California,West,18-40,Medicaid,HCP100155,MOUN
PT201912,2024-09-30,Florida,South,18-40,Medicaid,HCP100117,TRUL
PT201913,2025-12-22,Ohio,Midwest,56-70,Commercial,HCP100196,TRUL
PT201914,2026-01-19,Michigan,Midwest,56-70,Medicaid,HCP100166,MOUN
PT201915,2024-12-02,Ohio,Midwest,56-70,Medicare,HCP100284,TRUL
PT201916,2025-11-03,California,West,56-70,Commercial,HCP100207,MOUN
PT201917,2024-09-30,Florida,South,56-70,Commercial,HCP100087,RYBL
PT201918,2024-10-14,California,West,71+,Medicare,HCP100026,MOUN
PT201919,2025-02-10,California,West,41-55,Commercial,HCP100105,OZEM
PT201920,2025-04-21,New York,Northeast,41-55,Commercial,HCP100159,OZEM
PT201921,2024-12-23,California,West,56-70,Medicare,HCP100251,TRUL
PT201922,2025-08-25,California,West,56-70,Commercial,HCP100115,MOUN
PT201923,2025-04-21,California,West,41-55,Medicaid,HCP100251,MOUN
PT201924,2026-03-09,Georgia,South,71+,Medicare,HCP100095,OZEM
PT201925,2024-10-21,Illinois,Midwest,41-55,Commercial,HCP100137,OZEM
PT201926,2026-01-26,Texas,South,18-40,Commercial,HCP100278,MOUN
PT201927,2026-03-02,Illinois,Midwest,56-70,Commercial,HCP100268,TRUL
PT201928,2024-11-04,Florida,South,18-40,Commercial,HCP100085,TRUL
PT201929,2025-05-12,New York,Northeast,56-70,Commercial,HCP100043,MOUN
PT201930,2026-01-12,New York,Northeast,41-55,Medicare,HCP100043,MOUN
PT201931,2025-05-19,California,West,41-55,Commercial,HCP100248,RYBL
PT201932,2025-07-07,Texas,South,56-70,Commercial,HCP100029,MOUN
PT201933,2025-12-29,California,West,71+,Medicare,HCP100044,OZEM
PT201934,2025-03-03,Texas,South,18-40,Commercial,HCP100004,RYBL
PT201935,2025-09-08,Texas,South,56-70,Commercial,HCP100236,OZEM
PT201936,2026-02-02,California,West,41-55,Commercial,HCP100083,RYBL
PT201937,2025-07-07,Florida,South,56-70,Commercial,HCP100234,OZEM
PT201938,2025-06-23,California,West,18-40,Commercial,HCP100175,OZEM
PT201939,2025-06-02,Florida,South,41-55,Medicare,HCP100266,TRUL
PT201940,2025-02-17,California,West,56-70,Commercial,HCP100170,OZEM
PT201941,2025-06-09,New York,Northeast,71+,Medicare,HCP100255,MOUN
PT201942,2025-03-24,Texas,South,71+,Medicare,HCP100189,MOUN
PT201943,2025-01-13,Georgia,South,56-70,Medicaid,HCP100120,TRUL
PT201944,2025-10-27,Illinois,Midwest,41-55,Commercial,HCP100178,MOUN
PT201945,2026-02-23,California,West,56-70,Commercial,HCP100270,RYBL
PT201946,2025-12-22,Michigan,Midwest,41-55,Commercial,HCP100077,MOUN
PT201947,2024-10-21,New York,Northeast,56-70,Commercial,HCP100204,TRUL
PT201948,2025-05-12,Texas,South,41-55,Commercial,HCP100278,MOUN
PT201949,2025-06-16,Georgia,South,18-40,Commercial,HCP100135,MOUN
PT201950,2025-12-15,California,West,41-55,Commercial,HCP100083,OZEM
PT201951,2025-06-30,Michigan,Midwest,71+,Medicare,HCP100250,TRUL
PT201952,2025-09-15,michigan,South,56-70,Commercial,HCP100124,OZEM
PT201953,2025-07-14,Texas,South,41-55,Commercial,HCP100061,MOUN
PT201954,2026-03-09,Texas,South,56-70,Commercial,HCP100157,MOUN
PT201955,2025-05-12,Michigan,Midwest,41-55,Commercial,HCP100242,OZEM
PT201956,2024-11-11,Ohio,Midwest,71+,Medicare,HCP100208,MOUN
PT201957,2024-11-25,Georgia,South,71+,Medicare,HCP100081,MOUN
PT201958,2025-11-17,California,West,56-70,Commercial,HCP100165,MOUN
PT201959,2025-09-29,New York,Northeast,56-70,Medicare,HCP100294,MOUN
PT201960,2025-01-06,Texas,South,56-70,Commercial,HCP100293,TRUL
PT201961,2025-06-16,Florida,South,56-70,Commercial,HCP100223,OZEM
PT201962,2024-11-11,Georgia,South,56-70,Commercial,HCP100075,TRUL
PT201963,2025-05-12,California,West,41-55,Commercial,HCP100281,TRUL
PT201964,2025-03-24,Illinois,Midwest,71+,Medicare,HCP100232,RYBL
PT201965,2024-09-30,Ohio,Midwest,56-70,Commercial,HCP100038,TRUL
PT201966,2025-12-22,Florida,South,41-55,Commercial,HCP100233,MOUN
PT201967,2025-12-01,Texas,South,71+,Medicaid,HCP100017,OZEM
PT201968,2026-02-23,Illinois,Midwest,71+,Medicare,HCP100232,RYBL
PT201969,2025-06-09,Michigan,Midwest,41-55,Commercial,HCP100092,MOUN
PT201970,2025-01-13,Michigan,Midwest,71+,Medicare,HCP100272,MOUN
PT201971,2024-11-25,Texas,South,41-55,Commercial,HCP100034,MOUN
PT201972,2024-09-09,California,West,71+,Medicare,HCP100115,TRUL
PT201973,2025-05-05,Georgia,South,41-55,Commercial,HCP100126,MOUN
PT201974,2025-12-01,Florida,South,56-70,Medicaid,HCP100195,MOUN
PT201975,2024-12-02,Texas,South,56-70,Commercial,HCP100192,MOUN
PT201976,2025-05-26,Nevada,West,41-55,Commercial,HCP100018,MOUN
PT201977,2025-12-22,New York,Northeast,41-55,Commercial,HCP100013,TRUL
PT201978,2024-10-28,California,West,71+,Medicare,HCP100101,RYBL
PT201979,2025-11-03,Michigan,Midwest,56-70,Medicaid,HCP100183,MOUN
PT201980,2025-02-10,Ohio,Midwest,56-70,Commercial,HCP100089,OZEM
PT201981,2026-03-16,Florida,South,18-40,Commercial,HCP100172,RYBL
PT201982,2025-03-24,Texas,South,56-70,Commercial,HCP100262,TRUL
PT201983,2025-09-08,Texas,South,41-55,Commercial,HCP100009,OZEM
PT201984,2024-09-30,Michigan,Midwest,18-40,Commercial,HCP100242,MOUN
PT201985,2025-05-12,California,West,56-70,Commercial,HCP100105,OZEM
PT201986,2025-11-10,New York,Northeast,56-70,Commercial,HCP100048,MOUN
PT201987,2024-11-18,New York,Northeast,41-55,Commercial,HCP100203,TRUL
PT201988,2026-01-26,Ohio,Midwest,71+,Medicare,HCP100285,MOUN
PT201989,2025-12-29,Texas,South,41-55,Medicaid,HCP100111,MOUN
PT201990,2025-12-29,Florida,South,56-70,Commercial,HCP100106,OZEM
PT201991,2024-12-30,Texas,South,56-70,Medicaid,HCP100054,MOUN
PT201992,2025-06-16,Illinois,Midwest,71+,Medicare,HCP100232,RYBL
PT201993,2025-06-30,Texas,South,41-55,Commercial,HCP100002,OZEM
PT201994,2025-09-29,Texas,South,56-70,Commercial,HCP100061,MOUN
PT201995,2025-12-22,Florida,South,18-40,Commercial,HCP100045,TRUL
PT201996,2025-07-21,Ohio,Midwest,18-40,Commercial,HCP100089,MOUN
PT201997,2025-12-08,California,West,56-70,Commercial,HCP100134,OZEM
PT201998,2025-09-08,California,West,41-55,Commercial,HCP100252,OZEM
PT201999,2025-05-19,California,West,41-55,Commercial,HCP100078,MOUN
PT202000,2025-04-28,Texas,South,41-55,Medicaid,HCP100199,TRUL
PT202001,2025-02-10,New York,Northeast,56-70,Commercial,HCP100273,TRUL
PT202002,2025-01-13,Florida,South,41-55,Commercial,HCP100295,MOUN
PT202003,2025-08-25,New York,Northeast,41-55,Commercial,HCP100131,MOUN
PT202004,2024-12-02,California,West,41-55,Commercial,HCP100170,TRUL
PT202005,2025-10-27,Michigan,Midwest,41-55,Medicaid,HCP100065,MOUN
PT202006,2026-02-23,Michigan,Midwest,41-55,Commercial,HCP100272,MOUN
PT202007,2024-11-04,Florida,South,18-40,Commercial,HCP100259,OZEM
PT202008,2026-01-05,New York,Northeast,18-40,Commercial,HCP100159,RYBL
PT202009,2025-01-27,Texas,South,71+,Medicare,HCP100164,MOUN
PT202010,2024-10-21,California,West,71+,Medicare,HCP100058,MOUN
PT202011,2025-08-18,California,West,18-40,Commercial,HCP100148,MOUN
PT202012,2025-10-20,Florida,South,41-55,Commercial,HCP100088,OZEM
PT202013,2025-01-20,Florida,South,18-40,Commercial,HCP100152,MOUN
PT202014,2025-09-29,California,West,71+,Medicare,HCP100023,OZEM
PT202015,2026-03-16,Texas,South,71+,Medicaid,HCP100067,OZEM
PT202016,2025-11-24,Texas,South,41-55,Commercial,HCP100079,TRUL
PT202017,2025-06-02,California,West,56-70,Commercial,HCP100187,RYBL
PT202018,2024-12-30,Florida,South,56-70,Commercial,HCP100218,TRUL
PT202019,2025-06-09,Nevada,West,41-55,Medicaid,HCP100080,MOUN
PT202020,2025-05-26,New York,Northeast,71+,Medicare,HCP100204,MOUN
PT202021,2025-06-09,New York,Northeast,71+,Medicare,HCP100294,TRUL
PT202022,2025-02-24,California,West,41-55,Commercial,HCP100044,RYBL
PT202023,2025-05-19,New York,Northeast,41-55,Medicare,HCP100043,MOUN
PT202024,2025-01-20,New York,Northeast,71+,Medicare,HCP100289,MOUN
PT202025,2026-01-05,Florida,South,41-55,Medicaid,HCP100295,MOUN
PT202026,2025-11-10,California,West,41-55,Commercial,HCP100083,OZEM
PT202027,2024-11-25,Texas,South,71+,Medicare,HCP100278,TRUL
PT202028,2025-07-21,Michigan,Midwest,41-55,Commercial,HCP100144,RYBL
PT202029,2025-02-17,Illinois,Midwest,41-55,Medicaid,HCP100268,MOUN
PT202030,2025-09-15,Illinois,Midwest,71+,Medicare,HCP100137,TRUL
PT202031,2026-01-19,California,West,56-70,Commercial,HCP100206,OZEM
PT202032,2025-06-30,California,West,56-70,Commercial,HCP100142,MOUN
PT202033,2025-09-29,Nevada,West,71+,Medicare,HCP100216,TRUL
PT202034,2025-09-01,Michigan,Midwest,41-55,Medicaid,HCP100227,MOUN
PT202035,2025-10-13,Ohio,Midwest,41-55,Commercial,HCP100285,MOUN
PT202036,2025-02-24,Florida,South,56-70,Medicaid,HCP100014,TRUL
PT202037,2025-06-30,Texas,South,41-55,Medicare,HCP100103,RYBL
PT202038,2024-10-28,California,West,56-70,Medicaid,HCP100252,OZEM
PT202039,2025-05-19,New York,Northeast,71+,Medicare,HCP100159,OZEM
PT202040,2024-11-04,New York,Northeast,41-55,Commercial,HCP100286,TRUL
PT202041,2025-05-19,Texas,South,18-40,Medicaid,HCP100147,RYBL
PT202042,2025-12-15,Ohio,Midwest,18-40,Commercial,HCP100292,OZEM
PT202043,2025-09-29,Ohio,Midwest,41-55,Commercial,HCP100284,MOUN
PT202044,2026-03-16,Texas,South,41-55,Commercial,HCP100037,OZEM
PT202045,2024-11-18,California,West,56-70,Commercial,HCP100296,MOUN
PT202046,2024-12-23,Texas,South,71+,Medicare,HCP100239,OZEM
PT202047,2025-06-16,Texas,South,41-55,Commercial,HCP100057,OZEM
PT202048,2025-09-08,California,West,41-55,Commercial,HCP100063,OZEM
PT202049,2025-12-08,Georgia,South,41-55,Medicaid,HCP100264,MOUN
PT202050,2025-12-15,Nevada,West,56-70,Medicare,HCP100018,TRUL
PT202051,2025-09-08,Ohio,Midwest,56-70,Medicaid,HCP100006,RYBL
PT202052,2025-11-17,Florida,South,56-70,Commercial,HCP100020,TRUL
PT202053,2024-10-21,Illinois,Midwest,56-70,Commercial,HCP100015,MOUN
PT202054,2024-10-07,Nevada,West,56-70,Commercial,HCP100198,OZEM
PT202055,2024-09-16,Texas,South,56-70,Commercial,HCP100235,MOUN
PT202056,2025-08-18,California,West,41-55,Commercial,HCP100066,TRUL
PT202057,2025-07-07,New York,Northeast,56-70,Medicaid,HCP100139,MOUN
PT202058,2025-10-13,Nevada,West,18-40,Commercial,HCP100114,OZEM
PT202059,2025-05-26,California,West,71+,Medicare,HCP100047,MOUN
PT202060,2025-04-07,New York,Northeast,41-55,Commercial,HCP100299,MOUN
PT202061,2025-03-31,Texas,South,71+,Medicaid,HCP100199,TRUL
PT202062,2025-03-10,California,West,41-55,Medicaid,HCP100153,OZEM
PT202063,2025-04-07,New York,Northeast,41-55,Medicaid,HCP100093,TRUL
PT202064,2025-03-10,California,West,41-55,Commercial,HCP100019,RYBL
PT202065,2026-01-26,Georgia,South,71+,Medicare,HCP100110,RYBL
PT202066,2025-12-01,California,West,71+,Medicare,HCP100219,MOUN
PT202067,2025-08-11,California,West,41-55,Commercial,HCP100277,RYBL
PT202068,2025-01-27,Florida,South,41-55,Medicaid,HCP100099,TRUL
PT202069,2025-05-12,Florida,South,71+,Medicare,HCP100218,MOUN
PT202070,2025-08-25,New York,Northeast,56-70,Commercial,HCP100294,MOUN
PT202071,2025-09-01,New York,Northeast,56-70,Commercial,HCP100204,TRUL
PT202072,2025-06-23,Illinois,Midwest,56-70,Commercial,HCP100015,TRUL
PT202073,2026-03-09,Florida,South,56-70,Commercial,HCP100172,OZEM
PT202074,2025-06-30,California,West,41-55,Commercial,HCP100277,OZEM
PT202075,2024-12-02,Michigan,Midwest,41-55,Medicaid,HCP100010,MOUN
PT202076,2025-05-05,Nevada,West,41-55,Medicaid,HCP100018,OZEM
PT202077,2026-01-26,California,West,56-70,Commercial,HCP100148,MOUN
PT202078,2025-12-08,Michigan,Midwest,56-70,Commercial,HCP100065,TRUL
PT202079,2025-02-17,Ohio,Midwest,41-55,Commercial,HCP100285,MOUN
PT202080,2024-12-30,New York,Northeast,41-55,Medicare,HCP100203,RYBL
PT202081,2025-08-04,Texas,South,41-55,Commercial,HCP100213,OZEM
PT202082,2025-04-07,California,West,41-55,Commercial,HCP100251,MOUN
PT202083,2025-09-01,Illinois,Midwest,56-70,Commercial,HCP100100,MOUN
PT202084,2025-09-15,Texas,South,41-55,Commercial,HCP100052,TRUL
PT202085,2025-07-07,Ohio,Midwest,41-55,Medicaid,HCP100209,RYBL
PT202086,2025-08-25,Texas,South,56-70,Commercial,HCP100034,MOUN
PT202087,2026-01-19,New York,Northeast,56-70,Commercial,HCP100240,RYBL
PT202088,2025-04-14,California,West,41-55,Commercial,HCP100168,MOUN
PT202089,2026-02-23,Florida,South,41-55,Commercial,HCP100033,TRUL
PT202090,2025-02-24,Illinois,Midwest,18-40,Commercial,HCP100127,TRUL
PT202091,2026-01-05,California,West,56-70,Medicaid,HCP100251,RYBL
PT202092,2024-11-18,California,West,41-55,Commercial,HCP100116,MOUN
PT202093,2025-01-13,Florida,South,41-55,Commercial,HCP100085,TRUL
PT202094,2025-06-02,Texas,South,56-70,Medicaid,HCP100004,TRUL
PT202095,2024-11-04,New York,Northeast,56-70,Commercial,HCP100180,OZEM
PT202096,2024-12-23,Florida,South,41-55,Commercial,HCP100049,MOUN
PT202097,2024-12-09,Texas,South,18-40,Commercial,HCP100235,MOUN
PT202098,2025-01-13,New York,Northeast,41-55,Commercial,HCP100289,OZEM
PT202099,2026-01-05,California,West,18-40,Commercial,HCP100115,MOUN
PT202100,2024-09-30,Ohio,Midwest,18-40,Commercial,HCP100257,TRUL
PT202101,2025-02-17,Ohio,Midwest,56-70,Medicare,HCP100038,TRUL
PT202102,2025-08-04,Illinois,Midwest,41-55,Commercial,HCP100100,RYBL
PT202103,2025-09-08,Florida,South,41-55,Medicaid,HCP100152,MOUN
PT202104,2025-01-06,Texas,South,41-55,Medicaid,HCP100025,TRUL
PT202105,2024-11-18,Ohio,Midwest,56-70,Commercial,HCP100121,TRUL
PT202106,2025-09-08,Florida,South,41-55,Medicare,HCP100088,OZEM
PT202107,2026-02-02,California,West,71+,Medicare,HCP100267,RYBL
PT202108,2025-02-03,California,West,41-55,Commercial,HCP100083,TRUL
PT202109,2025-05-19,Georgia,South,18-40,Commercial,HCP100050,MOUN
PT202110,2024-12-16,Michigan,Midwest,71+,Medicare,HCP100092,MOUN
PT202111,2024-11-04,Illinois,Midwest,56-70,Commercial,HCP100182,TRUL
PT202112,2025-10-13,Texas,South,71+,Medicare,HCP100262,TRUL
PT202113,2025-08-18,Texas,South,18-40,Commercial,HCP100164,TRUL
PT202114,2025-06-09,California,West,41-55,Medicaid,HCP100219,TRUL
PT202115,2025-09-22,California,West,18-40,Medicaid,HCP100019,RYBL
PT202116,2025-05-26,Ohio,Midwest,56-70,Medicare,HCP100285,TRUL
PT202117,2024-12-16,Florida,South,56-70,Commercial,HCP100087,MOUN
PT202118,2025-04-14,Illinois,Midwest,56-70,Commercial,HCP100178,OZEM
PT202119,2024-12-16,Texas,South,41-55,Medicare,HCP100293,TRUL
PT202120,2026-03-09,Florida,South,71+,Medicare,HCP100056,MOUN
PT202121,2025-05-26,Ohio,Midwest,56-70,Commercial,HCP100006,RYBL
PT202122,2024-11-04,California,West,56-70,Commercial,HCP100058,OZEM
PT202123,2025-06-16,Illinois,Midwest,71+,Medicare,HCP100100,OZEM
PT202124,2025-07-07,Ohio,Midwest,41-55,Commercial,HCP100006,TRUL
PT202125,2024-11-04,Nevada,West,18-40,Commercial,HCP100042,TRUL
PT202126,2025-03-31,New York,Northeast,41-55,Commercial,HCP100040,RYBL
PT202127,2024-10-28,California,West,56-70,Medicaid,HCP100296,OZEM
PT202128,2024-12-09,Texas,South,56-70,Medicaid,HCP100279,TRUL
PT202129,2026-02-23,California,West,41-55,Commercial,HCP100277,TRUL
PT202130,2025-05-26,Texas,South,56-70,Medicare,HCP100024,OZEM
PT202131,2025-12-22,California,West,71+,Medicare,HCP100175,RYBL
PT202132,2025-07-28,California,West,41-55,Commercial,HCP100115,RYBL
PT202133,2025-07-07,California,West,56-70,Commercial,HCP100219,TRUL
PT202134,2025-07-21,California,West,56-70,Commercial,HCP100168,OZEM
PT202135,2025-09-22,California,West,41-55,Commercial,HCP100105,TRUL
PT202136,2026-03-02,Texas,South,56-70,Commercial,HCP100004,TRUL
PT202137,2025-09-15,Florida,South,41-55,Commercial,HCP100053,OZEM
PT202138,2026-01-12,California,West,41-55,Commercial,HCP100113,MOUN
PT202139,2025-04-28,Illinois,Midwest,41-55,Medicare,HCP100182,TRUL
PT202140,2026-01-12,Florida,South,71+,Medicare,HCP100045,TRUL
PT202141,2025-08-18,Texas,South,41-55,Medicaid,HCP100225,MOUN
PT202142,2026-03-16,California,West,56-70,Medicare,HCP100155,OZEM
PT202143,2025-08-25,Nevada,West,56-70,Medicare,HCP100080,RYBL
PT202144,2024-11-11,California,West,71+,Medicaid,HCP100091,OZEM
PT202145,2024-11-11,Nevada,West,71+,Medicaid,HCP100198,MOUN
PT202146,2025-09-22,Ohio,Midwest,56-70,Commercial,HCP100089,RYBL
PT202147,2026-01-12,Michigan,Midwest,41-55,Medicaid,HCP100010,MOUN
PT202148,2024-09-09,California,West,56-70,Commercial,HCP100276,TRUL
PT202149,2024-12-09,California,West,41-55,Commercial,HCP100118,MOUN
PT202150,2025-03-24,California,West,56-70,Commercial,HCP100244,RYBL
PT202151,2025-06-23,California,West,41-55,Commercial,HCP100219,OZEM
PT202152,2025-12-01,Florida,South,41-55,Commercial,HCP100096,TRUL
PT202153,2025-04-14,California,West,41-55,Medicaid,HCP100247,TRUL
PT202154,2024-11-18,California,West,71+,Medicare,HCP100146,OZEM
PT202155,2025-05-12,Illinois,Midwest,71+,Medicare,HCP100268,TRUL
PT202156,2025-01-27,Texas,South,56-70,Commercial,HCP100002,OZEM
PT202157,2024-10-07,Texas,South,56-70,Medicare,HCP100147,MOUN
PT202158,2025-05-05,Illinois,Midwest,56-70,Medicaid,HCP100178,OZEM
PT202159,2025-07-07,Florida,South,56-70,Commercial,HCP100211,OZEM
PT202160,2024-09-16,California,West,18-40,Commercial,HCP100019,OZEM
PT202161,2025-08-25,Florida,South,41-55,Commercial,HCP100223,MOUN
PT202162,2025-11-24,Texas,South,56-70,Commercial,HCP100054,MOUN
PT202163,2025-04-21,California,West,71+,Commercial,HCP100219,MOUN
PT202164,2026-01-12,California,West,56-70,Commercial,HCP100155,MOUN
PT202165,2025-11-03,Texas,South,71+,Medicare,HCP100164,OZEM
PT202166,2025-12-15,California,West,41-55,Commercial,HCP100118,TRUL
PT202167,2025-06-30,California,West,41-55,Commercial,HCP100277,OZEM
PT202168,2024-12-16,Florida,South,71+,Medicare,HCP100295,MOUN
PT202169,2025-04-14,Ohio,Midwest,56-70,Commercial,HCP100209,TRUL
PT202170,2025-08-04,New York,Northeast,41-55,Commercial,HCP100237,RYBL
PT202171,2025-04-21,California,West,41-55,Commercial,HCP100252,MOUN
PT202172,2025-08-18,Illinois,Midwest,71+,Medicare,HCP100107,OZEM
PT202173,2025-09-22,Michigan,Midwest,71+,Medicare,HCP100010,OZEM
PT202174,2025-09-22,New York,Northeast,41-55,Commercial,HCP100048,RYBL
PT202175,2026-02-09,Florida,South,41-55,Commercial,HCP100193,OZEM
PT202176,2024-12-16,Georgia,South,41-55,Commercial,HCP100001,MOUN
PT202177,2026-02-09,Ohio,Midwest,18-40,Medicaid,HCP100174,TRUL
PT202178,2025-08-11,Georgia,South,71+,Medicare,HCP100050,MOUN
PT202179,2025-01-20,California,West,41-55,Medicare,HCP100105,TRUL
PT202180,2025-09-22,Texas,South,56-70,Commercial,HCP100192,TRUL
PT202181,2024-10-21,Nevada,West,41-55,Medicaid,HCP100080,RYBL
PT202182,2025-12-01,Ohio,Midwest,56-70,Medicare,HCP100089,TRUL
PT202183,2025-09-22,California,West,41-55,Commercial,HCP100207,OZEM
PT202184,2025-10-06,Florida,South,56-70,Commercial,HCP100191,MOUN
PT202185,2025-10-13,Texas,South,56-70,Commercial,HCP100199,MOUN
PT202186,2025-07-07,Texas,South,71+,Medicare,HCP100061,MOUN
PT202187,2025-03-10,Florida,South,71+,Medicare,HCP100172,TRUL
PT202188,2025-02-03,California,West,56-70,Medicare,HCP100023,MOUN
PT202189,2025-08-04,Illinois,Midwest,71+,Medicare,HCP100100,RYBL
PT202190,2025-12-22,California,West,56-70,Commercial,HCP100207,MOUN
PT202191,2025-07-07,Georgia,South,71+,Medicare,HCP100110,MOUN
PT202192,2025-04-14,Illinois,Midwest,56-70,Commercial,HCP100182,OZEM
PT202193,2025-10-20,Nevada,West,71+,Medicare,HCP100198,RYBL
PT202194,2025-09-01,Florida,South,56-70,Commercial,HCP100099,MOUN
PT202195,2024-10-28,California,West,41-55,Commercial,HCP100155,TRUL
PT202196,2025-09-15,Texas,South,56-70,Medicare,HCP100103,TRUL
PT202197,2025-01-27,Florida,South,41-55,Commercial,HCP100087,MOUN
PT202198,2026-02-16,New York,Northeast,56-70,Commercial,HCP100072,TRUL
PT202199,2025-05-26,New York,Northeast,56-70,Commercial,HCP100186,OZEM
PT202200,2024-09-30,California,West,41-55,Commercial,HCP100058,TRUL
PT202201,2026-02-09,New York,Northeast,41-55,Commercial,HCP100204,OZEM
PT202202,2025-12-29,New York,Northeast,56-70,Commercial,HCP100104,MOUN
PT202203,2025-08-18,California,West,41-55,Commercial,HCP100175,MOUN
PT202204,2025-02-24,Texas,South,41-55,Commercial,HCP100274,OZEM
PT202205,2025-10-13,Texas,South,41-55,Commercial,HCP100004,MOUN
PT202206,2025-12-01,Florida,South,41-55,Commercial,HCP100046,MOUN
PT202207,2025-07-07,Michigan,Midwest,71+,Medicare,HCP100287,MOUN
PT202208,2026-02-23,Texas,South,41-55,Commercial,HCP100189,OZEM
PT202209,2025-08-25,Florida,South,71+,Medicare,HCP100099,OZEM
PT202210,2025-03-10,Illinois,Midwest,18-40,Commercial,HCP100015,MOUN
PT202211,2025-03-10,Texas,South,56-70,Medicare,HCP100220,MOUN
PT202212,2024-11-25,California,West,41-55,Commercial,HCP100168,OZEM
PT202213,2025-03-24,Michigan,Midwest,56-70,Commercial,HCP100035,TRUL
PT202214,2026-01-19,Florida,South,41-55,Commercial,HCP100295,MOUN
PT202215,2025-07-28,California,West,18-40,Medicaid,HCP100265,MOUN
PT202216,2024-11-18,Florida,South,56-70,Commercial,HCP100117,TRUL
PT202217,2024-11-25,California,West,71+,Medicare,HCP100168,TRUL
PT202218,2025-07-28,California,West,71+,Medicare,HCP100155,MOUN
PT202219,2025-03-17,Florida,South,71+,Commercial,HCP100106,MOUN
PT202220,2024-12-02,Nevada,West,41-55,Commercial,HCP100042,RYBL
PT202221,2024-09-02,Florida,South,41-55,Commercial,HCP100096,OZEM
PT202222,2025-05-05,Florida,South,56-70,Commercial,HCP100088,RYBL
PT202223,2026-03-02,California,West,18-40,Commercial,HCP100270,OZEM
PT202224,2024-11-11,California,West,56-70,Medicaid,HCP100113,TRUL
PT202225,2025-10-27,Michigan,Midwest,71+,Medicare,HCP100092,TRUL
PT202226,2025-10-20,California,West,56-70,Commercial,HCP100251,OZEM
PT202227,2026-03-02,Ohio,Midwest,56-70,Medicaid,HCP100253,MOUN
PT202228,2025-07-21,Georgia,South,41-55,Commercial,HCP100135,TRUL
PT202229,2025-07-28,New York,Northeast,18-40,Commercial,HCP100180,OZEM
PT202230,2025-05-12,Texas,South,71+,Medicare,HCP100051,TRUL
PT202231,2025-12-15,Georgia,South,56-70,Commercial,HCP100095,OZEM
PT202232,2026-02-09,Texas,South,41-55,Commercial,HCP100151,MOUN
PT202233,2025-07-21,Nevada,West,18-40,Medicare,HCP100018,MOUN
PT202234,2026-01-19,Illinois,Midwest,71+,Medicare,HCP100031,OZEM
PT202235,2025-04-28,Texas,South,18-40,Medicaid,HCP100061,OZEM
PT202236,2025-03-24,Florida,South,41-55,Commercial,HCP100246,RYBL
PT202237,2024-09-02,Florida,South,41-55,Commercial,HCP100106,OZEM
PT202238,2026-03-02,Florida,South,56-70,Commercial,HCP100295,OZEM
PT202239,2025-09-01,California,West,41-55,Commercial,HCP100244,OZEM
PT202240,2026-03-02,Illinois,Midwest,56-70,Commercial,HCP100182,OZEM
PT202241,2024-12-23,Georgia,South,71+,Medicare,HCP100055,MOUN
PT202242,2024-12-02,Michigan,Midwest,41-55,Commercial,HCP100166,OZEM
PT202243,2026-03-02,Texas,South,56-70,Commercial,HCP100192,RYBL
PT202244,2025-10-13,Texas,South,56-70,Medicaid,HCP100238,OZEM
PT202245,2024-12-23,Texas,South,41-55,Commercial,HCP100021,OZEM
PT202246,2026-02-09,Texas,South,56-70,Commercial,HCP100274,MOUN
PT202247,2026-01-05,Georgia,South,71+,Medicare,HCP100264,MOUN
PT202248,2024-12-30,Texas,South,56-70,Commercial,HCP100123,TRUL
PT202249,2024-10-07,California,West,18-40,Commercial,HCP100030,MOUN
PT202250,2026-01-05,California,West,18-40,Medicare,HCP100249,RYBL
PT202251,2024-09-02,Florida,South,18-40,Medicaid,HCP100191,TRUL
PT202252,2024-11-04,California,West,56-70,Commercial,HCP100252,MOUN
PT202253,2025-05-26,California,West,41-55,Commercial,HCP100115,MOUN
PT202254,2024-11-11,New York,Northeast,56-70,Commercial,HCP100204,MOUN
PT202255,2025-07-07,Florida,South,56-70,Commercial,HCP100014,MOUN
PT202256,2025-10-20,Florida,South,41-55,Medicaid,HCP100261,OZEM
PT202257,2025-08-18,Nevada,West,56-70,Commercial,HCP100212,OZEM
PT202258,2025-06-30,Florida,South,56-70,Medicaid,HCP100045,RYBL
PT202259,2025-03-24,California,West,41-55,Commercial,HCP100187,TRUL
PT202260,2026-01-19,California,West,41-55,Commercial,HCP100091,OZEM
PT202261,2025-02-03,Nevada,West,41-55,Commercial,HCP100042,OZEM
PT202262,2025-12-08,Georgia,South,41-55,Commercial,HCP100110,TRUL
PT202263,2025-12-15,California,West,41-55,Commercial,HCP100270,TRUL
PT202264,2025-10-06,Texas,South,56-70,Commercial,HCP100179,OZEM
PT202265,2025-05-26,California,West,56-70,Commercial,HCP100248,OZEM
PT202266,2026-03-16,Georgia,South,41-55,Medicare,HCP100120,RYBL
PT202267,2025-07-28,Florida,South,41-55,Medicaid,HCP100082,OZEM
PT202268,2025-12-29,New York,Northeast,56-70,Commercial,HCP100186,MOUN
PT202269,2024-10-07,California,West,41-55,Commercial,HCP100270,OZEM
PT202270,2025-01-27,Florida,South,56-70,Medicaid,HCP100246,MOUN
PT202271,2025-04-07,Nevada,West,56-70,Commercial,HCP100018,OZEM
PT202272,2025-01-20,Georgia,South,41-55,Commercial,HCP100201,MOUN
PT202273,2026-03-16,Texas,South,71+,Medicare,HCP100079,MOUN
PT202274,2025-11-17,Michigan,Midwest,41-55,Commercial,HCP100035,MOUN
PT202275,2024-11-04,Florida,South,71+,Medicare,HCP100045,TRUL
PT202276,2024-10-28,Florida,South,41-55,Commercial,HCP100119,OZEM
PT202277,2025-07-14,Texas,South,56-70,Medicare,HCP100057,MOUN
PT202278,2026-03-02,California,West,41-55,Commercial,HCP100245,MOUN
PT202279,2025-03-31,Texas,South,41-55,Commercial,HCP100069,TRUL
PT202280,2025-07-21,Nevada,West,41-55,Medicare,HCP100114,MOUN
PT202281,2025-05-26,Florida,South,18-40,Commercial,HCP100228,TRUL
PT202282,2025-09-08,California,West,56-70,Commercial,HCP100019,OZEM
PT202283,2025-08-25,New York,Northeast,41-55,Commercial,HCP100263,OZEM
PT202284,2025-12-15,New York,Northeast,18-40,Commercial,HCP100186,MOUN
PT202285,2025-06-02,California,West,41-55,Medicaid,HCP100267,TRUL
PT202286,2026-02-23,New York,Northeast,71+,Medicare,HCP100280,MOUN
PT202287,2024-10-28,Michigan,Midwest,56-70,Commercial,HCP100166,TRUL
PT202288,2024-12-16,Ohio,Midwest,41-55,Commercial,HCP100271,TRUL
PT202289,2026-01-19,California,West,41-55,Commercial,HCP100165,TRUL
PT202290,2024-10-14,Nevada,West,56-70,Medicaid,HCP100198,MOUN
PT202291,2025-03-10,California,West,71+,Medicare,HCP100277,TRUL
PT202292,2024-11-18,Michigan,Midwest,41-55,Medicaid,HCP100144,MOUN
PT202293,2025-11-17,Texas,South,18-40,Commercial,HCP100199,MOUN
PT202294,2026-03-02,California,West,41-55,Commercial,HCP100019,MOUN
PT202295,2025-04-07,Texas,South,41-55,Commercial,HCP100009,MOUN
PT202296,2025-04-14,New York,Northeast,41-55,Commercial,HCP100159,MOUN
PT202297,2024-09-16,Florida,South,56-70,Medicaid,HCP100275,TRUL
PT202298,2024-09-09,Texas,South,41-55,Commercial,HCP100147,OZEM
PT202299,2024-10-07,California,West,41-55,Commercial,HCP100207,MOUN
PT202300,2025-02-17,Nevada,West,56-70,Medicaid,HCP100018,TRUL
PT202301,2024-10-14,Michigan,Midwest,56-70,Commercial,HCP100258,TRUL
PT202302,2025-11-03,Texas,South,41-55,Commercial,HCP100151,RYBL
PT202303,2024-09-23,Texas,South,56-70,Commercial,HCP100061,OZEM
PT202304,2025-05-12,Michigan,Midwest,71+,Medicare,HCP100092,MOUN
PT202305,2026-01-19,Michigan,Midwest,18-40,Commercial,HCP100241,OZEM
PT202306,2024-09-30,Texas,South,56-70,Medicaid,HCP100054,OZEM
PT202307,2025-08-11,Nevada,West,71+,Medicare,HCP100149,MOUN
PT202308,2025-08-18,Florida,South,41-55,Commercial,HCP100193,MOUN
PT202309,2025-04-14,Texas,South,71+,Medicare,HCP100123,MOUN
PT202310,2026-01-19,Nevada,West,56-70,Commercial,HCP100216,TRUL
PT202311,2025-05-26,California,West,41-55,Commercial,HCP100155,MOUN
PT202312,2026-02-02,Michigan,Midwest,56-70,Commercial,HCP100092,OZEM
PT202313,2025-06-09,Michigan,Midwest,56-70,Commercial,HCP100183,MOUN
PT202314,2024-12-30,Texas,South,56-70,Commercial,HCP100057,MOUN
PT202315,2025-09-15,Florida,South,41-55,Commercial,HCP100085,OZEM
PT202316,2025-07-28,Texas,South,56-70,Commercial,HCP100122,OZEM
PT202317,2024-09-16,California,West,71+,Medicare,HCP100019,MOUN
PT202318,2024-11-18,California,West,56-70,Commercial,HCP100084,MOUN
PT202319,2025-12-01,Michigan,Midwest,56-70,Commercial,HCP100258,MOUN
PT202320,2024-12-09,Florida,South,56-70,Commercial,HCP100014,OZEM
PT202321,2025-11-03,California,West,56-70,Medicare,HCP100276,MOUN
PT202322,2025-06-02,California,West,41-55,Commercial,HCP100116,MOUN
PT202323,2025-02-10,California,West,41-55,Commercial,HCP100146,RYBL
PT202324,2025-10-13,Texas,South,56-70,Commercial,HCP100291,MOUN
PT202325,2024-10-28,Texas,South,56-70,Commercial,HCP100103,TRUL
PT202326,2025-12-15,Florida,South,71+,Medicare,HCP100211,MOUN
PT202327,2025-02-10,Texas,South,41-55,Medicaid,HCP100213,OZEM
PT202328,2024-11-11,Texas,South,41-55,Commercial,HCP100147,OZEM
PT202329,2025-11-03,Florida,South,56-70,Medicare,HCP100046,MOUN
PT202330,2025-04-07,Ohio,Midwest,56-70,Commercial,HCP100133,TRUL
PT202331,2024-09-23,New York,Northeast,41-55,Commercial,HCP100163,MOUN
PT202332,2026-02-09,Texas,South,18-40,Commercial,HCP100151,MOUN
PT202333,2024-12-09,California,West,56-70,Commercial,HCP100007,OZEM
PT202334,2025-02-24,New York,Northeast,41-55,Medicaid,HCP100280,OZEM
PT202335,2025-12-01,Michigan,Midwest,18-40,Medicaid,HCP100258,OZEM
PT202336,2024-10-07,Texas,South,41-55,Commercial,HCP100009,OZEM
PT202337,2026-03-16,New York,Northeast,56-70,Medicare,HCP100104,TRUL
PT202338,2024-12-30,California,West,56-70,Commercial,HCP100023,TRUL
PT202339,2025-12-15,Georgia,South,41-55,Medicare,HCP100110,TRUL
PT202340,2025-12-15,New York,Northeast,71+,Medicare,HCP100093,TRUL
PT202341,2025-11-17,Texas,South,41-55,Commercial,HCP100141,RYBL
PT202342,2025-06-09,Florida,South,56-70,Commercial,HCP100106,OZEM
PT202343,2025-01-27,California,West,56-70,Commercial,HCP100044,MOUN
PT202344,2025-07-28,California,West,56-70,Commercial,HCP100155,MOUN
PT202345,2025-12-29,New York,Northeast,41-55,Commercial,HCP100132,TRUL
PT202346,2026-01-26,Illinois,Midwest,56-70,Commercial,HCP100100,OZEM
PT202347,2025-03-31,Illinois,Midwest,56-70,Medicare,HCP100137,TRUL
PT202348,2024-10-14,Georgia,South,41-55,Commercial,HCP100108,MOUN
PT202349,2026-02-23,Texas,South,41-55,Medicare,HCP100067,MOUN
PT202350,2025-03-03,Florida,South,71+,Medicare,HCP100211,OZEM
PT202351,2025-11-17,California,West,56-70,Commercial,HCP100076,MOUN
PT202352,2025-05-05,Ohio,Midwest,41-55,Medicaid,HCP100090,MOUN
PT202353,2024-11-04,Florida,South,41-55,Commercial,HCP100099,MOUN
PT202354,2025-12-29,Nevada,West,56-70,Medicare,HCP100080,MOUN
PT202355,2025-12-15,Florida,South,71+,Medicare,HCP100193,TRUL
PT202356,2025-10-06,Texas,South,56-70,Medicare,HCP100278,MOUN
PT202357,2025-06-30,Florida,South,71+,Medicare,HCP100036,OZEM
PT202358,2025-09-01,California,West,41-55,Commercial,HCP100047,OZEM
PT202359,2025-04-21,Illinois,Midwest,71+,Medicare,HCP100232,OZEM
PT202360,2025-06-16,Texas,South,71+,Medicare,HCP100225,MOUN
PT202361,2025-02-17,Illinois,Midwest,18-40,Commercial,HCP100176,TRUL
PT202362,2025-12-15,Texas,South,56-70,Commercial,HCP100147,MOUN
PT202363,2025-11-03,Texas,South,18-40,Commercial,HCP100002,MOUN
PT202364,2025-08-25,Texas,South,18-40,Commercial,HCP100293,MOUN
PT202365,2024-12-16,Texas,South,18-40,Medicaid,HCP100071,MOUN
PT202366,2025-12-15,California,West,41-55,Medicaid,HCP100084,OZEM
PT202367,2025-12-08,Florida,South,56-70,Commercial,HCP100152,MOUN
PT202368,2024-09-16,Michigan,Midwest,71+,Medicaid,HCP100144,MOUN
PT202369,2024-12-09,California,West,18-40,Medicare,HCP100142,TRUL
PT202370,2024-11-04,Florida,South,18-40,Commercial,HCP100082,OZEM
PT202371,2025-09-08,Texas,South,41-55,Commercial,HCP100067,MOUN
PT202372,2024-12-09,California,West,41-55,Commercial,HCP100187,TRUL
PT202373,2025-12-15,New York,Northeast,56-70,Commercial,HCP100181,MOUN
PT202374,2025-12-22,California,West,18-40,Commercial,HCP100091,OZEM
PT202375,2025-09-29,Florida,South,56-70,Commercial,HCP100223,TRUL
PT202376,2025-04-28,Ohio,Midwest,41-55,Commercial,HCP100006,TRUL
PT202377,2025-02-10,New York,Northeast,41-55,Commercial,HCP100048,MOUN
PT202378,2025-06-02,New York,Northeast,41-55,Commercial,HCP100181,OZEM
PT202379,2025-06-16,California,West,41-55,Medicare,HCP100066,OZEM
PT202380,2025-02-24,California,West,56-70,Commercial,HCP100145,MOUN
PT202381,2025-10-20,Illinois,Midwest,41-55,Commercial,HCP100137,OZEM
PT202382,2024-09-16,California,West,41-55,Commercial,HCP100113,MOUN
PT202383,2025-10-13,Ohio,Midwest,18-40,Commercial,HCP100257,MOUN
PT202384,2025-07-28,California,West,56-70,Commercial,HCP100214,MOUN
PT202385,2024-12-09,Florida,South,56-70,Commercial,HCP100243,TRUL
PT202386,2026-02-16,New York,Northeast,71+,Medicare,HCP100283,MOUN
PT202387,2025-02-03,California,West,18-40,Commercial,HCP100282,MOUN
PT202388,2024-11-18,Illinois,Midwest,41-55,Medicare,HCP100127,OZEM
PT202389,2025-08-11,California,West,56-70,Medicare,HCP100155,TRUL
PT202390,2024-12-09,New York,Northeast,56-70,Medicare,HCP100299,TRUL
PT202391,2025-10-13,Texas,South,56-70,Medicare,HCP100224,TRUL
PT202392,2025-08-11,California,West,56-70,Medicaid,HCP100066,TRUL
PT202393,2025-09-15,California,West,56-70,Medicaid,HCP100252,OZEM
PT202394,2025-06-16,Texas,South,71+,Medicare,HCP100235,MOUN
PT202395,2024-12-23,Florida,South,56-70,Commercial,HCP100106,MOUN
PT202396,2025-11-24,Texas,South,41-55,Commercial,HCP100161,OZEM
PT202397,2024-11-18,California,West,41-55,Commercial,HCP100083,MOUN
PT202398,2025-01-06,Florida,South,41-55,Commercial,HCP100020,MOUN
PT202399,2026-01-26,California,West,71+,Medicare,HCP100190,TRUL
PT202400,2025-06-09,Nevada,West,56-70,Commercial,HCP100149,OZEM
PT202401,2024-09-30,California,West,56-70,Commercial,HCP100019,OZEM
PT202402,2026-03-02,Florida,South,41-55,Commercial,HCP100014,OZEM
PT202403,2026-03-09,Texas,South,56-70,Medicaid,HCP100071,MOUN
PT202404,2025-01-06,Florida,South,18-40,Commercial,HCP100140,TRUL
PT202405,2026-03-16,California,West,41-55,Commercial,HCP100165,MOUN
PT202406,2025-01-13,Texas,South,71+,Medicare,HCP100213,OZEM
PT202407,2025-06-23,New York,Northeast,18-40,Commercial,HCP100131,TRUL
PT202408,2025-09-08,Illinois,Midwest,18-40,Commercial,HCP100107,TRUL
PT202409,2024-10-28,Illinois,Midwest,71+,Medicare,HCP100127,MOUN
PT202410,2025-07-14,Florida,South,41-55,Commercial,HCP100172,TRUL
PT202411,2026-02-02,Texas,South,41-55,Commercial,HCP100171,TRUL
PT202412,2025-06-09,California,West,41-55,Commercial,HCP100101,OZEM
PT202413,2025-06-09,Texas,South,56-70,Commercial,HCP100054,MOUN
PT202414,2024-10-14,Illinois,Midwest,18-40,Commercial,HCP100232,MOUN
PT202415,2025-11-24,California,West,56-70,Commercial,HCP100076,RYBL
PT202416,2026-01-19,New York,Northeast,56-70,Commercial,HCP100139,MOUN
PT202417,2024-12-23,Florida,South,41-55,Commercial,HCP100045,TRUL
PT202418,2024-10-07,Florida,South,18-40,Commercial,HCP100295,MOUN
PT202419,2025-02-10,Texas,South,71+,Medicare,HCP100235,TRUL
PT202420,2024-10-07,Texas,South,41-55,Commercial,HCP100278,OZEM
PT202421,2024-11-04,Texas,South,56-70,Commercial,HCP100291,TRUL
PT202422,2025-05-05,New York,Northeast,56-70,Commercial,HCP100032,TRUL
PT202423,2024-10-07,New York,Northeast,41-55,Commercial,HCP100032,OZEM
PT202424,2024-10-07,Texas,South,56-70,Medicare,HCP100262,OZEM
PT202425,2025-09-01,Florida,South,41-55,Commercial,HCP100288,MOUN
PT202426,2024-10-28,New York,Northeast,71+,Medicare,HCP100204,RYBL
PT202427,2024-09-16,California,West,71+,Medicare,HCP100116,OZEM
PT202428,2025-11-24,Florida,South,56-70,Commercial,HCP100046,MOUN
PT202429,2024-09-23,Texas,South,41-55,Commercial,HCP100122,OZEM
PT202430,2025-12-15,Georgia,South,56-70,Medicaid,HCP100194,TRUL
PT202431,2025-02-10,Texas,South,71+,Medicare,HCP100061,TRUL
PT202432,2025-08-11,California,West,56-70,Medicare,HCP100296,OZEM
PT202433,2024-10-07,Illinois,Midwest,71+,Medicare,HCP100268,MOUN
PT202434,2024-12-02,California,West,41-55,Commercial,HCP100210,MOUN
PT202435,2025-11-24,Texas,South,71+,Medicare,HCP100041,RYBL
PT202436,2025-05-19,Ohio,Midwest,18-40,Commercial,HCP100089,MOUN
PT202437,2025-09-15,California,West,56-70,Medicaid,HCP100207,OZEM
PT202438,2025-09-29,Texas,South,41-55,Medicare,HCP100239,MOUN
PT202439,2025-10-20,Michigan,Midwest,41-55,Commercial,HCP100258,MOUN
PT202440,2026-01-26,California,West,41-55,Commercial,HCP100165,OZEM
PT202441,2025-11-17,Ohio,Midwest,56-70,Commercial,HCP100133,MOUN
PT202442,2025-08-18,New York,Northeast,18-40,Commercial,HCP100203,MOUN
PT202443,2025-12-29,Texas,South,41-55,Commercial,HCP100235,TRUL
PT202444,2024-09-02,Texas,South,18-40,Commercial,HCP100138,MOUN
PT202445,2025-06-23,California,West,56-70,Commercial,HCP100170,MOUN
PT202446,2024-12-30,Texas,South,56-70,Commercial,HCP100225,MOUN
PT202447,2025-11-17,Florida,South,71+,Medicare,HCP100266,MOUN
PT202448,2024-11-04,Illinois,Midwest,56-70,Medicaid,HCP100137,TRUL
PT202449,2026-02-23,Texas,South,56-70,Commercial,HCP100061,MOUN
PT202450,2026-01-12,Illinois,Midwest,18-40,Commercial,HCP100232,TRUL
PT202451,2026-01-26,California,West,56-70,Medicaid,HCP100134,MOUN
PT202452,2024-12-30,Michigan,Midwest,56-70,Medicaid,HCP100241,TRUL
PT202453,2025-11-03,New York,Northeast,18-40,Commercial,HCP100180,TRUL
PT202454,2025-12-22,New York,Northeast,56-70,Commercial,HCP100240,MOUN
PT202455,2024-11-18,California,West,56-70,Commercial,HCP100230,MOUN
PT202456,2025-10-20,California,West,18-40,Commercial,HCP100118,MOUN
PT202457,2026-02-09,New York,Northeast,56-70,Commercial,HCP100159,MOUN
PT202458,2025-04-28,Florida,South,56-70,Commercial,HCP100243,RYBL
PT202459,2025-04-07,Nevada,West,56-70,Medicare,HCP100184,RYBL
PT202460,2025-02-17,Illinois,Midwest,18-40,Commercial,HCP100182,MOUN
PT202461,2025-11-10,California,West,56-70,Commercial,HCP100116,OZEM
PT202462,2026-03-09,Florida,South,56-70,Commercial,HCP100082,MOUN
PT202463,2024-12-16,Nevada,West,41-55,Commercial,HCP100042,TRUL
PT202464,2025-10-13,New York,Northeast,71+,Medicare,HCP100283,MOUN
PT202465,2025-09-29,Texas,South,71+,Medicare,HCP100290,TRUL
PT202466,2024-09-23,Michigan,Midwest,56-70,Commercial,HCP100092,OZEM
PT202467,2025-02-24,Texas,South,71+,Medicaid,HCP100239,TRUL
PT202468,2025-09-29,New York,Northeast,41-55,Commercial,HCP100204,OZEM
PT202469,2025-08-11,Ohio,Midwest,41-55,Medicaid,HCP100257,OZEM
PT202470,2026-01-12,Texas,South,56-70,Medicaid,HCP100111,RYBL
PT202471,2024-11-18,Illinois,Midwest,56-70,Commercial,HCP100015,OZEM
PT202472,2025-01-13,Texas,South,56-70,Medicare,HCP100151,TRUL
PT202473,2025-05-26,Florida,South,71+,Medicare,HCP100218,OZEM
PT202474,2025-06-30,Georgia,South,41-55,Commercial,HCP100081,MOUN
PT202475,2025-02-10,California,West,41-55,Commercial,HCP100116,OZEM
PT202476,2026-01-05,California,West,56-70,Commercial,HCP100115,MOUN
PT202477,2024-11-25,Michigan,Midwest,71+,Medicare,HCP100173,TRUL
PT202478,2025-03-17,California,West,18-40,Commercial,HCP100091,TRUL
PT202479,2025-04-14,New York,Northeast,56-70,Medicare,HCP100159,OZEM
PT202480,2026-02-16,Illinois,Midwest,56-70,Commercial,HCP100178,TRUL
PT202481,2024-09-02,New York,Northeast,41-55,Commercial,HCP100093,MOUN
PT202482,2025-03-03,Nevada,West,41-55,Commercial,HCP100042,TRUL
PT202483,2024-09-09,Florida,South,56-70,Commercial,HCP100246,MOUN
PT202484,2024-11-11,California,West,18-40,Commercial,HCP100251,OZEM
PT202485,2025-03-03,California,West,41-55,Commercial,HCP100197,TRUL
PT202486,2024-11-25,New York,Northeast,56-70,Medicaid,HCP100200,RYBL
PT202487,2025-03-24,Georgia,South,56-70,Commercial,HCP100050,MOUN
PT202488,2025-04-07,Texas,South,56-70,Commercial,HCP100147,MOUN
PT202489,2026-01-19,Nevada,West,56-70,Commercial,HCP100198,MOUN
PT202490,2025-09-08,New York,Northeast,41-55,Commercial,HCP100273,MOUN
PT202491,2024-12-09,Florida,South,56-70,Commercial,HCP100082,OZEM
PT202492,2026-02-16,Georgia,South,41-55,Medicare,HCP100188,MOUN
PT202493,2025-06-16,Georgia,South,18-40,Commercial,HCP100012,MOUN
PT202494,2025-10-13,Texas,South,56-70,Medicare,HCP100025,MOUN
PT202495,2025-10-06,Florida,South,41-55,Commercial,HCP100246,RYBL
PT202496,2024-10-28,California,West,56-70,Commercial,HCP100145,MOUN
PT202497,2025-09-01,New York,Northeast,41-55,Commercial,HCP100043,TRUL
PT202498,2025-10-13,California,West,56-70,Commercial,HCP100044,MOUN
PT202499,2025-06-23,California,West,56-70,Commercial,HCP100270,TRUL
