patient_id,fill_number,fill_date,drug_id,days_supply
PT200000,1,2025-08-29,MOUN,30
PT200002,1,2025-01-21,OZEM,30
PT200002,2,2025-02-20,OZEM,30
PT200002,3,2025-03-22,OZEM,90
PT200002,4,2025-06-20,OZEM,90
PT200002,5,2025-09-25,OZEM,90
PT200002,6,2025-12-24,OZEM,90
PT200002,7,2026-03-24,OZEM,30
PT200003,1,2025-01-04,TRUL,30
PT200003,2,2025-02-03,TRUL,30
PT200003,3,2025-03-05,TRUL,30
PT200003,4,2025-04-07,TRUL,90
PT200003,5,2025-07-06,TRUL,30
PT200003,6,2025-08-08,TRUL,90
PT200003,7,2025-11-06,MOUN,90
PT200003,8,2026-02-04,MOUN,30
PT200003,9,2026-03-06,MOUN,90
PT200003,10,2026-06-07,MOUN,90
PT200004,1,2026-01-11,MOUN,30
PT200004,2,2026-02-10,MOUN,30
PT200004,3,2026-03-12,MOUN,90
PT200004,4,2026-06-13,MOUN,90
PT200005,1,2025-09-15,MOUN,30
PT200005,2,2025-10-15,MOUN,30
PT200005,3,2025-11-14,MOUN,90
PT200005,4,2026-02-27,MOUN,90
PT200005,5,2026-05-28,MOUN,30
PT200005,6,2026-07-04,MOUN,30
PT200005,7,2025-08-21,MOUN,90
PT200006,1,2024-09-23,OZEM,30
PT200006,2,2024-10-26,OZEM,30
PT200006,3,2024-11-25,OZEM,90
PT200006,4,2025-02-23,OZEM,90
PT200006,5,2025-05-24,OZEM,90
PT200006,6,2025-08-29,OZEM,90
PT200006,7,2025-12-04,OZEM,30
PT200006,8,2026-01-03,OZEM,90
PT200006,9,2026-04-03,OZEM,30
PT200006,10,2026-05-03,OZEM,90
PT200006,11,2026-08-01,OZEM,90
PT200007,1,2025-02-09,MOUN,30
PT200007,2,2025-03-11,MOUN,30
PT200007,3,2025-04-10,MOUN,90
PT200007,4,2025-07-24,MOUN,90
PT200007,5,2025-10-22,MOUN,30
PT200007,6,2025-11-21,MOUN,90
PT200007,7,2026-02-19,MOUN,90
PT200007,8,2026-05-20,MOUN,90
PT200007,9,2026-08-21,MOUN,30
PT200008,1,2025-02-07,TRUL,30
PT200008,2,2025-03-09,TRUL,30
PT200008,3,2025-04-08,TRUL,90
PT200008,4,2025-07-07,TRUL,90
PT200008,5,2025-10-05,TRUL,90
PT200008,6,2026-01-03,RYBL,30
PT200009,1,2025-07-19,TRUL,30
PT200010,1,2025-03-28,TRUL,30
PT200010,2,2025-04-27,TRUL,30
PT200010,3,2025-05-27,TRUL,30
PT200010,4,2025-06-26,TRUL,90
PT200011,1,2026-01-10,OZEM,30
PT200011,2,2026-02-12,OZEM,30
PT200011,3,2026-03-02,OZEM,90
PT200011,4,2026-05-31,OZEM,90
PT200012,1,2025-02-10,MOUN,30
PT200012,2,2025-03-12,MOUN,30
PT200013,1,2025-10-26,OZEM,30
PT200013,2,2025-11-25,OZEM,30
PT200013,3,2025-12-25,OZEM,90
PT200013,4,2026-03-25,OZEM,30
PT200013,5,2026-05-09,OZEM,30
PT200014,1,2024-12-09,MOUN,30
PT200014,2,2025-01-08,MOUN,30
PT200014,3,2025-02-07,MOUN,90
PT200014,4,2025-05-11,MOUN,30
PT200015,1,2024-09-23,TRUL,30
PT200015,2,2024-10-23,TRUL,30
PT200015,3,2024-11-22,TRUL,90
PT200015,4,2025-02-20,MOUN,90
PT200015,5,2025-06-05,MOUN,90
PT200015,6,2025-09-03,MOUN,90
PT200015,7,2025-12-05,MOUN,30
PT200015,8,2026-01-04,MOUN,90
PT200015,9,2026-04-04,MOUN,30
PT200015,10,2026-05-04,MOUN,90
PT200015,11,2026-08-02,MOUN,90
PT200016,1,2025-02-22,TRUL,30
PT200016,2,2025-03-24,TRUL,30
PT200016,3,2025-04-23,TRUL,90
PT200016,4,2025-08-06,TRUL,90
PT200016,5,2025-11-04,TRUL,90
PT200016,6,2026-02-02,TRUL,90
PT200016,7,2026-05-03,TRUL,90
PT200016,8,2026-08-01,TRUL,90
PT200017,1,2025-08-04,OZEM,30
PT200017,2,2025-09-03,OZEM,30
PT200017,3,2025-10-03,OZEM,90
PT200017,4,2026-01-01,OZEM,90
PT200017,5,2026-04-04,OZEM,90
PT200017,6,2026-07-03,OZEM,90
PT200019,1,2024-12-13,OZEM,30
PT200019,2,2025-01-27,OZEM,30
PT200019,3,2025-02-11,OZEM,90
PT200019,4,2025-05-12,OZEM,90
PT200019,5,2025-08-10,OZEM,30
PT200019,6,2025-09-09,OZEM,90
PT200019,7,2025-12-08,OZEM,90
PT200019,8,2025-12-19,OZEM,90
PT200019,9,2026-03-22,OZEM,90
PT200019,10,2026-06-20,OZEM,90
PT200020,1,2026-01-09,MOUN,30
PT200020,2,2026-02-08,MOUN,30
PT200023,1,2026-03-05,TRUL,30
PT200023,2,2026-04-04,MOUN,30
PT200023,3,2026-05-04,MOUN,30
PT200024,1,2025-07-26,MOUN,30
PT200024,2,2025-08-25,MOUN,30
PT200024,3,2025-09-24,MOUN,90
PT200024,4,2025-12-23,MOUN,90
PT200024,5,2026-03-23,MOUN,90
PT200024,6,2026-06-21,MOUN,90
PT200026,1,2025-06-08,TRUL,30
PT200026,2,2025-07-08,TRUL,30
PT200026,3,2025-08-10,TRUL,90
PT200026,4,2025-11-08,TRUL,90
PT200026,5,2026-02-06,TRUL,90
PT200026,6,2026-05-07,TRUL,90
PT200026,7,2026-08-05,TRUL,90
PT200027,1,2025-06-06,TRUL,30
PT200028,1,2024-10-01,TRUL,30
PT200028,2,2024-10-31,TRUL,30
PT200028,3,2024-11-30,TRUL,30
PT200028,4,2024-12-30,TRUL,90
PT200028,5,2025-03-30,TRUL,90
PT200028,6,2025-04-17,TRUL,90
PT200028,7,2025-07-31,TRUL,90
PT200028,8,2025-10-29,OZEM,90
PT200028,9,2026-01-27,OZEM,30
PT200028,10,2026-02-26,OZEM,30
PT200028,11,2026-03-28,OZEM,90
PT200028,12,2026-07-03,OZEM,30
PT200028,13,2026-08-02,OZEM,30
PT200029,1,2025-10-02,OZEM,30
PT200030,1,2025-08-28,TRUL,30
PT200030,2,2025-09-27,TRUL,30
PT200030,3,2025-10-30,TRUL,90
PT200031,1,2025-07-24,OZEM,30
PT200031,2,2025-08-23,OZEM,30
PT200031,3,2025-09-22,OZEM,30
PT200031,4,2025-10-22,OZEM,30
PT200033,1,2026-01-21,OZEM,30
PT200033,2,2026-02-23,OZEM,30
PT200033,3,2026-03-25,OZEM,90
PT200034,1,2025-08-28,MOUN,30
PT200034,2,2025-09-27,MOUN,30
PT200034,3,2025-10-27,MOUN,90
PT200034,4,2026-01-25,MOUN,90
PT200034,5,2026-04-25,MOUN,90
PT200034,6,2026-07-24,TRUL,90
PT200035,1,2025-11-16,MOUN,30
PT200035,2,2025-12-19,MOUN,30
PT200035,3,2026-01-18,MOUN,90
PT200035,4,2026-04-18,MOUN,90
PT200035,5,2026-07-17,MOUN,30
PT200035,6,2026-08-16,MOUN,90
PT200036,1,2024-12-22,OZEM,30
PT200036,2,2025-01-21,OZEM,30
PT200036,3,2025-02-20,OZEM,90
PT200036,4,2025-05-21,OZEM,30
PT200036,5,2025-06-20,OZEM,90
PT200036,6,2025-09-25,OZEM,90
PT200036,7,2025-12-27,OZEM,30
PT200036,8,2026-01-26,OZEM,90
PT200036,9,2026-05-03,OZEM,90
PT200037,1,2025-03-21,TRUL,30
PT200037,2,2025-04-20,TRUL,30
PT200037,3,2025-05-23,TRUL,30
PT200037,4,2025-06-22,RYBL,30
PT200038,1,2025-08-24,TRUL,30
PT200038,2,2025-09-23,TRUL,30
PT200038,3,2025-10-23,TRUL,90
PT200038,4,2026-01-21,TRUL,90
PT200038,5,2026-04-21,RYBL,90
PT200038,6,2026-07-23,RYBL,90
PT200039,1,2025-01-17,MOUN,30
PT200039,2,2025-02-16,MOUN,30
PT200039,3,2025-03-18,MOUN,30
PT200039,4,2025-04-20,MOUN,30
PT200039,5,2025-05-20,RYBL,90
PT200039,6,2025-08-21,RYBL,30
PT200039,7,2025-09-20,RYBL,90
PT200039,8,2025-12-22,RYBL,90
PT200039,9,2026-03-22,RYBL,90
PT200040,1,2025-08-17,MOUN,30
PT200040,2,2025-09-16,MOUN,30
PT200040,3,2025-10-19,MOUN,90
PT200040,4,2026-01-17,MOUN,90
PT200041,1,2025-01-24,TRUL,30
PT200041,2,2025-03-10,TRUL,30
PT200041,3,2025-04-09,TRUL,90
PT200041,4,2025-07-08,MOUN,90
PT200041,5,2025-10-06,MOUN,90
PT200041,6,2026-01-04,MOUN,90
PT200041,7,2026-04-04,MOUN,30
PT200041,8,2026-05-04,MOUN,90
PT200041,9,2026-08-02,MOUN,90
PT200042,1,2026-02-09,MOUN,30
PT200042,2,2026-03-26,MOUN,30
PT200042,3,2026-04-25,MOUN,90
PT200042,4,2026-07-24,MOUN,30
PT200042,5,2026-08-23,MOUN,90
PT200043,1,2025-01-24,OZEM,30
PT200043,2,2025-02-23,OZEM,30
PT200043,3,2025-03-25,OZEM,90
PT200043,4,2025-07-08,OZEM,90
PT200043,5,2025-10-21,OZEM,90
PT200044,1,2025-08-09,MOUN,30
PT200044,2,2025-09-08,MOUN,30
PT200044,3,2025-10-08,MOUN,30
PT200046,1,2025-07-05,MOUN,30
PT200046,2,2025-08-04,MOUN,30
PT200046,3,2025-09-03,OZEM,90
PT200046,4,2025-12-02,OZEM,30
PT200046,5,2026-01-01,OZEM,90
PT200046,6,2026-04-01,OZEM,30
PT200046,7,2026-05-01,OZEM,90
PT200046,8,2026-07-30,OZEM,90
PT200047,1,2025-11-30,RYBL,30
PT200048,1,2025-11-22,RYBL,30
PT200048,2,2026-01-06,RYBL,30
PT200048,3,2026-02-05,RYBL,30
PT200048,4,2026-03-07,RYBL,90
PT200048,5,2026-06-05,RYBL,90
PT200049,1,2025-08-11,OZEM,30
PT200049,2,2025-09-25,OZEM,30
PT200049,3,2025-10-25,OZEM,90
PT200049,4,2026-01-23,OZEM,90
PT200049,5,2026-04-23,OZEM,90
PT200049,6,2026-07-22,OZEM,90
PT200050,1,2024-09-29,OZEM,30
PT200051,1,2025-01-18,TRUL,30
PT200051,2,2025-02-20,TRUL,30
PT200051,3,2025-03-22,TRUL,90
PT200051,4,2025-06-20,TRUL,90
PT200051,5,2025-09-18,TRUL,30
PT200051,6,2025-10-18,TRUL,90
PT200051,7,2026-01-16,TRUL,90
PT200051,8,2026-04-16,OZEM,30
PT200051,9,2026-05-16,OZEM,90
PT200051,10,2026-05-28,OZEM,30
PT200052,1,2026-01-29,RYBL,30
PT200052,2,2026-03-07,RYBL,30
PT200052,3,2026-04-13,RYBL,90
PT200052,4,2026-07-12,RYBL,30
PT200052,5,2026-08-11,RYBL,30
PT200053,1,2025-12-31,OZEM,30
PT200053,2,2026-01-30,OZEM,30
PT200053,3,2026-03-01,OZEM,30
PT200054,1,2025-05-02,TRUL,30
PT200054,2,2025-06-01,TRUL,30
PT200055,1,2025-06-02,TRUL,30
PT200055,2,2025-07-02,TRUL,30
PT200055,3,2025-08-01,TRUL,30
PT200055,4,2025-08-31,TRUL,30
PT200055,5,2025-09-30,OZEM,90
PT200055,6,2025-12-29,OZEM,90
PT200055,7,2026-03-29,OZEM,90
PT200055,8,2026-06-27,OZEM,90
PT200056,1,2025-11-25,MOUN,30
PT200056,2,2025-12-25,MOUN,30
PT200056,3,2026-01-24,MOUN,90
PT200056,4,2026-04-24,MOUN,90
PT200056,5,2026-07-23,MOUN,30
PT200056,6,2026-08-22,MOUN,90
PT200057,1,2025-06-23,TRUL,30
PT200057,2,2025-07-23,TRUL,30
PT200057,3,2025-08-22,TRUL,90
PT200057,4,2025-11-20,TRUL,30
PT200057,5,2025-12-27,TRUL,30
PT200057,6,2026-01-26,TRUL,30
PT200057,7,2026-02-25,TRUL,90
PT200057,8,2026-06-02,TRUL,30
PT200057,9,2026-07-02,TRUL,90
PT200058,1,2025-01-08,TRUL,30
PT200058,2,2025-02-07,TRUL,30
PT200058,3,2025-03-09,TRUL,30
PT200058,4,2025-04-08,TRUL,90
PT200058,5,2025-07-07,TRUL,90
PT200058,6,2025-10-05,TRUL,90
PT200058,7,2026-01-03,TRUL,30
PT200058,8,2026-02-02,TRUL,30
PT200058,9,2026-03-04,TRUL,30
PT200058,10,2026-04-03,RYBL,90
PT200059,1,2026-02-17,OZEM,30
PT200059,2,2026-03-19,OZEM,30
PT200059,3,2026-04-06,OZEM,90
PT200059,4,2026-07-08,OZEM,90
PT200060,1,2025-11-17,MOUN,30
PT200060,2,2025-12-17,MOUN,30
PT200060,3,2026-01-16,MOUN,90
PT200060,4,2026-04-16,MOUN,90
PT200060,5,2026-07-18,MOUN,90
PT200061,1,2025-05-31,MOUN,30
PT200061,2,2025-06-30,MOUN,30
PT200061,3,2025-07-30,MOUN,90
PT200061,4,2025-10-31,MOUN,90
PT200061,5,2026-01-29,MOUN,90
PT200061,6,2026-02-09,MOUN,30
PT200061,7,2026-03-11,MOUN,90
PT200061,8,2026-06-09,MOUN,90
PT200062,1,2024-09-23,MOUN,30
PT200062,2,2024-10-23,MOUN,30
PT200062,3,2024-11-22,MOUN,90
PT200062,4,2025-02-20,MOUN,90
PT200062,5,2025-05-21,MOUN,90
PT200062,6,2025-08-19,MOUN,30
PT200062,7,2025-09-18,MOUN,90
PT200063,1,2025-04-02,OZEM,30
PT200063,2,2025-05-02,OZEM,30
PT200063,3,2025-06-01,OZEM,30
PT200063,4,2025-07-01,OZEM,30
PT200063,5,2025-08-03,OZEM,90
PT200063,6,2025-11-01,OZEM,90
PT200063,7,2026-01-30,OZEM,30
PT200064,1,2024-11-12,RYBL,30
PT200065,1,2025-03-03,RYBL,30
PT200065,2,2025-04-02,RYBL,30
PT200065,3,2025-05-02,RYBL,90
PT200065,4,2025-07-31,RYBL,90
PT200065,5,2025-10-29,RYBL,90
PT200065,6,2026-01-27,RYBL,90
PT200065,7,2026-04-27,RYBL,90
PT200065,8,2026-07-26,RYBL,30
PT200065,9,2026-08-25,RYBL,90
PT200066,1,2025-12-27,MOUN,30
PT200067,1,2024-12-09,RYBL,30
PT200067,2,2025-01-11,RYBL,30
PT200067,3,2025-02-13,MOUN,30
PT200067,4,2025-03-15,MOUN,90
PT200067,5,2025-06-13,MOUN,30
PT200067,6,2025-07-13,MOUN,90
PT200067,7,2025-10-11,MOUN,90
PT200067,8,2026-01-09,MOUN,90
PT200067,9,2026-04-09,MOUN,90
PT200068,1,2025-05-19,TRUL,30
PT200068,2,2025-06-18,TRUL,30
PT200068,3,2025-07-18,TRUL,90
PT200068,4,2025-10-16,TRUL,90
PT200068,5,2026-01-14,TRUL,90
PT200069,1,2026-03-03,MOUN,30
PT200069,2,2026-04-02,MOUN,30
PT200069,3,2026-05-05,MOUN,90
PT200069,4,2026-08-03,MOUN,90
PT200070,1,2026-01-27,TRUL,30
PT200072,1,2025-04-25,TRUL,30
PT200072,2,2025-05-25,TRUL,30
PT200073,1,2025-09-15,MOUN,30
PT200073,2,2025-10-15,MOUN,30
PT200073,3,2025-11-14,MOUN,90
PT200073,4,2026-02-12,MOUN,90
PT200073,5,2026-05-13,MOUN,90
PT200073,6,2026-08-11,MOUN,90
PT200074,1,2026-01-01,MOUN,30
PT200074,2,2026-01-31,MOUN,30
PT200074,3,2026-03-02,MOUN,30
PT200074,4,2026-04-04,MOUN,90
PT200074,5,2026-07-03,MOUN,90
PT200075,1,2025-09-14,OZEM,30
PT200075,2,2025-10-21,OZEM,30
PT200075,3,2025-11-05,OZEM,30
PT200075,4,2025-12-05,OZEM,90
PT200075,5,2026-03-05,OZEM,30
PT200075,6,2026-04-04,OZEM,30
PT200075,7,2026-04-24,OZEM,90
PT200075,8,2026-07-30,OZEM,30
PT200075,9,2026-08-29,OZEM,90
PT200076,1,2025-01-08,OZEM,30
PT200076,2,2025-02-07,OZEM,30
PT200077,1,2025-03-01,MOUN,30
PT200077,2,2025-03-31,MOUN,30
PT200077,3,2025-04-30,MOUN,30
PT200077,4,2025-05-30,MOUN,30
PT200078,1,2025-07-16,MOUN,30
PT200078,2,2025-08-15,MOUN,30
PT200078,3,2025-09-14,TRUL,30
PT200078,4,2025-10-14,TRUL,30
PT200078,5,2025-11-13,TRUL,90
PT200078,6,2026-02-11,TRUL,90
PT200078,7,2026-05-12,TRUL,30
PT200078,8,2026-06-26,TRUL,90
PT200080,1,2026-01-03,MOUN,30
PT200080,2,2026-02-17,MOUN,30
PT200080,3,2026-03-19,MOUN,30
PT200080,4,2026-04-21,MOUN,90
PT200080,5,2026-07-20,MOUN,30
PT200080,6,2026-08-19,MOUN,90
PT200081,1,2024-10-24,MOUN,30
PT200083,1,2026-02-17,MOUN,30
PT200083,2,2026-03-19,MOUN,30
PT200083,3,2026-04-21,MOUN,30
PT200083,4,2026-05-21,MOUN,90
PT200084,1,2025-02-19,OZEM,30
PT200084,2,2025-03-21,OZEM,30
PT200084,3,2025-04-20,OZEM,90
PT200084,4,2025-07-19,OZEM,90
PT200084,5,2025-10-17,OZEM,90
PT200084,6,2026-01-15,OZEM,90
PT200084,7,2026-04-15,OZEM,90
PT200084,8,2026-07-17,OZEM,90
PT200085,1,2025-01-25,OZEM,30
PT200085,2,2025-02-24,OZEM,30
PT200085,3,2025-03-13,OZEM,30
PT200086,1,2025-09-19,OZEM,30
PT200086,2,2025-10-19,OZEM,30
PT200086,3,2025-11-18,OZEM,90
PT200086,4,2026-03-03,OZEM,30
PT200086,5,2026-04-05,OZEM,90
PT200086,6,2026-07-04,OZEM,90
PT200087,1,2026-03-03,RYBL,30
PT200088,1,2026-01-15,MOUN,30
PT200088,2,2026-02-14,MOUN,30
PT200088,3,2026-03-16,MOUN,30
PT200088,4,2026-04-15,MOUN,90
PT200089,1,2025-10-17,OZEM,30
PT200089,2,2025-11-23,OZEM,30
PT200089,3,2025-12-23,OZEM,90
PT200089,4,2026-03-23,OZEM,90
PT200091,1,2025-07-03,TRUL,30
PT200091,2,2025-08-02,TRUL,30
PT200091,3,2025-09-01,TRUL,90
PT200091,4,2025-11-30,TRUL,90
PT200091,5,2026-03-03,TRUL,90
PT200092,1,2025-06-25,OZEM,30
PT200092,2,2025-07-28,OZEM,30
PT200092,3,2025-08-27,OZEM,30
PT200092,4,2025-09-26,OZEM,30
PT200092,5,2025-10-26,OZEM,30
PT200092,6,2025-11-28,OZEM,30
PT200092,7,2025-12-28,OZEM,90
PT200092,8,2026-03-28,OZEM,90
PT200092,9,2026-06-26,OZEM,90
PT200093,1,2025-07-24,MOUN,30
PT200093,2,2025-08-23,MOUN,30
PT200094,1,2024-11-04,TRUL,30
PT200094,2,2024-12-04,TRUL,30
PT200094,3,2025-01-03,TRUL,90
PT200094,4,2025-04-03,TRUL,30
PT200094,5,2025-05-18,TRUL,90
PT200094,6,2025-08-16,TRUL,90
PT200094,7,2025-11-14,TRUL,30
PT200094,8,2025-12-14,TRUL,90
PT200094,9,2026-03-14,TRUL,90
PT200094,10,2026-06-12,TRUL,90
PT200095,1,2025-08-25,TRUL,30
PT200095,2,2025-10-01,TRUL,30
PT200095,3,2025-10-31,TRUL,30
PT200096,1,2024-10-14,TRUL,30
PT200096,2,2024-11-13,TRUL,30
PT200096,3,2024-12-13,TRUL,90
PT200096,4,2025-03-13,TRUL,90
PT200096,5,2025-06-11,TRUL,30
PT200096,6,2025-07-14,TRUL,30
PT200096,7,2025-08-13,MOUN,90
PT200096,8,2025-11-11,MOUN,90
PT200096,9,2026-02-09,MOUN,90
PT200096,10,2026-05-10,MOUN,90
PT200096,11,2026-08-08,MOUN,90
PT200097,1,2025-02-27,MOUN,30
PT200097,2,2025-03-29,MOUN,30
PT200097,3,2025-04-28,MOUN,30
PT200097,4,2025-05-14,MOUN,90
PT200097,5,2025-08-12,MOUN,90
PT200098,1,2026-01-03,OZEM,30
PT200098,2,2026-02-02,OZEM,30
PT200099,1,2025-08-16,MOUN,30
PT200099,2,2025-09-15,MOUN,30
PT200099,3,2025-10-15,MOUN,30
PT200099,4,2025-11-14,MOUN,30
PT200099,5,2025-12-14,MOUN,90
PT200099,6,2026-03-14,MOUN,90
PT200099,7,2026-06-12,MOUN,30
PT200099,8,2026-07-12,MOUN,30
PT200099,9,2026-08-11,MOUN,90
PT200100,1,2026-02-06,OZEM,30
PT200100,2,2026-03-08,OZEM,30
PT200100,3,2026-03-26,OZEM,90
PT200100,4,2026-06-24,OZEM,30
PT200100,5,2026-07-24,OZEM,30
PT200100,6,2026-08-23,OZEM,30
PT200101,1,2025-06-30,OZEM,30
PT200101,2,2025-07-30,OZEM,30
PT200101,3,2025-09-13,OZEM,90
PT200101,4,2025-12-12,OZEM,90
PT200101,5,2026-03-12,OZEM,30
PT200101,6,2026-04-11,OZEM,90
PT200101,7,2026-07-10,OZEM,30
PT200101,8,2026-08-09,OZEM,30
PT200102,1,2026-01-25,MOUN,30
PT200102,2,2026-02-24,MOUN,30
PT200102,3,2026-03-26,MOUN,30
PT200102,4,2026-04-28,MOUN,90
PT200102,5,2026-07-30,MOUN,90
PT200103,1,2025-12-22,OZEM,30
PT200103,2,2026-01-21,OZEM,30
PT200103,3,2026-02-20,OZEM,30
PT200103,4,2026-03-22,OZEM,90
PT200103,5,2026-06-20,OZEM,90
PT200105,1,2024-09-15,OZEM,30
PT200105,2,2024-10-30,TRUL,30
PT200105,3,2024-11-29,TRUL,90
PT200106,1,2024-11-12,MOUN,30
PT200106,2,2024-12-12,MOUN,30
PT200106,3,2025-01-11,MOUN,90
PT200106,4,2025-04-11,MOUN,30
PT200106,5,2025-05-11,MOUN,30
PT200106,6,2025-06-10,MOUN,90
PT200106,7,2025-09-08,OZEM,30
PT200107,1,2025-05-23,OZEM,30
PT200107,2,2025-06-25,OZEM,30
PT200107,3,2025-07-28,OZEM,90
PT200108,1,2025-09-11,TRUL,30
PT200108,2,2025-10-18,TRUL,30
PT200109,1,2025-10-28,OZEM,30
PT200109,2,2025-11-27,OZEM,30
PT200110,1,2026-03-20,TRUL,30
PT200111,1,2024-11-13,TRUL,30
PT200111,2,2024-12-13,TRUL,30
PT200111,3,2025-01-12,TRUL,30
PT200111,4,2025-02-11,TRUL,90
PT200111,5,2025-05-12,TRUL,90
PT200111,6,2025-08-10,TRUL,90
PT200111,7,2025-11-08,TRUL,30
PT200111,8,2025-12-08,TRUL,90
PT200111,9,2026-03-11,TRUL,30
PT200111,10,2026-04-10,TRUL,90
PT200111,11,2026-07-09,TRUL,30
PT200111,12,2026-08-08,TRUL,90
PT200112,1,2025-05-28,TRUL,30
PT200112,2,2025-06-27,TRUL,30
PT200113,1,2024-10-23,MOUN,30
PT200113,2,2024-11-22,MOUN,30
PT200113,3,2024-12-22,MOUN,30
PT200113,4,2025-01-21,MOUN,90
PT200113,5,2025-04-21,MOUN,90
PT200113,6,2025-07-27,MOUN,90
PT200113,7,2025-10-25,MOUN,30
PT200113,8,2025-11-27,MOUN,90
PT200113,9,2026-02-25,MOUN,90
PT200113,10,2026-05-26,MOUN,30
PT200113,11,2026-06-25,MOUN,30
PT200113,12,2026-07-25,MOUN,30
PT200115,1,2025-04-20,OZEM,30
PT200115,2,2025-05-20,OZEM,30
PT200115,3,2025-06-19,OZEM,90
PT200115,4,2025-10-02,OZEM,90
PT200115,5,2025-03-18,OZEM,30
PT200115,6,2026-01-30,OZEM,90
PT200115,7,2026-04-30,OZEM,90
PT200115,8,2026-07-29,OZEM,30
PT200116,1,2025-02-27,RYBL,30
PT200116,2,2025-03-29,RYBL,30
PT200116,3,2025-04-28,RYBL,30
PT200116,4,2025-05-28,RYBL,90
PT200116,5,2025-08-26,RYBL,90
PT200116,6,2025-11-24,RYBL,90
PT200116,7,2026-02-22,RYBL,30
PT200116,8,2026-03-24,RYBL,30
PT200116,9,2026-04-26,RYBL,30
PT200116,10,2026-05-26,RYBL,90
PT200116,11,2026-08-24,RYBL,30
PT200117,1,2026-02-22,TRUL,30
PT200117,2,2026-04-08,TRUL,30
PT200117,3,2026-05-08,TRUL,90
PT200117,4,2026-08-09,TRUL,90
PT200118,1,2026-02-23,MOUN,30
PT200118,2,2026-03-25,MOUN,30
PT200118,3,2026-05-01,MOUN,30
PT200118,4,2026-05-31,MOUN,30
PT200118,5,2026-06-30,MOUN,90
PT200119,1,2025-04-25,TRUL,30
PT200119,2,2025-05-28,TRUL,30
PT200119,3,2025-06-27,TRUL,30
PT200120,1,2024-09-25,MOUN,30
PT200120,2,2024-10-25,MOUN,30
PT200120,3,2024-11-24,MOUN,30
PT200120,4,2024-12-24,RYBL,90
PT200120,5,2025-03-24,RYBL,30
PT200120,6,2025-04-23,RYBL,90
PT200120,7,2025-07-22,RYBL,90
PT200120,8,2025-11-04,RYBL,30
PT200120,9,2025-12-04,RYBL,90
PT200121,1,2025-07-04,OZEM,30
PT200121,2,2025-08-03,OZEM,30
PT200121,3,2025-09-02,OZEM,30
PT200121,4,2025-10-02,OZEM,30
PT200121,5,2025-11-01,OZEM,30
PT200122,1,2026-01-02,OZEM,30
PT200123,1,2025-12-06,MOUN,30
PT200123,2,2026-01-14,MOUN,30
PT200123,3,2026-02-20,MOUN,30
PT200123,4,2026-03-22,MOUN,90
PT200123,5,2026-06-20,MOUN,30
PT200123,6,2026-07-20,MOUN,90
PT200124,1,2025-05-09,TRUL,30
PT200125,1,2025-09-25,TRUL,30
PT200125,2,2025-10-25,TRUL,30
PT200125,3,2025-12-01,TRUL,30
PT200125,4,2025-12-31,TRUL,90
PT200125,5,2026-03-31,OZEM,90
PT200125,6,2026-07-02,OZEM,30
PT200125,7,2026-08-01,OZEM,90
PT200126,1,2026-02-20,OZEM,30
PT200126,2,2026-03-22,OZEM,30
PT200126,3,2026-04-21,OZEM,90
PT200126,4,2026-07-23,OZEM,90
PT200127,1,2025-01-02,OZEM,30
PT200127,2,2025-02-01,OZEM,30
PT200127,3,2025-03-03,OZEM,30
PT200127,4,2025-04-02,OZEM,90
PT200127,5,2025-07-04,OZEM,30
PT200127,6,2025-08-03,OZEM,30
PT200127,7,2025-09-02,OZEM,90
PT200127,8,2025-12-01,OZEM,90
PT200127,9,2026-03-01,OZEM,90
PT200127,10,2026-06-14,OZEM,30
PT200127,11,2026-07-14,OZEM,90
PT200128,1,2024-11-28,MOUN,30
PT200128,2,2024-12-31,MOUN,30
PT200130,1,2024-12-17,TRUL,30
PT200130,2,2025-01-16,TRUL,30
PT200130,3,2025-02-15,TRUL,30
PT200130,4,2025-03-17,TRUL,90
PT200130,5,2025-06-15,TRUL,30
PT200130,6,2025-07-15,TRUL,30
PT200131,1,2025-11-01,MOUN,30
PT200131,2,2025-12-01,MOUN,30
PT200132,1,2024-10-25,TRUL,30
PT200132,2,2024-11-24,TRUL,30
PT200132,3,2024-12-24,TRUL,90
PT200132,4,2025-03-24,TRUL,30
PT200132,5,2025-04-23,TRUL,90
PT200132,6,2025-07-29,TRUL,30
PT200132,7,2025-08-28,TRUL,30
PT200133,1,2025-08-09,TRUL,30
PT200133,2,2025-09-08,TRUL,30
PT200133,3,2025-10-08,TRUL,90
PT200133,4,2026-01-06,TRUL,30
PT200133,5,2026-02-05,TRUL,90
PT200133,6,2026-05-06,TRUL,90
PT200133,7,2026-08-04,TRUL,30
PT200134,1,2025-11-29,OZEM,30
PT200134,2,2025-12-29,OZEM,30
PT200134,3,2026-01-28,OZEM,30
PT200134,4,2026-02-27,OZEM,90
PT200134,5,2026-05-28,OZEM,90
PT200134,6,2026-08-26,OZEM,30
PT200135,1,2025-03-20,MOUN,30
PT200136,1,2024-10-17,MOUN,30
PT200136,2,2024-11-16,TRUL,30
PT200136,3,2024-12-23,TRUL,90
PT200136,4,2025-03-26,TRUL,90
PT200136,5,2025-06-27,TRUL,90
PT200136,6,2025-09-25,TRUL,30
PT200136,7,2025-10-25,TRUL,90
PT200136,8,2026-01-23,TRUL,30
PT200136,9,2026-02-22,TRUL,90
PT200136,10,2026-05-23,TRUL,90
PT200136,11,2026-08-21,TRUL,90
PT200137,1,2025-09-02,RYBL,30
PT200137,2,2025-10-05,RYBL,30
PT200138,1,2026-03-22,MOUN,30
PT200138,2,2026-04-28,MOUN,30
PT200138,3,2026-05-28,MOUN,90
PT200138,4,2026-08-26,MOUN,90
PT200139,1,2025-09-01,MOUN,30
PT200139,2,2025-10-08,MOUN,30
PT200139,3,2025-11-07,MOUN,30
PT200139,4,2025-12-14,MOUN,30
PT200139,5,2026-01-13,TRUL,90
PT200139,6,2026-04-13,TRUL,30
PT200139,7,2026-05-13,MOUN,90
PT200139,8,2026-08-14,MOUN,30
PT200140,1,2025-05-04,MOUN,30
PT200140,2,2025-06-03,MOUN,30
PT200141,1,2025-01-11,TRUL,30
PT200141,2,2025-02-17,TRUL,30
PT200141,3,2025-03-19,TRUL,90
PT200141,4,2025-06-17,TRUL,90
PT200141,5,2025-09-22,TRUL,30
PT200141,6,2025-10-29,TRUL,90
PT200141,7,2026-01-27,TRUL,30
PT200141,8,2026-02-26,TRUL,90
PT200142,1,2026-02-02,OZEM,30
PT200142,2,2026-03-07,OZEM,30
PT200142,3,2026-04-06,OZEM,30
PT200142,4,2026-05-06,OZEM,90
PT200142,5,2026-08-04,MOUN,90
PT200143,1,2024-10-20,TRUL,30
PT200143,2,2024-11-19,TRUL,30
PT200144,1,2025-10-15,OZEM,30
PT200144,2,2025-11-21,OZEM,30
PT200144,3,2025-12-21,OZEM,90
PT200144,4,2026-03-21,OZEM,90
PT200144,5,2026-06-22,OZEM,90
PT200145,1,2026-01-05,MOUN,30
PT200145,2,2026-02-04,MOUN,30
PT200145,3,2026-03-06,MOUN,90
PT200145,4,2026-06-04,MOUN,90
PT200146,1,2026-02-20,OZEM,30
PT200146,2,2026-03-22,OZEM,30
PT200146,3,2026-04-21,OZEM,30
PT200146,4,2026-06-05,OZEM,90
PT200148,1,2025-03-11,MOUN,30
PT200148,2,2025-04-10,MOUN,30
PT200148,3,2025-05-10,MOUN,90
PT200149,1,2025-09-22,TRUL,30
PT200149,2,2025-10-22,TRUL,30
PT200149,3,2025-11-21,TRUL,30
PT200149,4,2025-12-21,TRUL,30
PT200149,5,2026-01-20,TRUL,30
PT200149,6,2026-02-19,TRUL,30
PT200149,7,2026-03-24,TRUL,90
PT200149,8,2026-06-22,TRUL,90
PT200150,1,2024-09-26,MOUN,30
PT200150,2,2024-10-26,MOUN,30
PT200150,3,2024-11-25,MOUN,90
PT200150,4,2025-03-10,MOUN,90
PT200151,1,2025-02-13,RYBL,30
PT200151,2,2025-03-15,RYBL,30
PT200151,3,2025-04-17,TRUL,30
PT200151,4,2025-05-17,TRUL,30
PT200151,5,2025-06-16,TRUL,90
PT200151,6,2025-09-17,TRUL,30
PT200151,7,2025-10-17,TRUL,30
PT200151,8,2025-12-01,TRUL,90
PT200151,9,2026-03-01,TRUL,30
PT200151,10,2026-03-31,TRUL,30
PT200151,11,2026-04-30,TRUL,30
PT200151,12,2026-06-06,TRUL,90
PT200152,1,2024-11-08,OZEM,30
PT200152,2,2024-12-11,OZEM,30
PT200152,3,2025-01-10,OZEM,90
PT200153,1,2025-02-18,OZEM,30
PT200153,2,2025-03-20,OZEM,30
PT200153,3,2025-04-19,OZEM,30
PT200153,4,2025-05-19,OZEM,90
PT200154,1,2025-12-12,MOUN,30
PT200154,2,2026-01-11,MOUN,30
PT200155,1,2026-01-09,RYBL,30
PT200155,2,2026-02-15,MOUN,30
PT200155,3,2026-03-24,MOUN,90
PT200155,4,2026-06-22,MOUN,90
PT200157,1,2025-02-17,TRUL,30
PT200157,2,2025-03-19,TRUL,30
PT200157,3,2025-04-18,MOUN,90
PT200157,4,2025-07-17,MOUN,90
PT200157,5,2025-08-02,MOUN,30
PT200157,6,2025-09-01,MOUN,90
PT200157,7,2025-12-15,MOUN,90
PT200158,1,2025-07-20,RYBL,30
PT200158,2,2025-08-22,RYBL,30
PT200159,1,2025-09-26,MOUN,30
PT200159,2,2025-10-26,MOUN,30
PT200159,3,2025-11-25,MOUN,30
PT200159,4,2025-12-25,MOUN,90
PT200160,1,2025-05-15,OZEM,30
PT200160,2,2025-06-21,OZEM,30
PT200160,3,2025-07-21,OZEM,90
PT200160,4,2025-10-19,OZEM,90
PT200160,5,2026-01-17,OZEM,90
PT200161,1,2025-08-18,OZEM,30
PT200161,2,2025-09-17,OZEM,30
PT200161,3,2025-10-01,OZEM,90
PT200161,4,2025-12-30,OZEM,90
PT200161,5,2026-03-30,OZEM,90
PT200161,6,2026-06-28,OZEM,90
PT200162,1,2025-06-06,MOUN,30
PT200162,2,2025-07-09,MOUN,30
PT200162,3,2025-08-08,MOUN,90
PT200162,4,2025-11-06,MOUN,30
PT200162,5,2025-12-06,MOUN,90
PT200162,6,2026-03-06,MOUN,30
PT200162,7,2026-04-05,MOUN,30
PT200162,8,2026-05-05,MOUN,90
PT200162,9,2026-08-03,MOUN,90
PT200163,1,2026-02-16,MOUN,30
PT200163,2,2026-03-18,MOUN,30
PT200163,3,2026-04-17,MOUN,90
PT200163,4,2026-07-16,MOUN,90
PT200164,1,2024-12-02,RYBL,30
PT200164,2,2025-01-04,RYBL,30
PT200165,1,2025-05-16,TRUL,30
PT200165,2,2025-06-15,TRUL,30
PT200166,1,2025-02-18,OZEM,30
PT200166,2,2025-03-20,OZEM,30
PT200166,3,2025-04-19,OZEM,30
PT200166,4,2025-05-19,OZEM,90
PT200166,5,2025-08-20,OZEM,30
PT200167,1,2025-04-02,RYBL,30
PT200167,2,2025-05-05,RYBL,30
PT200167,3,2025-06-04,RYBL,30
PT200167,4,2025-07-19,RYBL,30
PT200167,5,2025-08-18,RYBL,90
PT200167,6,2025-11-16,RYBL,30
PT200168,1,2024-12-13,OZEM,30
PT200168,2,2025-01-12,OZEM,30
PT200168,3,2025-01-28,OZEM,90
PT200168,4,2025-04-28,OZEM,30
PT200168,5,2025-05-28,OZEM,30
PT200168,6,2025-06-27,OZEM,90
PT200168,7,2025-09-25,OZEM,30
PT200168,8,2025-10-25,OZEM,30
PT200168,9,2025-11-24,OZEM,90
PT200168,10,2026-02-22,OZEM,90
PT200168,11,2026-06-07,OZEM,90
PT200169,1,2026-03-04,TRUL,30
PT200169,2,2026-04-03,TRUL,30
PT200169,3,2026-05-03,TRUL,30
PT200169,4,2026-06-02,TRUL,90
PT200170,1,2025-08-19,OZEM,30
PT200170,2,2025-09-18,OZEM,30
PT200170,3,2025-10-21,OZEM,90
PT200170,4,2026-01-19,OZEM,90
PT200170,5,2026-04-19,OZEM,30
PT200170,6,2026-05-19,OZEM,90
PT200170,7,2026-08-17,OZEM,90
PT200171,1,2025-01-14,OZEM,30
PT200173,1,2025-12-03,MOUN,30
PT200173,2,2026-01-02,MOUN,30
PT200173,3,2026-02-01,MOUN,30
PT200173,4,2026-03-03,MOUN,90
PT200173,5,2026-06-01,MOUN,90
PT200173,6,2026-08-30,MOUN,90
PT200174,1,2025-01-27,MOUN,30
PT200174,2,2025-02-26,MOUN,30
PT200174,3,2025-03-28,MOUN,90
PT200174,4,2025-06-26,MOUN,30
PT200174,5,2025-08-02,MOUN,90
PT200174,6,2025-10-31,MOUN,30
PT200174,7,2025-11-30,MOUN,90
PT200175,1,2024-12-05,OZEM,30
PT200175,2,2025-01-04,OZEM,30
PT200175,3,2025-02-03,OZEM,90
PT200175,4,2025-05-04,OZEM,90
PT200175,5,2025-08-09,OZEM,90
PT200175,6,2025-11-07,OZEM,90
PT200175,7,2026-02-05,OZEM,30
PT200175,8,2026-03-10,OZEM,30
PT200175,9,2026-04-12,OZEM,90
PT200175,10,2026-07-11,OZEM,90
PT200176,1,2025-04-18,MOUN,30
PT200176,2,2025-05-18,MOUN,30
PT200176,3,2025-06-17,MOUN,90
PT200176,4,2025-09-15,MOUN,90
PT200176,5,2025-12-29,MOUN,90
PT200176,6,2026-03-29,MOUN,90
PT200176,7,2026-06-30,MOUN,90
PT200177,1,2024-10-21,MOUN,30
PT200177,2,2024-11-20,MOUN,30
PT200177,3,2024-12-23,MOUN,90
PT200177,4,2025-03-23,MOUN,90
PT200177,5,2025-06-21,TRUL,90
PT200177,6,2025-09-19,TRUL,90
PT200177,7,2025-12-25,TRUL,90
PT200177,8,2026-03-25,TRUL,90
PT200178,1,2025-01-14,MOUN,30
PT200178,2,2025-02-13,MOUN,30
PT200179,1,2025-08-28,OZEM,30
PT200179,2,2025-09-27,OZEM,30
PT200179,3,2025-10-27,OZEM,30
PT200179,4,2025-11-29,OZEM,90
PT200179,5,2026-02-27,OZEM,90
PT200179,6,2026-05-28,OZEM,90
PT200179,7,2026-08-26,OZEM,30
PT200181,1,2025-06-06,TRUL,30
PT200181,2,2025-07-06,TRUL,30
PT200181,3,2025-08-05,MOUN,90
PT200181,4,2025-11-06,MOUN,90
PT200181,5,2026-02-04,MOUN,30
PT200181,6,2026-03-06,MOUN,30
PT200181,7,2026-04-05,MOUN,30
PT200181,8,2026-05-05,MOUN,90
PT200181,9,2026-08-03,MOUN,90
PT200182,1,2025-01-07,MOUN,30
PT200182,2,2025-02-06,MOUN,30
PT200182,3,2025-03-08,MOUN,90
PT200182,4,2025-06-06,MOUN,90
PT200182,5,2025-09-04,MOUN,30
PT200182,6,2025-10-04,MOUN,90
PT200182,7,2026-01-02,MOUN,90
PT200182,8,2026-04-17,MOUN,90
PT200182,9,2026-07-19,MOUN,90
PT200183,1,2025-09-11,OZEM,30
PT200183,2,2025-09-28,OZEM,30
PT200183,3,2025-11-04,OZEM,90
PT200183,4,2026-02-02,OZEM,90
PT200183,5,2026-05-03,OZEM,90
PT200183,6,2026-08-01,OZEM,90
PT200185,1,2025-06-02,RYBL,30
PT200185,2,2025-07-02,RYBL,30
PT200185,3,2025-08-16,RYBL,90
PT200185,4,2025-11-14,RYBL,90
PT200185,5,2026-02-15,RYBL,90
PT200185,6,2026-05-16,RYBL,90
PT200185,7,2026-08-14,RYBL,30
PT200187,1,2025-07-19,OZEM,30
PT200187,2,2025-08-05,OZEM,30
PT200187,3,2025-09-04,TRUL,90
PT200187,4,2025-12-06,TRUL,90
PT200187,5,2026-03-09,TRUL,90
PT200189,1,2025-01-13,MOUN,30
PT200189,2,2025-02-15,MOUN,30
PT200189,3,2025-03-24,MOUN,30
PT200189,4,2025-04-30,MOUN,30
PT200189,5,2025-05-30,MOUN,90
PT200189,6,2025-08-28,MOUN,30
PT200189,7,2025-09-27,MOUN,90
PT200189,8,2025-12-29,MOUN,30
PT200189,9,2026-01-28,MOUN,30
PT200189,10,2026-02-27,MOUN,90
PT200189,11,2026-05-28,MOUN,90
PT200189,12,2026-08-26,MOUN,90
PT200190,1,2025-09-01,MOUN,30
PT200190,2,2025-10-01,MOUN,30
PT200190,3,2025-10-31,MOUN,90
PT200190,4,2026-01-29,MOUN,90
PT200190,5,2026-04-29,MOUN,90
PT200190,6,2026-07-28,MOUN,30
PT200190,7,2026-08-27,MOUN,90
PT200191,1,2025-04-21,TRUL,30
PT200191,2,2025-05-21,TRUL,30
PT200191,3,2025-06-20,TRUL,90
PT200191,4,2025-09-18,TRUL,90
PT200191,5,2025-12-17,TRUL,90
PT200191,6,2026-03-17,TRUL,90
PT200191,7,2026-06-15,TRUL,90
PT200192,1,2025-04-05,TRUL,30
PT200192,2,2025-05-05,TRUL,30
PT200192,3,2025-06-04,TRUL,90
PT200192,4,2025-09-02,TRUL,90
PT200193,1,2026-01-28,TRUL,30
PT200193,2,2026-03-02,TRUL,30
PT200193,3,2026-04-01,TRUL,30
PT200193,4,2026-05-01,TRUL,30
PT200193,5,2026-05-31,TRUL,90
PT200193,6,2026-08-29,TRUL,90
PT200194,1,2025-10-13,MOUN,30
PT200194,2,2025-11-27,MOUN,30
PT200194,3,2025-12-27,MOUN,90
PT200194,4,2026-03-27,MOUN,30
PT200194,5,2026-04-26,MOUN,90
PT200194,6,2026-07-25,MOUN,30
PT200196,1,2025-04-07,MOUN,30
PT200196,2,2025-05-14,MOUN,30
PT200196,3,2025-06-13,MOUN,90
PT200196,4,2025-09-11,MOUN,90
PT200196,5,2025-12-10,MOUN,30
PT200196,6,2026-01-12,MOUN,90
PT200196,7,2026-04-12,MOUN,90
PT200196,8,2026-07-14,MOUN,90
PT200197,1,2025-10-18,RYBL,30
PT200197,2,2025-11-20,RYBL,30
PT200197,3,2025-12-20,RYBL,90
PT200197,4,2026-03-20,RYBL,90
PT200197,5,2026-06-25,RYBL,30
PT200198,1,2025-11-06,OZEM,30
PT200199,1,2025-07-03,MOUN,30
PT200199,2,2025-08-02,MOUN,30
PT200199,3,2025-09-01,MOUN,90
PT200199,4,2025-11-30,MOUN,90
PT200199,5,2026-02-28,MOUN,90
PT200199,6,2026-05-29,MOUN,90
PT200199,7,2026-08-27,MOUN,90
PT200201,1,2025-11-28,OZEM,30
PT200201,2,2025-12-28,OZEM,30
PT200201,3,2026-01-27,OZEM,90
PT200201,4,2026-04-27,OZEM,30
PT200201,5,2026-05-27,OZEM,90
PT200201,6,2026-08-25,OZEM,90
PT200202,1,2025-09-16,OZEM,30
PT200203,1,2025-09-15,MOUN,30
PT200203,2,2025-10-15,MOUN,30
PT200203,3,2025-11-14,MOUN,30
PT200204,1,2025-01-31,TRUL,30
PT200204,2,2025-03-02,TRUL,30
PT200204,3,2025-04-01,TRUL,90
PT200204,4,2025-06-30,TRUL,90
PT200204,5,2025-09-28,TRUL,90
PT200205,1,2025-10-12,TRUL,30
PT200205,2,2025-11-11,TRUL,30
PT200205,3,2025-12-11,TRUL,90
PT200205,4,2026-03-11,TRUL,30
PT200205,5,2026-04-10,TRUL,90
PT200206,1,2024-10-08,MOUN,30
PT200206,2,2024-11-07,MOUN,30
PT200206,3,2024-12-07,MOUN,30
PT200206,4,2025-01-06,MOUN,30
PT200206,5,2025-02-05,MOUN,90
PT200206,6,2025-05-06,MOUN,90
PT200206,7,2025-08-04,MOUN,90
PT200206,8,2025-11-02,MOUN,90
PT200206,9,2026-01-31,MOUN,90
PT200206,10,2026-05-01,MOUN,90
PT200206,11,2026-08-06,MOUN,90
PT200207,1,2026-01-13,MOUN,30
PT200207,2,2026-02-12,MOUN,30
PT200207,3,2026-03-14,MOUN,30
PT200208,1,2025-05-31,MOUN,30
PT200208,2,2025-06-30,MOUN,30
PT200208,3,2025-07-30,MOUN,30
PT200208,4,2025-09-01,MOUN,30
PT200208,5,2025-10-01,MOUN,90
PT200208,6,2025-12-30,MOUN,30
PT200208,7,2026-01-29,MOUN,30
PT200208,8,2026-02-28,MOUN,90
PT200208,9,2026-05-29,MOUN,90
PT200208,10,2026-08-27,MOUN,90
PT200209,1,2025-09-20,MOUN,30
PT200209,2,2025-10-27,MOUN,30
PT200209,3,2025-11-26,MOUN,90
PT200209,4,2026-02-24,MOUN,90
PT200209,5,2026-05-25,MOUN,90
PT200209,6,2026-08-23,MOUN,90
PT200210,1,2024-12-24,TRUL,30
PT200210,2,2025-01-23,TRUL,30
PT200210,3,2025-02-22,TRUL,90
PT200210,4,2025-05-23,TRUL,30
PT200211,1,2024-10-17,MOUN,30
PT200211,2,2024-11-16,MOUN,30
PT200211,3,2024-12-19,MOUN,30
PT200211,4,2025-01-21,MOUN,30
PT200211,5,2025-02-20,MOUN,90
PT200211,6,2025-06-05,MOUN,30
PT200211,7,2025-07-12,MOUN,90
PT200211,8,2025-10-10,MOUN,90
PT200211,9,2026-01-08,MOUN,90
PT200211,10,2026-04-08,MOUN,90
PT200212,1,2025-06-20,OZEM,30
PT200212,2,2025-07-20,OZEM,30
PT200212,3,2025-09-03,OZEM,30
PT200212,4,2025-10-03,OZEM,30
PT200213,1,2025-10-03,OZEM,30
PT200213,2,2025-11-02,TRUL,30
PT200214,1,2025-12-06,TRUL,30
PT200214,2,2026-01-08,TRUL,30
PT200214,3,2026-02-07,TRUL,90
PT200214,4,2026-05-08,TRUL,90
PT200214,5,2026-08-06,MOUN,30
PT200215,1,2024-11-15,OZEM,30
PT200217,1,2024-12-17,TRUL,30
PT200217,2,2025-01-16,TRUL,30
PT200217,3,2025-02-18,TRUL,90
PT200217,4,2025-05-22,TRUL,90
PT200218,1,2024-12-28,RYBL,30
PT200218,2,2025-01-27,RYBL,30
PT200218,3,2025-02-26,RYBL,90
PT200218,4,2025-05-27,RYBL,90
PT200218,5,2025-09-09,RYBL,90
PT200218,6,2025-12-08,RYBL,30
PT200218,7,2026-01-07,RYBL,90
PT200218,8,2026-04-07,RYBL,90
PT200218,9,2026-07-06,RYBL,30
PT200218,10,2026-08-20,MOUN,90
PT200219,1,2026-02-16,TRUL,30
PT200219,2,2026-04-02,TRUL,30
PT200219,3,2026-05-02,TRUL,30
PT200219,4,2026-06-08,TRUL,90
PT200220,1,2025-12-29,OZEM,30
PT200220,2,2026-01-31,OZEM,30
PT200220,3,2026-03-02,OZEM,90
PT200220,4,2026-05-31,OZEM,30
PT200220,5,2026-06-30,OZEM,90
PT200221,1,2024-12-16,MOUN,30
PT200221,2,2025-01-15,MOUN,30
PT200221,3,2025-02-14,MOUN,30
PT200221,4,2025-03-16,MOUN,30
PT200221,5,2025-04-15,MOUN,90
PT200221,6,2025-07-14,MOUN,90
PT200221,7,2025-10-12,TRUL,90
PT200221,8,2026-01-10,TRUL,90
PT200221,9,2026-04-10,TRUL,90
PT200221,10,2026-07-09,TRUL,90
PT200222,1,2024-09-18,OZEM,30
PT200222,2,2024-10-18,OZEM,30
PT200222,3,2024-11-17,OZEM,30
PT200222,4,2024-12-17,OZEM,90
PT200222,5,2025-03-17,OZEM,90
PT200222,6,2025-06-15,OZEM,90
PT200222,7,2025-09-13,OZEM,90
PT200222,8,2025-12-15,OZEM,90
PT200223,1,2024-09-05,MOUN,30
PT200223,2,2024-10-05,MOUN,30
PT200223,3,2024-11-07,MOUN,90
PT200224,1,2025-02-04,MOUN,30
PT200224,2,2025-03-06,MOUN,30
PT200224,3,2025-04-05,MOUN,90
PT200224,4,2025-07-04,MOUN,90
PT200224,5,2025-10-02,MOUN,30
PT200224,6,2025-11-01,MOUN,90
PT200224,7,2026-02-02,TRUL,90
PT200224,8,2026-05-03,TRUL,90
PT200224,9,2026-08-01,TRUL,90
PT200225,1,2025-09-17,TRUL,30
PT200225,2,2025-10-20,TRUL,30
PT200225,3,2025-11-19,TRUL,90
PT200225,4,2026-02-17,TRUL,90
PT200225,5,2026-05-18,TRUL,90
PT200225,6,2026-08-16,TRUL,30
PT200226,1,2025-03-08,MOUN,30
PT200226,2,2025-04-07,MOUN,30
PT200226,3,2025-05-07,MOUN,90
PT200226,4,2025-08-05,MOUN,30
PT200226,5,2025-09-04,MOUN,90
PT200226,6,2025-12-03,MOUN,90
PT200226,7,2026-03-03,MOUN,90
PT200226,8,2026-06-01,MOUN,90
PT200226,9,2026-08-30,MOUN,90
PT200227,1,2025-07-09,OZEM,30
PT200227,2,2025-08-15,OZEM,30
PT200227,3,2025-09-21,OZEM,90
PT200227,4,2025-12-20,OZEM,90
PT200227,5,2026-03-20,OZEM,90
PT200227,6,2026-06-25,RYBL,90
PT200228,1,2025-08-23,OZEM,30
PT200228,2,2025-09-25,OZEM,30
PT200228,3,2025-10-11,OZEM,30
PT200229,1,2025-09-15,RYBL,30
PT200229,2,2025-10-18,RYBL,30
PT200229,3,2025-11-17,RYBL,30
PT200230,1,2024-12-05,OZEM,30
PT200230,2,2025-01-04,TRUL,30
PT200230,3,2025-02-03,TRUL,90
PT200230,4,2025-05-04,TRUL,30
PT200230,5,2025-06-03,TRUL,90
PT200230,6,2025-09-01,TRUL,90
PT200230,7,2025-11-30,OZEM,90
PT200230,8,2026-02-28,OZEM,90
PT200230,9,2026-05-29,OZEM,30
PT200230,10,2026-06-28,OZEM,90
PT200231,1,2025-02-04,OZEM,30
PT200231,2,2025-03-21,OZEM,30
PT200231,3,2025-04-20,OZEM,90
PT200231,4,2025-07-19,OZEM,90
PT200231,5,2025-10-17,OZEM,90
PT200231,6,2026-01-15,OZEM,30
PT200232,1,2024-09-16,OZEM,30
PT200232,2,2024-10-16,OZEM,30
PT200232,3,2024-11-15,OZEM,90
PT200232,4,2025-02-13,OZEM,90
PT200232,5,2025-05-29,RYBL,30
PT200232,6,2025-06-28,RYBL,90
PT200232,7,2025-09-26,RYBL,90
PT200232,8,2025-12-25,RYBL,30
PT200232,9,2026-01-24,RYBL,30
PT200232,10,2026-02-23,RYBL,30
PT200232,11,2026-03-25,RYBL,90
PT200232,12,2026-06-23,RYBL,90
PT200233,1,2025-06-16,RYBL,30
PT200233,2,2025-07-16,RYBL,30
PT200233,3,2025-08-15,RYBL,90
PT200233,4,2025-11-16,RYBL,90
PT200233,5,2026-02-14,RYBL,90
PT200233,6,2026-05-15,RYBL,30
PT200233,7,2026-06-14,RYBL,90
PT200234,1,2025-11-08,TRUL,30
PT200234,2,2025-12-08,TRUL,30
PT200234,3,2026-01-07,TRUL,90
PT200234,4,2026-04-07,TRUL,90
PT200235,1,2024-09-24,MOUN,30
PT200235,2,2024-10-24,MOUN,30
PT200235,3,2024-11-23,MOUN,30
PT200235,4,2024-12-26,MOUN,90
PT200235,5,2025-03-26,MOUN,90
PT200235,6,2025-06-24,MOUN,90
PT200235,7,2025-09-22,MOUN,90
PT200235,8,2025-12-28,MOUN,90
PT200235,9,2026-03-31,MOUN,30
PT200235,10,2026-04-30,MOUN,90
PT200235,11,2026-07-29,MOUN,90
PT200236,1,2025-11-15,MOUN,30
PT200236,2,2025-12-15,MOUN,30
PT200236,3,2026-01-14,MOUN,90
PT200236,4,2026-04-14,MOUN,30
PT200236,5,2026-05-14,MOUN,30
PT200236,6,2026-06-13,MOUN,30
PT200236,7,2026-07-13,MOUN,30
PT200236,8,2026-08-15,MOUN,30
PT200237,1,2025-11-17,OZEM,30
PT200237,2,2025-12-24,OZEM,30
PT200237,3,2026-01-23,OZEM,90
PT200237,4,2026-04-23,OZEM,30
PT200237,5,2026-05-23,OZEM,90
PT200238,1,2025-12-24,OZEM,30
PT200238,2,2026-01-23,OZEM,30
PT200238,3,2026-02-22,OZEM,90
PT200238,4,2026-06-07,OZEM,30
PT200239,1,2025-05-12,OZEM,30
PT200239,2,2025-06-11,OZEM,30
PT200239,3,2025-07-11,OZEM,30
PT200239,4,2025-08-10,OZEM,30
PT200239,5,2025-09-09,OZEM,90
PT200239,6,2025-12-08,OZEM,90
PT200240,1,2024-09-03,TRUL,30
PT200240,2,2024-10-03,TRUL,30
PT200240,3,2024-11-02,TRUL,90
PT200240,4,2025-02-03,TRUL,90
PT200240,5,2025-05-04,TRUL,90
PT200240,6,2025-08-02,TRUL,30
PT200240,7,2025-09-01,TRUL,90
PT200240,8,2025-11-30,TRUL,90
PT200241,1,2025-10-08,RYBL,30
PT200242,1,2024-09-16,TRUL,30
PT200242,2,2024-10-01,TRUL,30
PT200243,1,2025-08-07,MOUN,30
PT200243,2,2025-09-06,MOUN,30
PT200243,3,2025-10-06,MOUN,90
PT200243,4,2026-01-04,MOUN,90
PT200243,5,2026-04-04,MOUN,30
PT200243,6,2026-05-04,MOUN,90
PT200243,7,2026-05-23,MOUN,30
PT200243,8,2026-06-22,MOUN,30
PT200243,9,2026-07-22,MOUN,90
PT200244,1,2025-10-21,MOUN,30
PT200244,2,2025-12-05,MOUN,30
PT200244,3,2026-01-04,MOUN,90
PT200244,4,2026-04-04,MOUN,90
PT200244,5,2026-07-03,MOUN,30
PT200244,6,2026-08-05,MOUN,90
PT200245,1,2025-09-14,MOUN,30
PT200245,2,2025-10-14,MOUN,30
PT200245,3,2025-11-20,MOUN,90
PT200245,4,2026-02-18,MOUN,90
PT200247,1,2025-07-13,TRUL,30
PT200247,2,2025-08-12,TRUL,30
PT200247,3,2025-09-11,MOUN,30
PT200248,1,2025-11-23,OZEM,30
PT200248,2,2025-12-23,OZEM,30
PT200248,3,2026-01-03,OZEM,90
PT200248,4,2026-04-03,OZEM,90
PT200248,5,2026-07-02,OZEM,30
PT200248,6,2026-08-01,OZEM,90
PT200249,1,2025-01-11,MOUN,30
PT200249,2,2025-01-27,MOUN,30
PT200249,3,2025-02-26,MOUN,90
PT200249,4,2025-05-27,MOUN,30
PT200249,5,2025-06-26,MOUN,90
PT200249,6,2025-09-24,MOUN,90
PT200249,7,2025-12-23,MOUN,90
PT200249,8,2026-04-07,MOUN,30
PT200249,9,2026-05-07,MOUN,90
PT200249,10,2026-08-05,MOUN,90
PT200250,1,2024-09-05,OZEM,30
PT200250,2,2024-10-05,OZEM,30
PT200250,3,2024-11-04,OZEM,90
PT200250,4,2025-02-02,OZEM,90
PT200250,5,2025-05-06,RYBL,90
PT200250,6,2025-08-19,RYBL,30
PT200250,7,2025-09-25,RYBL,90
PT200251,1,2025-09-01,MOUN,30
PT200251,2,2025-10-01,MOUN,30
PT200251,3,2025-11-07,MOUN,90
PT200251,4,2026-02-05,MOUN,30
PT200251,5,2026-03-07,MOUN,90
PT200251,6,2026-06-05,MOUN,90
PT200252,1,2024-11-20,OZEM,30
PT200252,2,2024-12-27,OZEM,30
PT200252,3,2025-01-26,OZEM,90
PT200252,4,2025-04-26,OZEM,30
PT200252,5,2025-05-26,OZEM,30
PT200252,6,2025-06-25,OZEM,90
PT200252,7,2025-09-23,OZEM,90
PT200252,8,2025-12-22,OZEM,90
PT200252,9,2026-03-22,OZEM,90
PT200252,10,2026-06-20,OZEM,90
PT200253,1,2025-10-04,MOUN,30
PT200253,2,2025-11-06,MOUN,30
PT200253,3,2025-12-06,MOUN,90
PT200253,4,2026-03-06,MOUN,30
PT200253,5,2026-04-05,MOUN,90
PT200253,6,2026-07-11,MOUN,90
PT200255,1,2025-03-08,MOUN,30
PT200255,2,2025-04-07,MOUN,30
PT200255,3,2025-05-07,MOUN,90
PT200255,4,2025-08-05,MOUN,90
PT200255,5,2025-11-03,MOUN,90
PT200255,6,2026-02-01,MOUN,90
PT200255,7,2026-05-02,MOUN,90
PT200255,8,2026-07-31,MOUN,90
PT200256,1,2026-02-07,OZEM,30
PT200256,2,2026-03-09,OZEM,30
PT200256,3,2026-04-08,OZEM,90
PT200256,4,2026-07-07,OZEM,90
PT200257,1,2024-10-03,MOUN,30
PT200257,2,2024-11-02,MOUN,30
PT200257,3,2024-12-02,MOUN,30
PT200259,1,2025-02-04,MOUN,30
PT200259,2,2025-03-06,MOUN,30
PT200259,3,2025-04-05,MOUN,90
PT200259,4,2025-07-04,MOUN,90
PT200259,5,2025-10-02,MOUN,90
PT200259,6,2025-12-31,MOUN,90
PT200259,7,2026-03-31,MOUN,90
PT200259,8,2026-06-29,MOUN,90
PT200260,1,2025-09-29,MOUN,30
PT200260,2,2025-10-29,MOUN,30
PT200260,3,2025-11-28,MOUN,90
PT200260,4,2026-03-01,MOUN,90
PT200261,1,2025-09-25,OZEM,30
PT200261,2,2025-10-25,OZEM,30
PT200261,3,2025-11-24,MOUN,30
PT200261,4,2025-12-24,MOUN,90
PT200261,5,2026-03-24,MOUN,30
PT200262,1,2025-10-04,OZEM,30
PT200262,2,2025-11-03,OZEM,30
PT200262,3,2025-12-03,OZEM,90
PT200262,4,2026-03-10,OZEM,90
PT200262,5,2026-06-08,OZEM,30
PT200262,6,2026-07-11,OZEM,90
PT200265,1,2025-09-08,MOUN,30
PT200266,1,2025-06-23,MOUN,30
PT200266,2,2025-08-07,MOUN,30
PT200266,3,2025-09-21,MOUN,90
PT200266,4,2025-12-20,MOUN,90
PT200266,5,2026-03-20,MOUN,90
PT200266,6,2026-06-18,MOUN,30
PT200266,7,2026-07-18,MOUN,90
PT200267,1,2025-04-13,OZEM,30
PT200267,2,2025-05-13,OZEM,30
PT200267,3,2025-06-12,OZEM,90
PT200267,4,2025-09-10,OZEM,90
PT200267,5,2025-12-09,OZEM,90
PT200267,6,2026-03-09,OZEM,90
PT200268,1,2025-06-14,TRUL,30
PT200268,2,2025-07-17,TRUL,30
PT200268,3,2025-08-23,TRUL,90
PT200268,4,2025-11-21,TRUL,30
PT200268,5,2025-12-21,TRUL,90
PT200268,6,2026-03-21,TRUL,90
PT200268,7,2026-06-19,TRUL,30
PT200268,8,2026-07-19,RYBL,90
PT200269,1,2025-06-29,TRUL,30
PT200269,2,2025-07-29,TRUL,30
PT200269,3,2025-08-28,TRUL,90
PT200269,4,2025-11-29,TRUL,30
PT200269,5,2025-12-29,TRUL,90
PT200269,6,2026-03-29,TRUL,30
PT200269,7,2026-04-28,MOUN,90
PT200269,8,2026-07-30,RYBL,30
PT200269,9,2026-08-29,RYBL,90
PT200270,1,2025-08-22,RYBL,30
PT200270,2,2025-09-21,RYBL,30
PT200270,3,2025-10-21,RYBL,90
PT200270,4,2026-01-22,RYBL,90
PT200270,5,2026-04-22,RYBL,90
PT200270,6,2026-07-21,RYBL,90
PT200271,1,2025-04-15,MOUN,30
PT200271,2,2025-05-15,MOUN,30
PT200271,3,2025-06-14,MOUN,30
PT200271,4,2025-07-14,MOUN,30
PT200271,5,2025-08-13,MOUN,90
PT200271,6,2025-11-11,MOUN,30
PT200271,7,2025-12-11,MOUN,30
PT200271,8,2026-01-10,MOUN,30
PT200271,9,2026-02-09,MOUN,30
PT200271,10,2026-03-11,MOUN,90
PT200271,11,2026-06-09,MOUN,90
PT200272,1,2026-02-21,MOUN,30
PT200272,2,2026-03-23,MOUN,30
PT200272,3,2026-04-22,MOUN,90
PT200272,4,2026-07-21,MOUN,30
PT200272,5,2026-08-20,MOUN,90
PT200273,1,2026-01-08,TRUL,30
PT200273,2,2026-02-07,TRUL,30
PT200273,3,2026-03-12,TRUL,90
PT200273,4,2026-06-10,TRUL,30
PT200273,5,2026-07-10,TRUL,90
PT200274,1,2025-04-29,OZEM,30
PT200274,2,2025-05-29,OZEM,30
PT200274,3,2025-06-14,OZEM,30
PT200274,4,2025-07-14,OZEM,90
PT200274,5,2025-10-12,OZEM,30
PT200274,6,2025-11-26,OZEM,30
PT200274,7,2026-01-02,OZEM,90
PT200274,8,2026-04-02,OZEM,30
PT200274,9,2026-05-02,OZEM,90
PT200274,10,2026-08-07,OZEM,90
PT200275,1,2025-01-25,MOUN,30
PT200276,1,2025-03-13,TRUL,30
PT200276,2,2025-04-12,TRUL,30
PT200276,3,2025-05-12,TRUL,90
PT200276,4,2025-08-10,TRUL,90
PT200276,5,2025-11-08,TRUL,90
PT200276,6,2026-02-06,TRUL,30
PT200276,7,2026-03-08,TRUL,90
PT200276,8,2026-06-06,TRUL,30
PT200276,9,2026-07-06,TRUL,30
PT200276,10,2026-08-05,TRUL,30
PT200277,1,2026-01-14,OZEM,30
PT200277,2,2026-02-13,OZEM,30
PT200277,3,2026-03-15,OZEM,30
PT200277,4,2026-04-29,OZEM,90
PT200277,5,2026-07-28,OZEM,30
PT200277,6,2026-08-27,OZEM,30
PT200278,1,2024-12-22,MOUN,30
PT200278,2,2025-01-21,MOUN,30
PT200278,3,2025-02-20,MOUN,90
PT200278,4,2025-05-28,MOUN,90
PT200280,1,2026-01-11,OZEM,30
PT200280,2,2026-02-25,OZEM,30
PT200280,3,2026-03-30,TRUL,90
PT200282,1,2025-04-20,MOUN,30
PT200282,2,2025-05-20,MOUN,30
PT200282,3,2025-06-19,MOUN,30
PT200282,4,2025-07-19,MOUN,30
PT200282,5,2025-08-18,MOUN,90
PT200282,6,2025-11-16,MOUN,30
PT200283,1,2024-12-20,RYBL,30
PT200283,2,2025-01-19,RYBL,30
PT200283,3,2025-02-18,RYBL,90
PT200283,4,2025-03-02,RYBL,30
PT200284,1,2025-02-02,MOUN,30
PT200284,2,2025-03-04,MOUN,30
PT200284,3,2025-04-03,MOUN,30
PT200284,4,2025-05-03,MOUN,90
PT200284,5,2025-08-01,MOUN,90
PT200284,6,2025-10-30,MOUN,90
PT200284,7,2026-01-28,MOUN,90
PT200284,8,2026-04-28,MOUN,90
PT200285,1,2024-12-10,OZEM,30
PT200285,2,2025-01-09,OZEM,30
PT200285,3,2025-02-08,OZEM,90
PT200285,4,2025-05-09,OZEM,90
PT200286,1,2024-11-23,MOUN,30
PT200286,2,2024-12-26,MOUN,30
PT200286,3,2025-01-25,MOUN,90
PT200286,4,2025-04-25,MOUN,90
PT200286,5,2025-07-24,MOUN,30
PT200286,6,2025-08-23,MOUN,90
PT200286,7,2025-11-21,MOUN,90
PT200286,8,2026-02-19,MOUN,90
PT200286,9,2026-05-20,MOUN,90
PT200287,1,2025-11-25,MOUN,30
PT200287,2,2025-12-25,MOUN,30
PT200287,3,2026-01-24,MOUN,90
PT200287,4,2026-04-24,MOUN,90
PT200287,5,2026-07-23,MOUN,30
PT200287,6,2026-08-25,MOUN,90
PT200288,1,2026-02-09,OZEM,30
PT200288,2,2026-03-11,OZEM,30
PT200288,3,2026-03-28,OZEM,90
PT200288,4,2026-06-26,OZEM,90
PT200289,1,2026-01-02,MOUN,30
PT200289,2,2026-02-01,MOUN,30
PT200289,3,2026-03-03,MOUN,30
PT200289,4,2026-04-02,MOUN,30
PT200289,5,2026-05-02,MOUN,90
PT200290,1,2026-03-27,MOUN,30
PT200290,2,2026-04-26,MOUN,30
PT200290,3,2026-05-26,MOUN,30
PT200290,4,2026-07-02,MOUN,90
PT200291,1,2025-02-22,OZEM,30
PT200291,2,2025-03-24,OZEM,30
PT200291,3,2025-04-23,OZEM,90
PT200292,1,2024-10-16,TRUL,30
PT200292,2,2024-11-15,TRUL,30
PT200292,3,2024-12-15,TRUL,30
PT200292,4,2025-01-14,TRUL,90
PT200292,5,2025-04-17,TRUL,90
PT200292,6,2025-07-23,TRUL,30
PT200292,7,2025-08-22,TRUL,30
PT200292,8,2025-09-24,TRUL,30
PT200292,9,2025-10-27,TRUL,90
PT200292,10,2026-01-25,TRUL,30
PT200292,11,2026-02-24,TRUL,90
PT200292,12,2026-05-25,TRUL,30
PT200292,13,2026-06-24,TRUL,30
PT200293,1,2025-09-12,MOUN,30
PT200293,2,2025-10-12,MOUN,30
PT200293,3,2025-11-11,MOUN,30
PT200293,4,2025-12-11,MOUN,90
PT200293,5,2026-03-11,MOUN,90
PT200293,6,2026-06-09,MOUN,90
PT200294,1,2025-07-28,RYBL,30
PT200294,2,2025-08-30,RYBL,30
PT200294,3,2025-09-29,TRUL,90
PT200294,4,2025-12-28,TRUL,30
PT200294,5,2026-01-27,OZEM,90
PT200294,6,2026-04-27,OZEM,90
PT200294,7,2026-07-26,OZEM,90
PT200295,1,2025-12-21,TRUL,30
PT200295,2,2026-01-20,TRUL,30
PT200295,3,2026-02-19,TRUL,90
PT200295,4,2026-05-20,TRUL,90
PT200295,5,2026-08-18,TRUL,30
PT200296,1,2025-12-29,OZEM,30
PT200296,2,2026-01-28,OZEM,30
PT200296,3,2026-02-27,OZEM,90
PT200297,1,2025-07-17,TRUL,30
PT200297,2,2025-08-16,TRUL,30
PT200297,3,2025-09-15,TRUL,90
PT200297,4,2025-12-14,TRUL,90
PT200297,5,2026-03-29,TRUL,30
PT200297,6,2026-04-28,TRUL,90
PT200297,7,2026-07-27,TRUL,90
PT200298,1,2026-01-07,TRUL,30
PT200298,2,2026-02-06,TRUL,30
PT200298,3,2026-03-15,TRUL,90
PT200298,4,2026-06-13,TRUL,90
PT200300,1,2025-09-14,MOUN,30
PT200300,2,2025-10-14,MOUN,30
PT200300,3,2025-11-13,MOUN,30
PT200300,4,2025-12-13,MOUN,90
PT200300,5,2026-03-13,OZEM,90
PT200300,6,2026-06-18,OZEM,90
PT200301,1,2026-02-16,RYBL,30
PT200301,2,2026-04-02,RYBL,30
PT200301,3,2026-05-09,RYBL,90
PT200301,4,2026-08-07,RYBL,90
PT200302,1,2025-01-20,TRUL,30
PT200302,2,2025-02-19,TRUL,30
PT200302,3,2025-03-21,TRUL,90
PT200302,4,2025-06-19,RYBL,30
PT200302,5,2025-07-19,RYBL,90
PT200302,6,2025-10-17,RYBL,90
PT200302,7,2026-01-15,RYBL,90
PT200302,8,2026-04-15,RYBL,90
PT200302,9,2026-07-14,RYBL,30
PT200302,10,2026-08-13,RYBL,90
PT200303,1,2024-09-05,TRUL,30
PT200303,2,2024-10-05,TRUL,30
PT200303,3,2024-11-04,TRUL,90
PT200304,1,2024-10-11,OZEM,30
PT200305,1,2025-07-09,RYBL,30
PT200305,2,2025-08-08,RYBL,30
PT200305,3,2025-09-07,RYBL,90
PT200305,4,2025-12-06,RYBL,30
PT200305,5,2026-01-05,RYBL,90
PT200306,1,2026-02-05,TRUL,30
PT200306,2,2026-03-07,TRUL,30
PT200306,3,2026-04-06,TRUL,90
PT200306,4,2026-07-05,TRUL,90
PT200307,1,2025-12-18,MOUN,30
PT200307,2,2026-01-17,MOUN,30
PT200307,3,2026-02-16,MOUN,30
PT200307,4,2026-03-18,TRUL,90
PT200307,5,2026-06-16,TRUL,90
PT200308,1,2026-01-16,OZEM,30
PT200308,2,2026-02-15,OZEM,30
PT200308,3,2026-03-17,OZEM,90
PT200308,4,2026-06-18,OZEM,90
PT200309,1,2025-07-10,RYBL,30
PT200309,2,2025-08-09,RYBL,30
PT200309,3,2025-09-08,RYBL,90
PT200310,1,2026-01-13,MOUN,30
PT200310,2,2026-02-19,MOUN,30
PT200310,3,2026-03-21,MOUN,90
PT200310,4,2026-06-19,MOUN,30
PT200310,5,2026-07-26,MOUN,30
PT200310,6,2026-08-28,MOUN,90
PT200311,1,2025-05-25,MOUN,30
PT200311,2,2025-06-24,MOUN,30
PT200311,3,2025-08-08,MOUN,90
PT200311,4,2025-11-06,MOUN,30
PT200311,5,2025-12-06,MOUN,90
PT200311,6,2026-03-13,MOUN,30
PT200312,1,2025-09-09,MOUN,30
PT200312,2,2025-10-09,MOUN,30
PT200312,3,2025-11-08,MOUN,90
PT200312,4,2026-02-06,TRUL,90
PT200312,5,2026-05-07,TRUL,30
PT200312,6,2026-06-06,TRUL,30
PT200312,7,2026-07-06,TRUL,90
PT200313,1,2025-03-18,RYBL,30
PT200313,2,2025-04-17,RYBL,30
PT200313,3,2025-05-20,RYBL,90
PT200313,4,2025-05-30,RYBL,90
PT200313,5,2025-08-28,RYBL,30
PT200313,6,2025-09-27,RYBL,90
PT200313,7,2026-01-02,RYBL,90
PT200313,8,2026-04-02,RYBL,90
PT200313,9,2026-07-04,RYBL,30
PT200313,10,2026-08-03,RYBL,30
PT200314,1,2025-04-14,OZEM,30
PT200314,2,2025-05-14,OZEM,30
PT200314,3,2025-06-13,OZEM,30
PT200314,4,2025-07-13,OZEM,90
PT200314,5,2025-10-18,TRUL,30
PT200314,6,2025-11-17,TRUL,30
PT200314,7,2025-12-17,TRUL,30
PT200314,8,2026-01-16,TRUL,90
PT200314,9,2026-04-16,TRUL,90
PT200314,10,2026-07-15,TRUL,90
PT200315,1,2026-03-01,OZEM,30
PT200315,2,2026-03-31,OZEM,30
PT200315,3,2026-04-18,OZEM,30
PT200315,4,2026-05-25,OZEM,90
PT200315,5,2026-08-26,OZEM,30
PT200316,1,2025-08-15,MOUN,30
PT200316,2,2025-09-14,MOUN,30
PT200316,3,2025-10-14,MOUN,90
PT200316,4,2026-01-15,MOUN,30
PT200316,5,2026-02-14,MOUN,90
PT200316,6,2026-05-15,MOUN,90
PT200316,7,2026-08-13,MOUN,30
PT200317,1,2024-11-13,OZEM,30
PT200317,2,2024-12-13,OZEM,30
PT200317,3,2024-12-29,OZEM,90
PT200317,4,2025-03-29,OZEM,30
PT200317,5,2025-04-28,OZEM,90
PT200317,6,2025-07-27,OZEM,30
PT200318,1,2026-01-18,RYBL,30
PT200318,2,2026-03-04,RYBL,30
PT200318,3,2026-04-03,OZEM,90
PT200318,4,2026-07-02,OZEM,90
PT200320,1,2025-05-07,TRUL,30
PT200320,2,2025-06-13,TRUL,30
PT200320,3,2025-07-13,TRUL,90
PT200320,4,2025-10-11,TRUL,30
PT200322,1,2025-05-07,RYBL,30
PT200322,2,2025-06-06,RYBL,30
PT200322,3,2025-07-06,RYBL,30
PT200322,4,2025-08-05,RYBL,30
PT200323,1,2025-04-30,OZEM,30
PT200323,2,2025-06-14,OZEM,30
PT200323,3,2025-07-17,OZEM,90
PT200323,4,2025-10-15,OZEM,90
PT200323,5,2026-01-20,OZEM,90
PT200323,6,2026-04-20,OZEM,90
PT200323,7,2026-07-19,OZEM,90
PT200324,1,2025-07-25,MOUN,30
PT200324,2,2025-08-24,MOUN,30
PT200324,3,2025-09-23,MOUN,90
PT200324,4,2025-12-22,MOUN,90
PT200324,5,2026-03-22,MOUN,90
PT200324,6,2026-06-20,MOUN,30
PT200325,1,2025-12-14,RYBL,30
PT200325,2,2026-01-20,RYBL,30
PT200325,3,2026-02-19,RYBL,90
PT200325,4,2026-05-20,RYBL,90
PT200325,5,2026-08-18,RYBL,90
PT200326,1,2026-02-12,MOUN,30
PT200326,2,2026-03-14,MOUN,30
PT200326,3,2026-04-20,MOUN,30
PT200326,4,2026-05-20,MOUN,90
PT200327,1,2025-10-02,MOUN,30
PT200327,2,2025-11-08,MOUN,30
PT200327,3,2025-12-08,MOUN,90
PT200327,4,2026-03-08,MOUN,90
PT200327,5,2026-06-06,MOUN,90
PT200329,1,2024-09-19,TRUL,30
PT200329,2,2024-10-19,TRUL,30
PT200329,3,2024-11-21,TRUL,90
PT200329,4,2025-02-19,TRUL,30
PT200329,5,2025-03-21,TRUL,90
PT200329,6,2025-07-04,TRUL,90
PT200329,7,2025-10-02,TRUL,90
PT200329,8,2025-12-31,TRUL,90
PT200329,9,2026-03-31,TRUL,90
PT200329,10,2026-06-29,TRUL,30
PT200329,11,2026-07-29,TRUL,90
PT200330,1,2025-12-31,OZEM,30
PT200330,2,2026-02-14,OZEM,30
PT200330,3,2026-03-16,OZEM,90
PT200331,1,2026-03-01,TRUL,30
PT200331,2,2026-04-07,TRUL,30
PT200331,3,2026-05-07,TRUL,30
PT200331,4,2026-06-09,TRUL,30
PT200331,5,2026-07-09,TRUL,90
PT200332,1,2025-06-09,MOUN,30
PT200332,2,2025-07-09,MOUN,30
PT200332,3,2025-08-08,MOUN,90
PT200332,4,2025-11-06,MOUN,30
PT200332,5,2025-12-06,MOUN,90
PT200332,6,2026-03-06,MOUN,90
PT200332,7,2026-06-07,MOUN,90
PT200333,1,2025-03-23,MOUN,30
PT200333,2,2025-04-22,MOUN,30
PT200333,3,2025-05-25,MOUN,30
PT200333,4,2025-06-24,MOUN,90
PT200333,5,2025-09-22,MOUN,30
PT200333,6,2025-10-25,MOUN,90
PT200333,7,2026-01-23,MOUN,90
PT200333,8,2026-04-23,MOUN,90
PT200333,9,2026-07-22,MOUN,30
PT200334,1,2025-03-07,TRUL,30
PT200334,2,2025-04-06,TRUL,30
PT200334,3,2025-05-06,TRUL,90
PT200334,4,2025-08-04,TRUL,90
PT200334,5,2025-11-02,TRUL,30
PT200334,6,2025-12-02,TRUL,90
PT200335,1,2025-06-25,MOUN,30
PT200335,2,2025-07-25,MOUN,30
PT200335,3,2025-08-24,MOUN,30
PT200335,4,2025-09-23,MOUN,90
PT200335,5,2025-12-22,MOUN,90
PT200335,6,2026-03-22,MOUN,90
PT200335,7,2026-06-20,MOUN,90
PT200337,1,2025-07-23,MOUN,30
PT200337,2,2025-08-22,MOUN,30
PT200337,3,2025-09-21,MOUN,90
PT200337,4,2025-12-20,MOUN,90
PT200337,5,2026-03-20,MOUN,30
PT200337,6,2026-04-19,MOUN,30
PT200337,7,2026-06-03,MOUN,90
PT200337,8,2026-06-15,MOUN,90
PT200338,1,2025-01-27,MOUN,30
PT200338,2,2025-02-26,MOUN,30
PT200338,3,2025-03-28,MOUN,90
PT200338,4,2025-06-26,MOUN,30
PT200338,5,2025-08-02,MOUN,90
PT200338,6,2025-11-07,MOUN,30
PT200338,7,2025-12-07,MOUN,30
PT200338,8,2026-01-06,MOUN,90
PT200338,9,2026-04-06,MOUN,90
PT200338,10,2026-07-05,MOUN,30
PT200338,11,2026-08-04,MOUN,90
PT200339,1,2025-10-20,MOUN,30
PT200339,2,2025-11-19,MOUN,30
PT200339,3,2025-12-19,MOUN,90
PT200340,1,2025-02-23,OZEM,30
PT200340,2,2025-03-25,OZEM,30
PT200340,3,2025-04-12,OZEM,90
PT200340,4,2025-07-11,OZEM,90
PT200340,5,2025-10-09,OZEM,90
PT200340,6,2026-01-07,OZEM,90
PT200340,7,2026-04-07,MOUN,90
PT200340,8,2026-07-06,MOUN,30
PT200340,9,2026-08-05,MOUN,30
PT200341,1,2024-12-19,TRUL,30
PT200341,2,2025-01-18,TRUL,30
PT200341,3,2025-02-17,TRUL,90
PT200341,4,2025-05-18,TRUL,90
PT200341,5,2025-08-16,MOUN,30
PT200341,6,2025-09-15,MOUN,90
PT200341,7,2025-12-14,MOUN,30
PT200341,8,2026-01-16,MOUN,90
PT200341,9,2026-04-16,MOUN,30
PT200341,10,2026-05-16,MOUN,90
PT200341,11,2026-08-14,MOUN,30
PT200342,1,2024-12-17,OZEM,30
PT200342,2,2025-01-16,OZEM,30
PT200342,3,2025-02-15,OZEM,90
PT200342,4,2025-05-16,OZEM,90
PT200342,5,2025-08-17,OZEM,30
PT200342,6,2025-09-16,OZEM,90
PT200342,7,2025-12-15,MOUN,90
PT200342,8,2026-03-15,MOUN,30
PT200342,9,2026-04-14,MOUN,90
PT200342,10,2026-07-13,MOUN,30
PT200342,11,2026-08-12,MOUN,30
PT200343,1,2024-11-30,RYBL,30
PT200343,2,2024-12-30,RYBL,30
PT200343,3,2025-01-29,RYBL,30
PT200343,4,2025-02-28,RYBL,30
PT200343,5,2025-03-30,RYBL,90
PT200343,6,2025-06-28,RYBL,90
PT200343,7,2025-09-29,RYBL,90
PT200343,8,2025-12-28,RYBL,90
PT200343,9,2026-03-28,MOUN,90
PT200343,10,2026-06-26,MOUN,30
PT200343,11,2026-07-29,MOUN,90
PT200344,1,2026-03-17,TRUL,30
PT200344,2,2026-04-19,TRUL,30
PT200344,3,2026-05-19,TRUL,90
PT200344,4,2026-08-17,TRUL,90
PT200345,1,2024-10-06,TRUL,30
PT200345,2,2024-11-05,TRUL,30
PT200345,3,2024-12-05,TRUL,90
PT200345,4,2025-03-05,TRUL,90
PT200345,5,2025-06-03,TRUL,30
PT200345,6,2025-07-03,TRUL,90
PT200345,7,2025-10-01,TRUL,90
PT200345,8,2025-12-30,TRUL,90
PT200345,9,2026-03-30,MOUN,90
PT200345,10,2026-07-13,MOUN,90
PT200346,1,2025-02-21,OZEM,30
PT200346,2,2025-04-07,OZEM,30
PT200346,3,2025-05-22,OZEM,90
PT200346,4,2025-08-20,OZEM,90
PT200346,5,2025-11-18,OZEM,30
PT200346,6,2025-12-18,OZEM,30
PT200346,7,2026-01-17,OZEM,90
PT200346,8,2026-04-17,OZEM,90
PT200346,9,2026-07-16,OZEM,90
PT200347,1,2024-09-28,OZEM,30
PT200347,2,2024-10-28,OZEM,30
PT200347,3,2024-11-30,OZEM,90
PT200347,4,2025-02-28,OZEM,90
PT200347,5,2025-05-29,OZEM,30
PT200347,6,2025-06-28,OZEM,90
PT200347,7,2025-09-29,OZEM,30
PT200348,1,2024-09-12,OZEM,30
PT200348,2,2024-10-12,OZEM,30
PT200348,3,2024-11-11,OZEM,90
PT200348,4,2025-02-16,OZEM,90
PT200348,5,2025-05-17,OZEM,90
PT200348,6,2025-08-15,OZEM,90
PT200348,7,2025-11-13,MOUN,90
PT200348,8,2026-02-11,MOUN,90
PT200348,9,2026-05-12,MOUN,30
PT200348,10,2026-06-11,MOUN,90
PT200349,1,2026-01-25,OZEM,30
PT200349,2,2026-02-24,OZEM,30
PT200349,3,2026-03-26,OZEM,30
PT200350,1,2025-04-18,MOUN,30
PT200350,2,2025-04-30,MOUN,30
PT200350,3,2025-05-30,MOUN,90
PT200350,4,2025-08-28,MOUN,90
PT200350,5,2025-11-29,MOUN,90
PT200350,6,2026-02-27,MOUN,90
PT200350,7,2026-05-28,MOUN,30
PT200350,8,2026-07-12,MOUN,90
PT200351,1,2025-04-05,MOUN,30
PT200351,2,2025-05-05,MOUN,30
PT200351,3,2025-06-04,MOUN,90
PT200351,4,2025-09-02,MOUN,90
PT200351,5,2025-12-01,MOUN,90
PT200351,6,2026-03-08,MOUN,90
PT200351,7,2026-06-06,MOUN,30
PT200351,8,2026-07-06,MOUN,90
PT200352,1,2025-02-06,MOUN,30
PT200352,2,2025-03-08,MOUN,30
PT200352,3,2025-04-07,MOUN,90
PT200352,4,2025-07-06,MOUN,90
PT200352,5,2025-10-04,MOUN,90
PT200352,6,2026-01-02,MOUN,90
PT200352,7,2026-04-02,MOUN,90
PT200352,8,2026-07-01,MOUN,90
PT200353,1,2025-01-11,MOUN,30
PT200353,2,2025-02-10,MOUN,30
PT200353,3,2025-03-27,MOUN,30
PT200353,4,2025-04-29,MOUN,90
PT200353,5,2025-07-31,MOUN,90
PT200353,6,2025-10-29,MOUN,90
PT200353,7,2026-01-27,MOUN,90
PT200353,8,2026-05-04,MOUN,30
PT200353,9,2026-06-03,MOUN,90
PT200354,1,2024-12-12,TRUL,30
PT200354,2,2025-01-11,TRUL,30
PT200354,3,2025-02-10,TRUL,90
PT200354,4,2025-05-11,TRUL,90
PT200354,5,2025-08-09,TRUL,90
PT200354,6,2025-11-07,TRUL,90
PT200354,7,2026-02-05,TRUL,90
PT200354,8,2026-05-06,TRUL,30
PT200354,9,2026-06-05,TRUL,90
PT200355,1,2026-03-24,TRUL,30
PT200355,2,2026-04-23,MOUN,30
PT200355,3,2026-05-26,MOUN,90
PT200355,4,2026-08-24,MOUN,30
PT200356,1,2025-03-04,MOUN,30
PT200357,1,2025-11-25,TRUL,30
PT200357,2,2025-12-25,TRUL,30
PT200357,3,2026-01-31,TRUL,90
PT200357,4,2026-05-01,TRUL,90
PT200357,5,2026-08-02,TRUL,90
PT200358,1,2025-07-12,MOUN,30
PT200358,2,2025-08-11,MOUN,30
PT200358,3,2025-09-10,MOUN,30
PT200358,4,2025-10-25,MOUN,90
PT200358,5,2026-01-30,MOUN,30
PT200358,6,2026-03-04,MOUN,90
PT200358,7,2026-06-02,TRUL,90
PT200360,1,2025-03-31,OZEM,30
PT200360,2,2025-04-30,OZEM,30
PT200360,3,2025-05-15,OZEM,90
PT200360,4,2025-08-16,OZEM,90
PT200361,1,2025-02-14,TRUL,30
PT200361,2,2025-03-16,TRUL,30
PT200361,3,2025-04-15,TRUL,90
PT200361,4,2025-07-14,TRUL,90
PT200361,5,2025-10-12,TRUL,90
PT200361,6,2026-01-10,TRUL,30
PT200361,7,2026-02-09,TRUL,90
PT200361,8,2026-05-10,TRUL,90
PT200361,9,2026-08-15,TRUL,90
PT200362,1,2025-07-05,MOUN,30
PT200362,2,2025-08-04,MOUN,30
PT200362,3,2025-09-03,MOUN,90
PT200362,4,2025-12-02,MOUN,30
PT200362,5,2026-01-08,MOUN,90
PT200362,6,2026-04-11,MOUN,90
PT200362,7,2026-07-10,MOUN,90
PT200363,1,2025-09-25,TRUL,30
PT200363,2,2025-10-25,TRUL,30
PT200363,3,2025-11-24,TRUL,90
PT200363,4,2026-02-22,TRUL,30
PT200363,5,2026-04-08,TRUL,30
PT200363,6,2026-05-08,TRUL,90
PT200363,7,2026-08-06,TRUL,90
PT200364,1,2025-09-26,OZEM,30
PT200364,2,2025-10-26,OZEM,30
PT200364,3,2025-11-25,OZEM,30
PT200364,4,2025-12-25,OZEM,30
PT200364,5,2026-01-24,MOUN,90
PT200364,6,2026-05-09,MOUN,90
PT200364,7,2026-08-07,MOUN,90
PT200365,1,2026-02-23,MOUN,30
PT200365,2,2026-03-25,MOUN,30
PT200365,3,2026-04-07,MOUN,90
PT200365,4,2026-07-06,MOUN,30
PT200365,5,2026-08-05,MOUN,90
PT200366,1,2024-10-28,MOUN,30
PT200366,2,2024-11-27,MOUN,30
PT200366,3,2024-12-27,MOUN,30
PT200367,1,2025-11-28,MOUN,30
PT200367,2,2025-12-31,MOUN,30
PT200368,1,2024-12-15,OZEM,30
PT200368,2,2025-01-14,OZEM,30
PT200368,3,2025-02-28,OZEM,90
PT200368,4,2025-05-29,OZEM,90
PT200368,5,2025-08-27,OZEM,90
PT200369,1,2025-11-15,OZEM,30
PT200369,2,2025-12-15,OZEM,30
PT200369,3,2026-01-14,OZEM,90
PT200369,4,2026-04-14,OZEM,30
PT200369,5,2026-05-17,MOUN,90
PT200369,6,2026-08-15,MOUN,30
PT200370,1,2025-12-26,RYBL,30
PT200370,2,2026-01-25,RYBL,30
PT200370,3,2026-02-24,RYBL,90
PT200370,4,2026-05-25,RYBL,90
PT200370,5,2026-08-23,RYBL,90
PT200371,1,2025-04-14,MOUN,30
PT200371,2,2025-05-14,MOUN,30
PT200371,3,2025-06-16,MOUN,30
PT200371,4,2025-07-16,MOUN,90
PT200371,5,2025-10-14,MOUN,30
PT200372,1,2025-10-20,OZEM,30
PT200372,2,2025-11-19,OZEM,30
PT200372,3,2025-12-19,OZEM,90
PT200372,4,2026-03-19,OZEM,90
PT200372,5,2026-06-17,OZEM,30
PT200372,6,2026-07-20,OZEM,90
PT200373,1,2026-01-04,OZEM,30
PT200373,2,2026-02-03,OZEM,30
PT200373,3,2026-03-05,OZEM,90
PT200373,4,2026-06-03,OZEM,90
PT200374,1,2025-07-24,MOUN,30
PT200374,2,2025-08-23,MOUN,30
PT200374,3,2025-09-29,MOUN,90
PT200374,4,2025-12-28,MOUN,90
PT200374,5,2026-03-28,MOUN,30
PT200374,6,2026-04-27,MOUN,90
PT200375,1,2025-12-19,MOUN,30
PT200375,2,2026-01-01,MOUN,30
PT200375,3,2026-01-31,MOUN,90
PT200376,1,2025-03-05,OZEM,30
PT200376,2,2025-04-07,OZEM,30
PT200376,3,2025-05-07,OZEM,30
PT200376,4,2025-06-06,OZEM,30
PT200376,5,2025-07-13,OZEM,30
PT200376,6,2025-08-12,RYBL,90
PT200376,7,2025-11-10,RYBL,30
PT200376,8,2025-12-10,RYBL,90
PT200376,9,2026-03-10,RYBL,30
PT200376,10,2026-04-09,RYBL,90
PT200376,11,2026-07-08,RYBL,30
PT200376,12,2026-08-07,RYBL,90
PT200377,1,2025-02-26,TRUL,30
PT200377,2,2025-04-04,TRUL,30
PT200377,3,2025-05-04,TRUL,90
PT200377,4,2025-08-02,TRUL,30
PT200377,5,2025-09-16,TRUL,90
PT200377,6,2025-12-15,TRUL,30
PT200377,7,2026-01-14,OZEM,30
PT200377,8,2026-02-13,OZEM,30
PT200377,9,2026-03-15,OZEM,90
PT200377,10,2026-06-13,OZEM,30
PT200378,1,2025-03-24,TRUL,30
PT200378,2,2025-04-23,TRUL,30
PT200379,1,2024-10-11,OZEM,30
PT200379,2,2024-11-17,OZEM,30
PT200379,3,2024-12-17,OZEM,30
PT200379,4,2025-01-31,OZEM,90
PT200379,5,2025-05-01,OZEM,90
PT200379,6,2025-07-30,OZEM,90
PT200379,7,2025-10-28,OZEM,90
PT200379,8,2026-01-26,OZEM,90
PT200379,9,2026-04-26,OZEM,90
PT200379,10,2026-07-25,OZEM,90
PT200380,1,2025-07-09,MOUN,30
PT200380,2,2025-08-08,MOUN,30
PT200381,1,2024-12-30,TRUL,30
PT200381,2,2025-01-29,TRUL,30
PT200381,3,2025-03-07,TRUL,30
PT200381,4,2025-04-09,TRUL,90
PT200381,5,2025-07-11,TRUL,30
PT200382,1,2024-09-21,MOUN,30
PT200382,2,2024-10-21,MOUN,30
PT200382,3,2024-11-20,MOUN,30
PT200382,4,2024-12-20,MOUN,90
PT200382,5,2025-03-20,MOUN,90
PT200382,6,2025-06-18,MOUN,90
PT200382,7,2025-09-16,MOUN,90
PT200382,8,2025-12-15,MOUN,90
PT200382,9,2026-03-15,MOUN,30
PT200382,10,2026-04-14,MOUN,30
PT200382,11,2026-05-14,MOUN,90
PT200382,12,2026-08-12,MOUN,30
PT200383,1,2025-05-08,TRUL,30
PT200383,2,2025-06-07,TRUL,30
PT200383,3,2025-07-07,TRUL,90
PT200383,4,2025-10-05,TRUL,90
PT200383,5,2026-01-03,TRUL,90
PT200383,6,2026-04-03,TRUL,90
PT200383,7,2026-07-02,TRUL,30
PT200384,1,2025-09-10,OZEM,30
PT200384,2,2025-10-10,OZEM,30
PT200384,3,2025-11-09,OZEM,30
PT200384,4,2025-12-16,OZEM,90
PT200384,5,2026-03-16,OZEM,90
PT200384,6,2026-06-14,OZEM,90
PT200385,1,2024-10-23,OZEM,30
PT200385,2,2024-11-22,OZEM,30
PT200385,3,2024-12-22,OZEM,90
PT200385,4,2025-03-22,OZEM,90
PT200385,5,2025-06-20,OZEM,90
PT200385,6,2025-09-18,MOUN,90
PT200385,7,2025-12-17,MOUN,30
PT200385,8,2026-01-16,MOUN,90
PT200385,9,2026-04-16,MOUN,90
PT200385,10,2026-07-18,MOUN,90
PT200386,1,2026-01-05,MOUN,30
PT200387,1,2026-01-27,MOUN,30
PT200387,2,2026-02-26,MOUN,30
PT200387,3,2026-03-28,MOUN,90
PT200387,4,2026-06-26,MOUN,90
PT200388,1,2024-12-28,OZEM,30
PT200388,2,2025-01-27,OZEM,30
PT200388,3,2025-02-26,OZEM,90
PT200388,4,2025-05-27,OZEM,90
PT200388,5,2025-08-25,OZEM,30
PT200388,6,2025-09-24,OZEM,90
PT200388,7,2025-12-26,OZEM,90
PT200388,8,2026-03-26,OZEM,30
PT200388,9,2026-04-25,OZEM,30
PT200388,10,2026-05-25,OZEM,90
PT200388,11,2026-08-23,OZEM,90
PT200389,1,2025-02-16,OZEM,30
PT200389,2,2025-03-18,OZEM,30
PT200389,3,2025-04-17,OZEM,90
PT200389,4,2025-07-16,OZEM,90
PT200389,5,2025-10-14,OZEM,30
PT200389,6,2025-11-13,OZEM,30
PT200389,7,2025-12-13,OZEM,90
PT200389,8,2026-03-13,RYBL,90
PT200389,9,2026-06-11,RYBL,30
PT200389,10,2026-07-11,RYBL,90
PT200390,1,2026-02-13,RYBL,30
PT200390,2,2026-03-15,RYBL,30
PT200391,1,2026-03-23,MOUN,30
PT200391,2,2026-04-25,MOUN,30
PT200391,3,2026-06-09,MOUN,30
PT200391,4,2026-07-16,MOUN,90
PT200392,1,2026-02-21,MOUN,30
PT200392,2,2026-03-23,RYBL,30
PT200392,3,2026-04-22,RYBL,90
PT200392,4,2026-07-21,RYBL,30
PT200392,5,2026-08-20,OZEM,90
PT200393,1,2025-08-20,OZEM,30
PT200393,2,2025-09-19,OZEM,30
PT200394,1,2026-03-21,TRUL,30
PT200394,2,2026-04-20,TRUL,30
PT200394,3,2026-05-20,TRUL,30
PT200394,4,2026-06-19,TRUL,30
PT200394,5,2026-07-19,TRUL,90
PT200396,1,2024-11-22,OZEM,30
PT200396,2,2024-12-22,TRUL,30
PT200396,3,2025-01-21,TRUL,30
PT200396,4,2025-02-23,TRUL,90
PT200396,5,2025-05-24,TRUL,90
PT200396,6,2025-08-29,TRUL,30
PT200396,7,2025-09-28,TRUL,90
PT200396,8,2025-12-27,TRUL,90
PT200396,9,2026-03-27,TRUL,30
PT200396,10,2026-04-26,TRUL,30
PT200396,11,2026-05-26,TRUL,30
PT200396,12,2026-06-25,TRUL,30
PT200396,13,2026-07-25,TRUL,30
PT200396,14,2026-08-24,TRUL,30
PT200397,1,2025-07-31,TRUL,30
PT200397,2,2025-08-30,TRUL,30
PT200397,3,2025-09-29,TRUL,30
PT200397,4,2025-10-29,TRUL,30
PT200397,5,2025-12-05,TRUL,90
PT200399,1,2025-04-17,OZEM,30
PT200399,2,2025-05-17,OZEM,30
PT200400,1,2024-09-19,MOUN,30
PT200400,2,2024-10-19,MOUN,30
PT200400,3,2024-12-03,MOUN,90
PT200400,4,2025-03-03,MOUN,90
PT200400,5,2025-06-01,MOUN,30
PT200400,6,2025-07-01,MOUN,90
PT200400,7,2025-10-14,MOUN,30
PT200400,8,2025-11-13,MOUN,90
PT200400,9,2026-02-14,MOUN,90
PT200400,10,2026-05-15,MOUN,90
PT200400,11,2026-08-13,MOUN,90
PT200401,1,2024-11-25,OZEM,30
PT200401,2,2024-12-25,OZEM,30
PT200401,3,2025-01-24,OZEM,90
PT200402,1,2025-01-11,TRUL,30
PT200403,1,2025-12-01,RYBL,30
PT200403,2,2025-12-31,RYBL,30
PT200405,1,2025-09-11,TRUL,30
PT200406,1,2026-02-03,OZEM,30
PT200406,2,2026-03-08,OZEM,30
PT200406,3,2026-04-22,OZEM,30
PT200406,4,2026-05-22,OZEM,90
PT200406,5,2026-08-20,OZEM,30
PT200407,1,2024-10-08,RYBL,30
PT200407,2,2024-11-07,RYBL,30
PT200407,3,2024-12-07,RYBL,30
PT200407,4,2025-01-06,RYBL,90
PT200407,5,2025-04-13,RYBL,90
PT200407,6,2025-07-12,RYBL,90
PT200407,7,2025-10-17,RYBL,90
PT200407,8,2026-01-22,RYBL,30
PT200407,9,2026-02-28,RYBL,90
PT200407,10,2026-05-29,RYBL,90
PT200407,11,2026-08-30,RYBL,90
PT200408,1,2024-10-28,MOUN,30
PT200408,2,2024-11-27,MOUN,30
PT200408,3,2024-12-27,MOUN,30
PT200409,1,2025-10-28,MOUN,30
PT200409,2,2025-12-04,MOUN,30
PT200409,3,2026-01-06,TRUL,90
PT200409,4,2026-04-21,TRUL,90
PT200409,5,2026-07-20,TRUL,90
PT200410,1,2025-04-26,OZEM,30
PT200410,2,2025-05-26,OZEM,30
PT200410,3,2025-06-10,OZEM,90
PT200410,4,2025-09-08,OZEM,30
PT200410,5,2025-10-08,OZEM,90
PT200410,6,2026-01-06,OZEM,90
PT200410,7,2026-04-06,OZEM,30
PT200410,8,2026-05-06,OZEM,30
PT200411,1,2025-08-10,TRUL,30
PT200411,2,2025-09-09,TRUL,30
PT200411,3,2025-10-12,TRUL,90
PT200411,4,2026-01-13,TRUL,90
PT200413,1,2026-03-12,TRUL,30
PT200413,2,2026-04-11,TRUL,30
PT200413,3,2026-05-11,TRUL,90
PT200414,1,2024-12-16,MOUN,30
PT200414,2,2025-01-15,MOUN,30
PT200414,3,2025-03-01,MOUN,90
PT200414,4,2025-05-30,MOUN,90
PT200414,5,2025-08-28,MOUN,90
PT200415,1,2025-10-18,MOUN,30
PT200415,2,2025-11-17,MOUN,30
PT200415,3,2025-12-17,MOUN,90
PT200415,4,2026-03-17,MOUN,30
PT200415,5,2026-04-16,MOUN,30
PT200416,1,2025-06-16,MOUN,30
PT200416,2,2025-07-19,MOUN,30
PT200416,3,2025-08-18,MOUN,90
PT200416,4,2025-12-01,MOUN,30
PT200416,5,2025-12-31,MOUN,90
PT200416,6,2026-03-31,TRUL,30
PT200416,7,2026-05-03,TRUL,90
PT200416,8,2026-08-01,TRUL,90
PT200417,1,2024-11-10,MOUN,30
PT200417,2,2024-12-10,MOUN,30
PT200417,3,2025-01-12,MOUN,30
PT200417,4,2025-02-11,MOUN,90
PT200417,5,2025-05-12,MOUN,30
PT200417,6,2025-06-11,MOUN,90
PT200417,7,2025-09-24,MOUN,30
PT200417,8,2025-10-24,MOUN,30
PT200417,9,2025-12-08,MOUN,90
PT200417,10,2026-03-08,MOUN,30
PT200417,11,2026-04-07,MOUN,30
PT200417,12,2026-05-10,MOUN,90
PT200418,1,2025-03-25,TRUL,30
PT200418,2,2025-04-24,OZEM,30
PT200418,3,2025-05-24,OZEM,90
PT200418,4,2025-08-22,OZEM,90
PT200419,1,2025-07-02,OZEM,30
PT200419,2,2025-08-01,OZEM,30
PT200420,1,2025-05-14,MOUN,30
PT200420,2,2025-06-13,MOUN,30
PT200420,3,2025-07-13,MOUN,90
PT200420,4,2025-10-11,MOUN,90
PT200420,5,2026-01-09,MOUN,30
PT200420,6,2026-02-08,MOUN,30
PT200420,7,2026-03-10,OZEM,30
PT200420,8,2026-04-09,OZEM,90
PT200420,9,2026-07-08,OZEM,90
PT200421,1,2025-06-04,RYBL,30
PT200422,1,2025-05-28,OZEM,30
PT200422,2,2025-06-27,OZEM,30
PT200423,1,2025-05-02,OZEM,30
PT200423,2,2025-06-01,OZEM,30
PT200423,3,2025-06-18,OZEM,30
PT200423,4,2025-07-18,OZEM,90
PT200423,5,2025-10-16,OZEM,90
PT200423,6,2026-01-21,OZEM,90
PT200423,7,2026-04-21,OZEM,90
PT200423,8,2026-07-20,OZEM,30
PT200423,9,2026-08-19,OZEM,90
PT200424,1,2025-08-25,MOUN,30
PT200424,2,2025-10-09,MOUN,30
PT200424,3,2025-11-08,MOUN,30
PT200424,4,2025-12-08,MOUN,30
PT200424,5,2026-01-14,MOUN,90
PT200424,6,2026-04-17,MOUN,30
PT200424,7,2026-05-17,MOUN,90
PT200424,8,2026-08-15,MOUN,30
PT200425,1,2025-11-21,RYBL,30
PT200425,2,2025-12-24,RYBL,30
PT200425,3,2026-01-23,RYBL,90
PT200425,4,2026-04-23,RYBL,30
PT200425,5,2026-05-23,RYBL,30
PT200426,1,2025-02-13,TRUL,30
PT200426,2,2025-03-15,MOUN,30
PT200426,3,2025-04-14,MOUN,90
PT200426,4,2025-07-13,MOUN,90
PT200426,5,2025-10-11,MOUN,30
PT200427,1,2025-08-08,OZEM,30
PT200427,2,2025-09-07,OZEM,30
PT200427,3,2025-09-23,OZEM,30
PT200427,4,2025-10-23,OZEM,90
PT200427,5,2026-01-21,OZEM,90
PT200427,6,2026-04-21,OZEM,90
PT200427,7,2026-07-20,OZEM,30
PT200427,8,2026-08-19,OZEM,30
PT200428,1,2025-06-15,RYBL,30
PT200428,2,2025-07-15,RYBL,30
PT200428,3,2025-08-14,RYBL,90
PT200428,4,2025-11-27,RYBL,30
PT200428,5,2025-12-27,RYBL,90
PT200428,6,2026-03-27,RYBL,30
PT200428,7,2026-05-11,RYBL,90
PT200429,1,2025-12-11,OZEM,30
PT200429,2,2026-01-10,OZEM,30
PT200430,1,2025-09-30,MOUN,30
PT200430,2,2025-10-30,MOUN,30
PT200430,3,2025-11-29,MOUN,30
PT200430,4,2025-12-29,MOUN,30
PT200430,5,2026-01-31,MOUN,30
PT200430,6,2026-03-02,MOUN,90
PT200430,7,2026-05-31,MOUN,90
PT200430,8,2026-08-29,MOUN,90
PT200431,1,2024-10-21,MOUN,30
PT200431,2,2024-11-20,MOUN,30
PT200431,3,2024-12-20,MOUN,90
PT200431,4,2025-03-20,MOUN,90
PT200431,5,2025-06-21,MOUN,30
PT200431,6,2025-07-21,MOUN,30
PT200431,7,2025-08-20,MOUN,90
PT200431,8,2025-11-18,MOUN,30
PT200431,9,2025-12-18,MOUN,90
PT200431,10,2026-03-18,MOUN,90
PT200432,1,2025-04-03,RYBL,30
PT200432,2,2025-05-03,RYBL,30
PT200432,3,2025-06-02,RYBL,90
PT200432,4,2025-08-31,RYBL,90
PT200432,5,2025-11-29,RYBL,90
PT200432,6,2026-03-06,RYBL,90
PT200432,7,2026-06-04,RYBL,90
PT200433,1,2024-09-19,MOUN,30
PT200436,1,2025-04-15,OZEM,30
PT200436,2,2025-05-15,OZEM,30
PT200436,3,2025-06-14,OZEM,90
PT200436,4,2025-09-12,OZEM,90
PT200436,5,2025-12-11,OZEM,30
PT200436,6,2026-01-10,OZEM,90
PT200436,7,2026-04-10,OZEM,30
PT200437,1,2025-04-25,OZEM,30
PT200437,2,2025-05-25,OZEM,30
PT200437,3,2025-07-09,OZEM,90
PT200437,4,2025-10-07,OZEM,30
PT200438,1,2026-03-25,MOUN,30
PT200438,2,2026-04-24,MOUN,30
PT200438,3,2026-05-24,MOUN,90
PT200438,4,2026-08-22,MOUN,90
PT200439,1,2025-07-14,OZEM,30
PT200439,2,2025-08-13,OZEM,30
PT200439,3,2025-09-12,OZEM,90
PT200439,4,2025-12-11,OZEM,90
PT200439,5,2026-03-11,OZEM,30
PT200439,6,2026-04-10,OZEM,30
PT200439,7,2026-05-10,OZEM,90
PT200440,1,2025-06-05,OZEM,30
PT200440,2,2025-07-05,OZEM,30
PT200440,3,2025-08-04,RYBL,90
PT200440,4,2025-11-17,RYBL,90
PT200440,5,2026-02-15,RYBL,90
PT200440,6,2026-05-16,RYBL,30
PT200441,1,2024-12-31,TRUL,30
PT200441,2,2025-01-30,TRUL,30
PT200441,3,2025-03-01,TRUL,30
PT200441,4,2025-03-31,TRUL,30
PT200441,5,2025-04-30,TRUL,90
PT200442,1,2025-07-18,OZEM,30
PT200444,1,2025-11-24,OZEM,30
PT200445,1,2025-12-17,OZEM,30
PT200446,1,2024-11-20,RYBL,30
PT200446,2,2024-12-23,RYBL,30
PT200446,3,2025-01-22,RYBL,90
PT200446,4,2025-04-22,RYBL,90
PT200446,5,2025-07-21,RYBL,90
PT200447,1,2025-08-30,OZEM,30
PT200448,1,2024-09-27,OZEM,30
PT200448,2,2024-10-27,OZEM,30
PT200448,3,2024-11-26,OZEM,90
PT200448,4,2025-02-27,OZEM,90
PT200448,5,2025-05-28,OZEM,90
PT200448,6,2025-08-26,OZEM,90
PT200448,7,2025-11-24,OZEM,30
PT200448,8,2025-12-27,OZEM,90
PT200448,9,2026-03-27,OZEM,90
PT200448,10,2026-06-25,OZEM,30
PT200448,11,2026-07-25,OZEM,90
PT200449,1,2025-02-12,OZEM,30
PT200449,2,2025-03-05,OZEM,30
PT200449,3,2025-04-04,OZEM,30
PT200449,4,2025-05-04,OZEM,90
PT200449,5,2025-08-02,OZEM,90
PT200449,6,2025-10-31,OZEM,30
PT200449,7,2025-12-07,OZEM,90
PT200449,8,2026-03-07,OZEM,30
PT200449,9,2026-04-06,OZEM,90
PT200449,10,2026-07-05,OZEM,30
PT200450,1,2025-06-22,MOUN,30
PT200450,2,2025-07-22,MOUN,30
PT200450,3,2025-09-05,MOUN,90
PT200450,4,2025-12-04,MOUN,30
PT200450,5,2026-01-03,MOUN,90
PT200450,6,2026-04-03,MOUN,90
PT200450,7,2026-07-02,MOUN,90
PT200451,1,2025-02-12,MOUN,30
PT200451,2,2025-03-14,MOUN,30
PT200451,3,2025-04-13,MOUN,90
PT200451,4,2025-07-12,MOUN,90
PT200451,5,2025-10-10,MOUN,30
PT200451,6,2025-11-09,MOUN,90
PT200451,7,2026-02-14,MOUN,90
PT200451,8,2026-05-15,MOUN,90
PT200451,9,2026-08-13,MOUN,90
PT200452,1,2024-10-25,OZEM,30
PT200452,2,2024-11-24,OZEM,30
PT200452,3,2024-12-24,MOUN,30
PT200452,4,2025-02-07,MOUN,30
PT200452,5,2025-03-09,MOUN,30
PT200452,6,2025-04-15,MOUN,30
PT200452,7,2025-05-15,MOUN,90
PT200452,8,2025-08-20,MOUN,30
PT200452,9,2025-09-19,MOUN,30
PT200453,1,2025-04-12,MOUN,30
PT200453,2,2025-05-12,MOUN,30
PT200454,1,2026-02-17,MOUN,30
PT200454,2,2026-03-19,MOUN,30
PT200454,3,2026-04-18,MOUN,30
PT200454,4,2026-05-18,MOUN,90
PT200454,5,2026-08-16,MOUN,90
PT200455,1,2025-03-26,OZEM,30
PT200455,2,2025-04-25,OZEM,30
PT200455,3,2025-05-25,OZEM,90
PT200455,4,2025-08-23,OZEM,30
PT200455,5,2025-09-22,OZEM,30
PT200455,6,2025-10-29,OZEM,90
PT200456,1,2025-06-29,OZEM,30
PT200456,2,2025-07-29,OZEM,30
PT200456,3,2025-08-28,OZEM,90
PT200456,4,2025-11-26,OZEM,90
PT200456,5,2026-02-24,OZEM,90
PT200456,6,2026-05-25,OZEM,30
PT200456,7,2026-06-24,OZEM,30
PT200456,8,2026-07-24,OZEM,90
PT200457,1,2026-03-19,OZEM,30
PT200457,2,2026-04-18,OZEM,30
PT200457,3,2026-05-25,OZEM,90
PT200457,4,2026-08-23,OZEM,90
PT200458,1,2025-11-22,TRUL,30
PT200458,2,2025-12-22,TRUL,30
PT200458,3,2026-01-21,TRUL,90
PT200458,4,2026-04-21,TRUL,90
PT200458,5,2026-07-20,TRUL,90
PT200459,1,2026-01-14,TRUL,30
PT200459,2,2026-02-13,TRUL,30
PT200459,3,2026-03-18,TRUL,30
PT200459,4,2026-04-17,TRUL,90
PT200459,5,2026-07-16,TRUL,90
PT200460,1,2025-08-06,OZEM,30
PT200460,2,2025-09-08,OZEM,30
PT200461,1,2026-02-04,MOUN,30
PT200461,2,2026-03-06,MOUN,30
PT200461,3,2026-04-05,MOUN,90
PT200461,4,2026-07-04,MOUN,90
PT200462,1,2025-06-27,OZEM,30
PT200462,2,2025-07-27,TRUL,30
PT200462,3,2025-08-26,TRUL,90
PT200462,4,2025-11-24,TRUL,90
PT200462,5,2026-02-22,TRUL,90
PT200462,6,2026-05-23,TRUL,30
PT200462,7,2026-06-25,TRUL,90
PT200463,1,2025-01-20,TRUL,30
PT200463,2,2025-02-19,TRUL,30
PT200463,3,2025-03-21,TRUL,30
PT200464,1,2025-11-05,OZEM,30
PT200464,2,2025-12-05,OZEM,30
PT200464,3,2026-01-04,OZEM,90
PT200464,4,2026-04-11,OZEM,30
PT200464,5,2026-05-11,OZEM,90
PT200464,6,2026-08-09,OZEM,90
PT200465,1,2025-06-09,OZEM,30
PT200465,2,2025-07-09,OZEM,30
PT200466,1,2025-03-16,OZEM,30
PT200466,2,2025-04-15,OZEM,30
PT200466,3,2025-05-15,OZEM,30
PT200466,4,2025-06-14,OZEM,90
PT200466,5,2025-09-12,OZEM,90
PT200466,6,2025-12-11,OZEM,90
PT200466,7,2026-03-11,OZEM,30
PT200466,8,2026-04-10,OZEM,90
PT200466,9,2026-07-09,OZEM,90
PT200467,1,2026-03-27,OZEM,30
PT200467,2,2026-04-26,OZEM,30
PT200468,1,2024-12-09,TRUL,30
PT200468,2,2025-01-08,TRUL,30
PT200468,3,2025-02-07,TRUL,30
PT200468,4,2025-03-09,TRUL,90
PT200468,5,2025-06-07,TRUL,90
PT200468,6,2025-09-05,TRUL,30
PT200468,7,2025-10-05,TRUL,90
PT200468,8,2026-01-06,TRUL,30
PT200468,9,2026-02-05,TRUL,30
PT200468,10,2026-03-14,TRUL,90
PT200468,11,2026-06-12,MOUN,30
PT200468,12,2026-07-12,MOUN,90
PT200469,1,2025-12-15,MOUN,30
PT200469,2,2026-01-14,MOUN,30
PT200469,3,2026-02-13,MOUN,90
PT200469,4,2026-05-29,MOUN,90
PT200469,5,2026-08-27,MOUN,90
PT200470,1,2025-12-05,MOUN,30
PT200470,2,2026-01-04,MOUN,30
PT200470,3,2026-02-03,MOUN,90
PT200470,4,2026-05-04,MOUN,30
PT200470,5,2026-06-03,MOUN,90
PT200472,1,2025-10-20,OZEM,30
PT200472,2,2025-11-19,OZEM,30
PT200472,3,2025-12-26,OZEM,90
PT200472,4,2026-03-26,OZEM,30
PT200472,5,2026-05-02,OZEM,30
PT200472,6,2026-06-01,OZEM,90
PT200472,7,2026-08-30,OZEM,90
PT200474,1,2025-01-22,TRUL,30
PT200474,2,2025-02-21,MOUN,30
PT200474,3,2025-04-07,MOUN,90
PT200474,4,2025-07-09,MOUN,90
PT200474,5,2025-10-07,MOUN,90
PT200474,6,2026-01-05,MOUN,90
PT200474,7,2026-04-05,MOUN,90
PT200474,8,2026-07-04,MOUN,90
PT200475,1,2025-05-02,MOUN,30
PT200475,2,2025-06-01,MOUN,30
PT200475,3,2025-07-04,MOUN,90
PT200475,4,2025-10-02,MOUN,90
PT200475,5,2025-12-31,MOUN,90
PT200475,6,2026-03-31,MOUN,90
PT200475,7,2026-06-29,MOUN,90
PT200476,1,2025-04-07,TRUL,30
PT200476,2,2025-05-07,MOUN,30
PT200476,3,2025-06-06,MOUN,30
PT200476,4,2025-07-06,MOUN,30
PT200476,5,2025-08-05,MOUN,90
PT200476,6,2025-11-03,MOUN,30
PT200476,7,2025-12-03,MOUN,90
PT200476,8,2026-03-03,MOUN,90
PT200476,9,2026-06-04,MOUN,90
PT200477,1,2024-09-16,TRUL,30
PT200477,2,2024-10-19,TRUL,30
PT200477,3,2024-11-18,TRUL,30
PT200477,4,2024-12-18,TRUL,90
PT200477,5,2025-03-18,TRUL,30
PT200477,6,2025-04-17,TRUL,90
PT200477,7,2025-07-31,TRUL,30
PT200477,8,2025-09-02,TRUL,30
PT200477,9,2025-10-02,TRUL,90
PT200477,10,2025-12-31,TRUL,90
PT200477,11,2026-03-31,TRUL,90
PT200477,12,2026-06-29,TRUL,30
PT200477,13,2026-07-29,TRUL,90
PT200479,1,2025-02-17,MOUN,30
PT200479,2,2025-03-19,MOUN,30
PT200479,3,2025-04-18,MOUN,30
PT200479,4,2025-05-18,MOUN,90
PT200480,1,2025-02-01,RYBL,30
PT200480,2,2025-03-03,RYBL,30
PT200480,3,2025-04-02,RYBL,90
PT200480,4,2025-07-01,RYBL,90
PT200480,5,2025-10-14,RYBL,90
PT200480,6,2026-01-12,RYBL,90
PT200480,7,2026-04-12,RYBL,30
PT200480,8,2026-05-12,RYBL,30
PT200480,9,2026-06-11,RYBL,90
PT200481,1,2025-11-17,MOUN,30
PT200481,2,2025-12-17,MOUN,30
PT200481,3,2026-01-16,RYBL,30
PT200481,4,2026-02-15,OZEM,90
PT200481,5,2026-05-16,OZEM,90
PT200481,6,2026-08-14,OZEM,90
PT200482,1,2025-11-08,MOUN,30
PT200483,1,2025-08-11,OZEM,30
PT200483,2,2025-09-10,OZEM,30
PT200483,3,2025-10-10,OZEM,90
PT200484,1,2025-06-22,RYBL,30
PT200484,2,2025-08-06,RYBL,30
PT200485,1,2025-05-16,MOUN,30
PT200485,2,2025-06-15,MOUN,30
PT200485,3,2025-07-15,MOUN,90
PT200486,1,2025-06-28,TRUL,30
PT200486,2,2025-07-28,TRUL,30
PT200486,3,2025-08-27,TRUL,30
PT200486,4,2025-09-26,TRUL,30
PT200486,5,2025-10-26,TRUL,30
PT200486,6,2025-12-02,TRUL,30
PT200486,7,2026-01-01,TRUL,30
PT200486,8,2026-01-31,TRUL,90
PT200486,9,2026-05-01,TRUL,90
PT200486,10,2026-07-30,TRUL,90
PT200487,1,2024-12-26,MOUN,30
PT200487,2,2025-01-25,MOUN,30
PT200487,3,2025-03-03,MOUN,90
PT200487,4,2025-06-01,MOUN,30
PT200489,1,2025-08-08,MOUN,30
PT200490,1,2025-04-23,MOUN,30
PT200490,2,2025-05-23,MOUN,30
PT200490,3,2025-06-22,MOUN,90
PT200490,4,2025-09-27,MOUN,90
PT200490,5,2025-12-29,MOUN,30
PT200490,6,2026-01-28,TRUL,90
PT200490,7,2026-04-28,TRUL,90
PT200491,1,2024-10-14,MOUN,30
PT200491,2,2024-11-13,MOUN,30
PT200491,3,2024-12-13,OZEM,90
PT200491,4,2025-03-13,OZEM,90
PT200491,5,2025-06-11,OZEM,90
PT200491,6,2025-09-12,OZEM,90
PT200491,7,2025-12-11,OZEM,90
PT200491,8,2026-03-14,OZEM,90
PT200491,9,2026-06-27,OZEM,30
PT200491,10,2026-07-27,OZEM,30
PT200492,1,2025-02-10,TRUL,30
PT200492,2,2025-03-12,TRUL,30
PT200492,3,2025-04-11,TRUL,30
PT200492,4,2025-05-11,TRUL,30
PT200492,5,2025-06-10,TRUL,30
PT200492,6,2025-07-10,TRUL,90
PT200492,7,2025-10-08,MOUN,90
PT200492,8,2026-01-06,MOUN,90
PT200493,1,2025-01-08,MOUN,30
PT200493,2,2025-02-07,MOUN,30
PT200493,3,2025-03-09,MOUN,30
PT200493,4,2025-04-15,MOUN,90
PT200493,5,2025-07-14,MOUN,30
PT200493,6,2025-08-13,MOUN,30
PT200493,7,2025-09-12,MOUN,90
PT200493,8,2025-12-11,MOUN,90
PT200493,9,2026-03-11,MOUN,90
PT200493,10,2026-06-16,MOUN,90
PT200494,1,2026-02-01,MOUN,30
PT200494,2,2026-03-10,MOUN,30
PT200494,3,2026-04-09,MOUN,30
PT200494,4,2026-05-09,MOUN,30
PT200494,5,2026-06-08,MOUN,90
PT200495,1,2025-05-20,MOUN,30
PT200495,2,2025-06-19,MOUN,30
PT200496,1,2025-12-16,OZEM,30
PT200496,2,2026-01-15,OZEM,30
PT200496,3,2026-02-14,OZEM,30
PT200496,4,2026-03-16,OZEM,90
PT200496,5,2026-06-14,OZEM,90
PT200497,1,2025-01-17,MOUN,30
PT200497,2,2025-02-16,MOUN,30
PT200497,3,2025-03-21,MOUN,30
PT200497,4,2025-04-20,MOUN,90
PT200499,1,2025-02-18,RYBL,30
PT200499,2,2025-03-20,RYBL,30
PT200499,3,2025-04-19,RYBL,30
PT200499,4,2025-05-19,RYBL,90
PT200499,5,2025-08-20,RYBL,30
PT200499,6,2025-09-19,RYBL,90
PT200499,7,2025-12-18,RYBL,90
PT200499,8,2026-03-18,RYBL,90
PT200499,9,2026-06-16,RYBL,30
PT200499,10,2026-07-16,RYBL,90
PT200501,1,2025-02-07,OZEM,30
PT200501,2,2025-03-09,OZEM,30
PT200501,3,2025-04-08,OZEM,90
PT200501,4,2025-07-07,OZEM,90
PT200501,5,2025-10-05,OZEM,90
PT200501,6,2026-01-03,OZEM,30
PT200501,7,2026-02-02,OZEM,90
PT200501,8,2026-05-03,OZEM,30
PT200501,9,2026-06-02,OZEM,90
PT200502,1,2024-09-22,OZEM,30
PT200502,2,2024-10-25,OZEM,30
PT200502,3,2024-11-27,OZEM,30
PT200502,4,2024-12-27,MOUN,90
PT200502,5,2025-03-27,MOUN,90
PT200502,6,2025-06-25,MOUN,90
PT200502,7,2025-09-23,MOUN,90
PT200502,8,2025-12-22,MOUN,90
PT200502,9,2026-03-22,MOUN,30
PT200502,10,2026-04-21,MOUN,30
PT200502,11,2026-05-21,MOUN,90
PT200502,12,2026-08-26,MOUN,30
PT200504,1,2025-04-30,MOUN,30
PT200505,1,2025-10-17,TRUL,30
PT200505,2,2025-11-19,TRUL,30
PT200505,3,2025-12-19,TRUL,90
PT200505,4,2026-03-19,TRUL,30
PT200505,5,2026-04-25,TRUL,30
PT200505,6,2026-05-28,TRUL,90
PT200505,7,2026-08-26,TRUL,90
PT200506,1,2024-12-27,TRUL,30
PT200506,2,2025-01-29,TRUL,30
PT200506,3,2025-02-28,TRUL,90
PT200506,4,2025-05-29,TRUL,90
PT200506,5,2025-08-27,TRUL,30
PT200507,1,2024-12-14,MOUN,30
PT200508,1,2025-06-26,MOUN,30
PT200508,2,2025-07-26,MOUN,30
PT200508,3,2025-08-25,MOUN,90
PT200508,4,2025-11-23,MOUN,90
PT200508,5,2026-02-28,MOUN,30
PT200508,6,2026-03-30,MOUN,30
PT200508,7,2026-04-29,MOUN,30
PT200508,8,2026-05-29,MOUN,90
PT200508,9,2026-08-27,MOUN,30
PT200509,1,2025-10-02,OZEM,30
PT200509,2,2025-11-01,OZEM,30
PT200509,3,2025-11-18,OZEM,90
PT200509,4,2026-02-16,OZEM,90
PT200509,5,2026-05-17,OZEM,90
PT200510,1,2026-02-19,OZEM,30
PT200510,2,2026-03-21,OZEM,30
PT200510,3,2026-04-20,OZEM,90
PT200510,4,2026-07-26,OZEM,90
PT200512,1,2024-10-07,TRUL,30
PT200512,2,2024-11-13,TRUL,30
PT200512,3,2024-12-13,TRUL,90
PT200512,4,2025-03-13,TRUL,30
PT200512,5,2025-04-12,TRUL,90
PT200512,6,2025-07-11,TRUL,30
PT200512,7,2025-08-10,OZEM,90
PT200512,8,2025-11-15,OZEM,30
PT200512,9,2025-12-15,OZEM,90
PT200512,10,2026-03-30,OZEM,90
PT200513,1,2025-09-07,MOUN,30
PT200513,2,2025-10-07,MOUN,30
PT200513,3,2025-11-06,MOUN,30
PT200513,4,2025-12-13,MOUN,30
PT200513,5,2026-01-12,MOUN,30
PT200513,6,2026-02-11,MOUN,90
PT200514,1,2025-08-25,MOUN,30
PT200514,2,2025-09-27,MOUN,30
PT200514,3,2025-10-27,MOUN,90
PT200515,1,2025-05-10,MOUN,30
PT200515,2,2025-06-09,MOUN,30
PT200515,3,2025-07-09,MOUN,90
PT200515,4,2025-10-07,MOUN,90
PT200515,5,2026-01-05,MOUN,30
PT200515,6,2026-02-04,MOUN,30
PT200515,7,2026-03-06,MOUN,90
PT200515,8,2026-06-07,MOUN,90
PT200516,1,2025-05-11,OZEM,30
PT200516,2,2025-06-10,OZEM,30
PT200516,3,2025-06-27,OZEM,30
PT200516,4,2025-07-30,OZEM,90
PT200516,5,2025-10-28,OZEM,30
PT200516,6,2025-11-27,OZEM,90
PT200516,7,2026-02-28,OZEM,90
PT200516,8,2026-05-29,OZEM,90
PT200516,9,2026-08-27,OZEM,90
PT200517,1,2025-03-09,TRUL,30
PT200517,2,2025-04-08,TRUL,30
PT200517,3,2025-05-08,TRUL,90
PT200517,4,2025-08-06,TRUL,90
PT200517,5,2025-11-11,TRUL,90
PT200517,6,2026-02-09,TRUL,90
PT200517,7,2026-05-10,TRUL,30
PT200517,8,2026-06-09,TRUL,90
PT200518,1,2025-11-30,MOUN,30
PT200518,2,2025-12-30,MOUN,30
PT200518,3,2026-01-29,MOUN,90
PT200518,4,2026-05-02,MOUN,90
PT200518,5,2026-07-31,MOUN,90
PT200519,1,2025-12-07,TRUL,30
PT200520,1,2026-01-03,TRUL,30
PT200520,2,2026-02-02,TRUL,30
PT200520,3,2026-03-04,MOUN,30
PT200520,4,2026-04-03,MOUN,90
PT200520,5,2026-07-02,MOUN,90
PT200521,1,2025-02-01,MOUN,30
PT200521,2,2025-03-03,MOUN,30
PT200521,3,2025-04-02,MOUN,90
PT200521,4,2025-07-16,MOUN,30
PT200522,1,2025-05-26,OZEM,30
PT200522,2,2025-06-25,OZEM,30
PT200522,3,2025-07-25,OZEM,90
PT200522,4,2025-11-07,OZEM,90
PT200522,5,2026-02-05,OZEM,90
PT200522,6,2026-05-06,OZEM,30
PT200522,7,2026-06-05,OZEM,30
PT200522,8,2026-07-12,OZEM,30
PT200522,9,2026-08-11,OZEM,30
PT200523,1,2025-05-10,OZEM,30
PT200523,2,2025-06-09,OZEM,30
PT200523,3,2025-07-24,OZEM,90
PT200523,4,2025-10-22,OZEM,90
PT200523,5,2026-01-20,OZEM,90
PT200523,6,2026-04-20,OZEM,30
PT200523,7,2026-05-20,OZEM,30
PT200523,8,2026-06-19,OZEM,30
PT200524,1,2026-01-26,MOUN,30
PT200524,2,2026-02-25,MOUN,30
PT200524,3,2026-03-30,MOUN,30
PT200524,4,2026-05-02,MOUN,90
PT200524,5,2026-08-07,MOUN,30
PT200525,1,2024-10-30,MOUN,30
PT200525,2,2024-11-29,MOUN,30
PT200525,3,2024-12-29,MOUN,90
PT200525,4,2025-03-29,RYBL,30
PT200525,5,2025-04-28,RYBL,90
PT200525,6,2025-07-27,RYBL,90
PT200525,7,2025-10-25,RYBL,90
PT200525,8,2026-01-23,RYBL,90
PT200526,1,2025-12-02,TRUL,30
PT200526,2,2026-01-01,TRUL,30
PT200526,3,2026-01-31,TRUL,90
PT200526,4,2026-05-01,TRUL,30
PT200526,5,2026-05-31,TRUL,30
PT200527,1,2024-10-06,MOUN,30
PT200527,2,2024-11-05,MOUN,30
PT200527,3,2024-12-08,TRUL,30
PT200527,4,2025-01-22,TRUL,90
PT200527,5,2025-04-22,TRUL,30
PT200527,6,2025-05-25,TRUL,30
PT200527,7,2025-06-24,MOUN,90
PT200528,1,2026-02-27,TRUL,30
PT200528,2,2026-04-01,TRUL,30
PT200528,3,2026-05-01,MOUN,90
PT200528,4,2026-07-30,MOUN,90
PT200529,1,2025-05-05,MOUN,30
PT200529,2,2025-06-04,MOUN,30
PT200529,3,2025-07-04,MOUN,90
PT200529,4,2025-10-05,MOUN,90
PT200529,5,2026-01-03,MOUN,30
PT200529,6,2026-02-02,MOUN,30
PT200530,1,2024-10-22,TRUL,30
PT200530,2,2024-11-21,TRUL,30
PT200530,3,2024-12-21,TRUL,90
PT200530,4,2025-03-21,OZEM,30
PT200530,5,2025-04-20,OZEM,30
PT200530,6,2025-05-06,OZEM,90
PT200530,7,2025-08-04,OZEM,90
PT200530,8,2025-11-05,OZEM,30
PT200530,9,2025-12-08,OZEM,90
PT200530,10,2026-03-08,OZEM,30
PT200530,11,2026-04-07,OZEM,90
PT200530,12,2026-07-06,OZEM,30
PT200530,13,2026-08-05,OZEM,30
PT200531,1,2025-02-19,OZEM,30
PT200532,1,2025-10-16,OZEM,30
PT200532,2,2025-11-15,OZEM,30
PT200532,3,2025-12-15,OZEM,90
PT200532,4,2026-03-22,OZEM,90
PT200532,5,2026-06-20,OZEM,90
PT200533,1,2025-07-20,RYBL,30
PT200533,2,2025-08-19,RYBL,30
PT200533,3,2025-09-18,RYBL,90
PT200533,4,2025-12-17,RYBL,90
PT200533,5,2026-03-20,RYBL,30
PT200533,6,2026-04-19,RYBL,30
PT200533,7,2026-05-19,RYBL,90
PT200533,8,2026-08-24,OZEM,90
PT200534,1,2026-01-23,MOUN,30
PT200534,2,2026-02-25,MOUN,30
PT200534,3,2026-03-27,MOUN,90
PT200534,4,2026-07-02,MOUN,30
PT200534,5,2026-08-01,MOUN,90
PT200536,1,2025-08-23,MOUN,30
PT200536,2,2025-09-22,MOUN,30
PT200536,3,2025-10-22,MOUN,90
PT200536,4,2026-01-20,MOUN,90
PT200536,5,2026-04-20,MOUN,30
PT200536,6,2026-05-20,MOUN,30
PT200536,7,2026-06-19,MOUN,30
PT200536,8,2026-07-19,MOUN,30
PT200536,9,2026-08-18,MOUN,90
PT200537,1,2025-03-31,MOUN,30
PT200537,2,2025-04-30,MOUN,30
PT200537,3,2025-05-30,MOUN,90
PT200537,4,2025-08-28,MOUN,30
PT200537,5,2025-09-27,MOUN,30
PT200537,6,2025-10-30,MOUN,30
PT200537,7,2025-11-29,MOUN,30
PT200537,8,2025-12-29,MOUN,30
PT200537,9,2026-01-28,MOUN,90
PT200537,10,2026-04-28,MOUN,90
PT200537,11,2026-07-27,MOUN,90
PT200538,1,2025-01-12,OZEM,30
PT200538,2,2025-02-26,OZEM,30
PT200538,3,2025-03-31,OZEM,30
PT200538,4,2025-04-30,OZEM,90
PT200538,5,2025-08-13,OZEM,90
PT200538,6,2025-11-11,OZEM,90
PT200538,7,2026-02-09,OZEM,30
PT200538,8,2026-03-14,OZEM,90
PT200538,9,2026-06-12,OZEM,30
PT200538,10,2026-07-19,OZEM,90
PT200539,1,2025-03-28,OZEM,30
PT200539,2,2025-04-27,OZEM,30
PT200539,3,2025-05-27,OZEM,30
PT200539,4,2025-06-26,OZEM,30
PT200539,5,2025-07-26,OZEM,90
PT200539,6,2025-10-24,TRUL,30
PT200539,7,2025-11-23,TRUL,30
PT200539,8,2025-12-23,TRUL,30
PT200539,9,2026-01-22,TRUL,90
PT200539,10,2026-04-29,TRUL,90
PT200539,11,2026-07-28,TRUL,90
PT200541,1,2025-08-04,MOUN,30
PT200541,2,2025-08-18,MOUN,30
PT200541,3,2025-09-17,MOUN,30
PT200541,4,2025-10-17,MOUN,90
PT200541,5,2026-01-15,MOUN,90
PT200542,1,2024-11-04,OZEM,30
PT200542,2,2024-12-04,OZEM,30
PT200542,3,2024-12-21,OZEM,30
PT200542,4,2025-01-23,OZEM,30
PT200542,5,2025-02-22,OZEM,30
PT200542,6,2025-03-24,OZEM,90
PT200542,7,2025-07-07,OZEM,90
PT200542,8,2025-10-05,OZEM,30
PT200542,9,2025-11-04,OZEM,30
PT200542,10,2025-12-04,OZEM,90
PT200542,11,2026-03-07,OZEM,90
PT200542,12,2026-06-05,OZEM,30
PT200543,1,2025-11-08,RYBL,30
PT200543,2,2025-12-08,RYBL,30
PT200543,3,2026-01-07,RYBL,90
PT200544,1,2025-07-02,MOUN,30
PT200544,2,2025-08-01,MOUN,30
PT200544,3,2025-09-03,MOUN,30
PT200544,4,2025-10-10,MOUN,90
PT200544,5,2026-01-08,MOUN,30
PT200544,6,2026-02-07,MOUN,90
PT200544,7,2026-05-08,MOUN,90
PT200544,8,2026-08-06,MOUN,30
PT200545,1,2025-09-07,TRUL,30
PT200545,2,2025-10-14,TRUL,30
PT200545,3,2025-11-16,TRUL,30
PT200545,4,2025-12-16,TRUL,90
PT200545,5,2026-03-23,MOUN,90
PT200545,6,2026-06-21,MOUN,90
PT200546,1,2025-06-03,OZEM,30
PT200546,2,2025-07-03,OZEM,30
PT200546,3,2025-08-02,OZEM,30
PT200546,4,2025-09-01,OZEM,90
PT200546,5,2025-11-30,OZEM,90
PT200546,6,2026-02-28,OZEM,30
PT200546,7,2026-03-30,OZEM,90
PT200546,8,2026-06-28,OZEM,90
PT200547,1,2025-06-28,MOUN,30
PT200547,2,2025-07-28,MOUN,30
PT200547,3,2025-09-03,MOUN,90
PT200547,4,2025-12-02,MOUN,90
PT200547,5,2026-03-02,MOUN,90
PT200547,6,2026-05-31,MOUN,30
PT200547,7,2026-06-30,MOUN,90
PT200548,1,2025-09-30,RYBL,30
PT200548,2,2025-10-30,RYBL,30
PT200548,3,2025-11-29,RYBL,30
PT200548,4,2025-12-29,RYBL,90
PT200548,5,2026-03-29,RYBL,30
PT200548,6,2026-04-28,RYBL,90
PT200548,7,2026-07-27,RYBL,90
PT200549,1,2025-05-10,MOUN,30
PT200549,2,2025-06-09,MOUN,30
PT200549,3,2025-07-12,MOUN,30
PT200549,4,2025-08-11,MOUN,30
PT200549,5,2025-09-10,MOUN,90
PT200549,6,2025-12-12,MOUN,90
PT200550,1,2025-06-14,TRUL,30
PT200550,2,2025-07-21,TRUL,30
PT200550,3,2025-08-20,TRUL,90
PT200550,4,2025-11-18,TRUL,90
PT200550,5,2026-02-16,TRUL,30
PT200551,1,2024-10-01,TRUL,30
PT200553,1,2025-11-27,MOUN,30
PT200553,2,2025-12-27,MOUN,30
PT200553,3,2026-01-26,TRUL,90
PT200553,4,2026-04-26,TRUL,90
PT200553,5,2026-07-25,TRUL,30
PT200553,6,2026-08-24,OZEM,90
PT200554,1,2025-10-04,RYBL,30
PT200554,2,2025-11-03,RYBL,30
PT200554,3,2025-12-03,RYBL,90
PT200554,4,2026-03-03,RYBL,90
PT200554,5,2026-06-01,RYBL,90
PT200554,6,2026-08-30,RYBL,30
PT200555,1,2025-05-12,MOUN,30
PT200556,1,2025-02-12,TRUL,30
PT200556,2,2025-03-14,TRUL,30
PT200556,3,2025-04-13,TRUL,30
PT200557,1,2026-01-23,OZEM,30
PT200557,2,2026-02-22,OZEM,30
PT200557,3,2026-03-24,OZEM,30
PT200557,4,2026-04-23,OZEM,90
PT200558,1,2025-07-26,OZEM,30
PT200558,2,2025-08-25,OZEM,30
PT200558,3,2025-09-27,MOUN,90
PT200558,4,2025-12-26,MOUN,90
PT200558,5,2026-03-26,MOUN,90
PT200559,1,2024-09-25,MOUN,30
PT200559,2,2024-10-11,MOUN,30
PT200559,3,2024-11-10,MOUN,90
PT200559,4,2025-02-08,MOUN,30
PT200560,1,2026-02-26,OZEM,30
PT200564,1,2025-05-18,OZEM,30
PT200564,2,2025-06-17,OZEM,30
PT200565,1,2025-07-11,OZEM,30
PT200565,2,2025-08-10,OZEM,30
PT200565,3,2025-09-09,OZEM,90
PT200565,4,2025-12-08,OZEM,30
PT200565,5,2026-01-22,OZEM,30
PT200565,6,2026-02-21,OZEM,90
PT200565,7,2026-05-22,OZEM,90
PT200565,8,2026-08-20,OZEM,90
PT200566,1,2024-11-26,TRUL,30
PT200566,2,2024-12-26,TRUL,30
PT200566,3,2025-02-09,TRUL,30
PT200566,4,2025-03-11,TRUL,30
PT200566,5,2025-04-10,TRUL,90
PT200566,6,2025-07-09,TRUL,30
PT200567,1,2025-10-11,TRUL,30
PT200567,2,2025-11-10,TRUL,30
PT200567,3,2025-12-10,TRUL,90
PT200567,4,2026-03-10,TRUL,30
PT200567,5,2026-04-09,TRUL,30
PT200567,6,2026-05-09,TRUL,90
PT200568,1,2025-05-11,MOUN,30
PT200569,1,2025-05-03,MOUN,30
PT200569,2,2025-06-02,MOUN,30
PT200569,3,2025-07-02,MOUN,30
PT200569,4,2025-08-01,MOUN,30
PT200569,5,2025-08-31,MOUN,90
PT200569,6,2025-11-29,MOUN,90
PT200569,7,2026-02-27,MOUN,90
PT200569,8,2026-05-31,MOUN,90
PT200570,1,2024-12-20,RYBL,30
PT200570,2,2025-01-19,RYBL,30
PT200570,3,2025-02-18,RYBL,30
PT200570,4,2025-03-20,RYBL,90
PT200570,5,2025-06-18,RYBL,90
PT200570,6,2025-09-16,RYBL,90
PT200571,1,2026-02-01,TRUL,30
PT200571,2,2026-03-03,TRUL,30
PT200572,1,2025-06-11,TRUL,30
PT200573,1,2024-12-25,OZEM,30
PT200573,2,2025-01-27,OZEM,30
PT200573,3,2025-02-26,OZEM,90
PT200573,4,2025-05-27,OZEM,30
PT200573,5,2025-06-26,OZEM,90
PT200573,6,2025-09-24,OZEM,30
PT200573,7,2025-11-08,OZEM,90
PT200573,8,2026-02-06,OZEM,90
PT200573,9,2026-05-07,OZEM,90
PT200573,10,2026-08-12,OZEM,30
PT200574,1,2025-07-25,OZEM,30
PT200574,2,2025-08-24,OZEM,30
PT200574,3,2025-09-23,OZEM,90
PT200574,4,2025-12-22,OZEM,30
PT200574,5,2026-01-21,OZEM,90
PT200574,6,2026-04-21,OZEM,30
PT200574,7,2026-05-28,OZEM,30
PT200574,8,2026-06-27,OZEM,30
PT200574,9,2026-07-30,OZEM,90
PT200575,1,2024-12-07,TRUL,30
PT200575,2,2025-01-09,TRUL,30
PT200575,3,2025-02-08,TRUL,30
PT200575,4,2025-03-10,TRUL,30
PT200575,5,2025-04-09,TRUL,30
PT200575,6,2025-05-09,TRUL,90
PT200575,7,2025-08-07,TRUL,90
PT200575,8,2025-11-05,TRUL,30
PT200576,1,2025-05-13,TRUL,30
PT200576,2,2025-06-19,TRUL,30
PT200576,3,2025-07-19,TRUL,90
PT200576,4,2025-10-24,TRUL,90
PT200576,5,2026-01-22,TRUL,30
PT200576,6,2026-02-24,TRUL,90
PT200576,7,2026-05-25,TRUL,90
PT200576,8,2026-08-23,TRUL,30
PT200577,1,2025-08-15,OZEM,30
PT200577,2,2025-09-14,OZEM,30
PT200577,3,2025-10-14,OZEM,90
PT200577,4,2026-01-12,OZEM,30
PT200577,5,2026-02-11,OZEM,90
PT200577,6,2026-05-12,OZEM,90
PT200577,7,2026-08-10,OZEM,90
PT200578,1,2025-11-13,OZEM,30
PT200578,2,2025-12-16,OZEM,30
PT200578,3,2026-01-15,OZEM,90
PT200578,4,2026-04-15,OZEM,30
PT200578,5,2026-05-15,OZEM,30
PT200578,6,2026-06-14,OZEM,90
PT200580,1,2026-02-07,TRUL,30
PT200580,2,2026-03-09,TRUL,30
PT200580,3,2026-04-08,TRUL,30
PT200580,4,2026-05-11,TRUL,30
PT200580,5,2026-06-13,TRUL,90
PT200581,1,2025-08-10,MOUN,30
PT200581,2,2025-09-09,MOUN,30
PT200582,1,2024-11-08,MOUN,30
PT200582,2,2024-12-11,MOUN,30
PT200583,1,2025-04-02,OZEM,30
PT200583,2,2025-05-02,OZEM,30
PT200583,3,2025-05-18,OZEM,90
PT200583,4,2025-05-30,OZEM,90
PT200583,5,2025-08-28,OZEM,90
PT200583,6,2025-12-03,OZEM,30
PT200583,7,2026-01-02,OZEM,90
PT200583,8,2026-04-02,OZEM,90
PT200583,9,2026-07-01,OZEM,90
PT200584,1,2025-06-25,TRUL,30
PT200584,2,2025-07-25,TRUL,30
PT200584,3,2025-08-27,TRUL,30
PT200584,4,2025-09-26,TRUL,90
PT200584,5,2025-12-25,TRUL,90
PT200584,6,2026-03-25,TRUL,30
PT200584,7,2026-04-24,MOUN,90
PT200584,8,2026-07-23,MOUN,90
PT200585,1,2025-11-29,MOUN,30
PT200585,2,2026-01-05,MOUN,30
PT200585,3,2026-02-04,MOUN,90
PT200586,1,2025-05-15,MOUN,30
PT200586,2,2025-06-14,MOUN,30
PT200586,3,2025-07-14,MOUN,90
PT200586,4,2025-10-12,MOUN,90
PT200586,5,2026-01-13,MOUN,90
PT200586,6,2026-04-13,MOUN,90
PT200586,7,2026-07-12,MOUN,90
PT200587,1,2024-11-27,MOUN,30
PT200587,2,2024-12-27,MOUN,30
PT200587,3,2025-01-26,MOUN,30
PT200587,4,2025-02-25,MOUN,90
PT200587,5,2025-05-26,MOUN,30
PT200587,6,2025-06-25,MOUN,30
PT200587,7,2025-07-25,MOUN,90
PT200587,8,2025-10-23,MOUN,90
PT200587,9,2026-01-21,MOUN,30
PT200588,1,2026-02-06,MOUN,30
PT200588,2,2026-03-23,MOUN,30
PT200589,1,2024-09-17,MOUN,30
PT200589,2,2024-10-17,MOUN,30
PT200589,3,2024-11-19,MOUN,90
PT200589,4,2025-02-17,MOUN,90
PT200589,5,2025-05-18,TRUL,90
PT200589,6,2025-08-16,TRUL,90
PT200589,7,2025-11-14,TRUL,30
PT200590,1,2025-04-30,TRUL,30
PT200590,2,2025-05-30,TRUL,30
PT200590,3,2025-06-29,TRUL,90
PT200590,4,2025-09-27,TRUL,90
PT200590,5,2025-12-26,TRUL,90
PT200590,6,2026-03-26,TRUL,90
PT200590,7,2026-06-24,TRUL,90
PT200591,1,2024-11-28,MOUN,30
PT200591,2,2024-12-28,MOUN,30
PT200591,3,2025-01-27,MOUN,90
PT200591,4,2025-04-27,MOUN,30
PT200591,5,2025-05-30,MOUN,30
PT200592,1,2025-07-01,MOUN,30
PT200592,2,2025-07-31,MOUN,30
PT200592,3,2025-09-02,MOUN,90
PT200592,4,2025-12-01,MOUN,30
PT200592,5,2025-12-31,MOUN,30
PT200592,6,2026-02-06,MOUN,90
PT200592,7,2026-05-07,MOUN,30
PT200592,8,2026-06-09,MOUN,30
PT200592,9,2026-07-09,MOUN,90
PT200593,1,2024-12-19,MOUN,30
PT200593,2,2025-01-21,MOUN,30
PT200593,3,2025-02-20,MOUN,90
PT200593,4,2025-05-21,MOUN,90
PT200593,5,2025-08-26,MOUN,30
PT200593,6,2025-09-25,MOUN,90
PT200593,7,2025-12-24,RYBL,30
PT200593,8,2026-01-26,RYBL,30
PT200593,9,2026-02-25,RYBL,30
PT200593,10,2026-03-27,RYBL,30
PT200593,11,2026-04-26,RYBL,30
PT200593,12,2026-05-26,RYBL,90
PT200593,13,2026-08-24,RYBL,30
PT200594,1,2025-07-24,TRUL,30
PT200594,2,2025-08-26,TRUL,30
PT200594,3,2025-09-25,TRUL,90
PT200594,4,2025-12-24,MOUN,30
PT200594,5,2026-01-23,MOUN,90
PT200594,6,2026-04-23,MOUN,90
PT200594,7,2026-07-22,TRUL,30
PT200594,8,2026-08-21,TRUL,30
PT200595,1,2024-12-25,TRUL,30
PT200596,1,2025-05-30,MOUN,30
PT200596,2,2025-06-29,MOUN,30
PT200596,3,2025-07-29,MOUN,30
PT200596,4,2025-08-28,MOUN,90
PT200596,5,2025-11-29,MOUN,30
PT200596,6,2025-12-29,MOUN,90
PT200596,7,2026-03-29,MOUN,90
PT200596,8,2026-06-27,MOUN,90
PT200597,1,2025-11-30,MOUN,30
PT200597,2,2025-12-30,MOUN,30
PT200597,3,2026-02-05,MOUN,30
PT200597,4,2026-03-07,MOUN,30
PT200597,5,2026-04-06,MOUN,30
PT200597,6,2026-05-09,OZEM,90
PT200597,7,2026-08-07,OZEM,90
PT200598,1,2024-10-30,OZEM,30
PT200598,2,2024-11-29,OZEM,30
PT200598,3,2024-12-29,OZEM,90
PT200598,4,2025-03-29,OZEM,90
PT200598,5,2025-06-27,OZEM,90
PT200598,6,2025-10-02,OZEM,30
PT200598,7,2025-11-08,OZEM,90
PT200598,8,2026-02-06,OZEM,30
PT200598,9,2026-03-15,OZEM,30
PT200598,10,2026-04-14,OZEM,90
PT200598,11,2026-07-13,OZEM,90
PT200599,1,2025-09-15,OZEM,30
PT200599,2,2025-10-22,OZEM,30
PT200599,3,2025-11-21,OZEM,90
PT200599,4,2026-02-19,OZEM,90
PT200599,5,2026-05-20,OZEM,30
PT200599,6,2026-06-26,OZEM,90
PT200600,1,2024-12-05,TRUL,30
PT200600,2,2025-01-04,TRUL,30
PT200600,3,2025-02-03,TRUL,90
PT200600,4,2025-05-04,TRUL,90
PT200600,5,2025-08-02,MOUN,30
PT200600,6,2025-09-01,MOUN,90
PT200600,7,2025-11-30,MOUN,90
PT200600,8,2026-02-28,MOUN,30
PT200600,9,2026-03-30,MOUN,90
PT200600,10,2026-06-28,MOUN,90
PT200601,1,2025-02-05,OZEM,30
PT200601,2,2025-03-07,OZEM,30
PT200601,3,2025-04-21,OZEM,30
PT200601,4,2025-05-21,OZEM,90
PT200602,1,2026-02-27,OZEM,30
PT200602,2,2026-03-29,OZEM,30
PT200602,3,2026-04-28,OZEM,30
PT200602,4,2026-05-28,OZEM,90
PT200603,1,2025-12-09,TRUL,30
PT200603,2,2026-01-08,TRUL,30
PT200603,3,2026-02-07,TRUL,90
PT200603,4,2026-05-08,TRUL,30
PT200603,5,2026-06-07,TRUL,90
PT200604,1,2024-09-25,RYBL,30
PT200604,2,2024-10-25,RYBL,30
PT200604,3,2024-11-24,RYBL,90
PT200604,4,2025-02-22,RYBL,90
PT200604,5,2025-05-23,RYBL,90
PT200604,6,2025-08-21,RYBL,30
PT200604,7,2025-09-20,RYBL,90
PT200606,1,2026-02-19,OZEM,30
PT200606,2,2026-03-05,OZEM,30
PT200606,3,2026-04-04,OZEM,90
PT200606,4,2026-07-03,OZEM,90
PT200607,1,2024-10-07,TRUL,30
PT200607,2,2024-11-06,TRUL,30
PT200607,3,2024-12-06,TRUL,90
PT200607,4,2025-03-13,TRUL,90
PT200607,5,2025-06-11,TRUL,90
PT200607,6,2025-09-09,TRUL,90
PT200608,1,2026-01-24,MOUN,30
PT200608,2,2026-02-23,MOUN,30
PT200608,3,2026-03-25,MOUN,90
PT200608,4,2026-06-23,MOUN,90
PT200609,1,2025-06-18,MOUN,30
PT200610,1,2024-11-11,TRUL,30
PT200610,2,2024-12-14,TRUL,30
PT200610,3,2025-01-13,TRUL,90
PT200610,4,2025-04-13,TRUL,90
PT200611,1,2024-12-12,RYBL,30
PT200611,2,2025-01-11,RYBL,30
PT200611,3,2025-02-10,RYBL,90
PT200611,4,2025-05-26,OZEM,30
PT200612,1,2025-10-06,MOUN,30
PT200612,2,2025-11-12,MOUN,30
PT200612,3,2025-12-15,MOUN,30
PT200612,4,2026-01-14,MOUN,30
PT200612,5,2026-02-13,MOUN,90
PT200612,6,2026-05-14,MOUN,90
PT200612,7,2026-08-12,MOUN,90
PT200613,1,2025-12-26,MOUN,30
PT200613,2,2026-01-25,MOUN,30
PT200613,3,2026-02-24,MOUN,90
PT200613,4,2026-05-25,MOUN,30
PT200613,5,2026-06-24,MOUN,30
PT200613,6,2026-07-24,MOUN,90
PT200614,1,2026-01-15,TRUL,30
PT200614,2,2026-02-17,TRUL,30
PT200614,3,2026-03-19,TRUL,90
PT200615,1,2024-09-23,MOUN,30
PT200615,2,2024-10-23,MOUN,30
PT200615,3,2024-11-22,MOUN,90
PT200615,4,2025-02-20,MOUN,90
PT200615,5,2025-05-21,MOUN,90
PT200616,1,2025-05-22,TRUL,30
PT200616,2,2025-06-21,TRUL,30
PT200616,3,2025-07-28,TRUL,90
PT200616,4,2025-10-26,TRUL,90
PT200616,5,2026-01-24,TRUL,30
PT200617,1,2025-01-31,OZEM,30
PT200617,2,2025-03-02,OZEM,30
PT200617,3,2025-04-04,OZEM,90
PT200617,4,2025-07-03,OZEM,90
PT200617,5,2025-10-01,OZEM,90
PT200618,1,2025-07-04,RYBL,30
PT200618,2,2025-08-03,RYBL,30
PT200618,3,2025-09-09,RYBL,90
PT200618,4,2025-12-08,RYBL,30
PT200618,5,2026-01-07,RYBL,90
PT200618,6,2026-04-07,RYBL,90
PT200618,7,2026-07-06,RYBL,90
PT200619,1,2026-01-30,TRUL,30
PT200619,2,2026-03-01,TRUL,30
PT200619,3,2026-03-31,TRUL,90
PT200619,4,2026-06-29,TRUL,90
PT200620,1,2026-02-13,MOUN,30
PT200620,2,2026-03-15,MOUN,30
PT200620,3,2026-04-29,MOUN,90
PT200620,4,2026-07-28,MOUN,90
PT200621,1,2025-03-26,OZEM,30
PT200621,2,2025-04-25,OZEM,30
PT200621,3,2025-06-01,OZEM,90
PT200621,4,2025-09-02,OZEM,90
PT200621,5,2025-12-16,OZEM,90
PT200621,6,2026-03-16,OZEM,90
PT200621,7,2026-06-14,OZEM,30
PT200622,1,2025-02-12,OZEM,30
PT200622,2,2025-03-14,OZEM,30
PT200622,3,2025-04-13,OZEM,90
PT200622,4,2025-07-12,OZEM,30
PT200622,5,2025-08-18,OZEM,30
PT200622,6,2025-09-17,OZEM,90
PT200622,7,2025-12-16,OZEM,90
PT200622,8,2026-03-16,OZEM,90
PT200622,9,2026-06-14,OZEM,30
PT200622,10,2026-07-14,OZEM,90
PT200624,1,2025-12-30,OZEM,30
PT200624,2,2026-01-29,OZEM,30
PT200624,3,2026-02-28,OZEM,90
PT200624,4,2026-06-05,OZEM,90
PT200625,1,2025-10-13,MOUN,30
PT200625,2,2025-11-12,MOUN,30
PT200625,3,2025-12-12,MOUN,30
PT200625,4,2026-01-11,MOUN,30
PT200625,5,2026-02-10,OZEM,30
PT200625,6,2026-03-12,OZEM,90
PT200625,7,2026-06-10,OZEM,90
PT200626,1,2025-12-19,OZEM,30
PT200626,2,2026-01-25,OZEM,30
PT200626,3,2026-02-24,OZEM,30
PT200626,4,2026-04-10,OZEM,90
PT200626,5,2026-07-12,OZEM,90
PT200627,1,2025-11-10,MOUN,30
PT200627,2,2025-12-10,MOUN,30
PT200627,3,2026-01-09,MOUN,30
PT200627,4,2026-02-08,MOUN,90
PT200627,5,2026-05-09,MOUN,30
PT200627,6,2026-06-08,MOUN,90
PT200628,1,2026-03-06,TRUL,30
PT200629,1,2025-12-21,MOUN,30
PT200629,2,2026-01-20,MOUN,30
PT200629,3,2026-02-19,MOUN,30
PT200629,4,2026-03-28,TRUL,30
PT200629,5,2026-04-27,TRUL,90
PT200629,6,2026-07-26,TRUL,90
PT200630,1,2025-03-30,OZEM,30
PT200630,2,2025-04-29,OZEM,30
PT200630,3,2025-05-29,OZEM,90
PT200630,4,2025-09-03,OZEM,90
PT200631,1,2025-01-04,OZEM,30
PT200631,2,2025-02-03,OZEM,30
PT200631,3,2025-03-05,OZEM,30
PT200631,4,2025-04-04,OZEM,90
PT200631,5,2025-07-03,OZEM,30
PT200631,6,2025-08-02,OZEM,30
PT200631,7,2025-09-01,OZEM,90
PT200631,8,2025-11-30,OZEM,90
PT200631,9,2026-02-28,OZEM,90
PT200631,10,2026-05-29,OZEM,30
PT200631,11,2026-07-05,OZEM,90
PT200632,1,2025-06-04,MOUN,30
PT200632,2,2025-07-04,MOUN,30
PT200632,3,2025-08-03,MOUN,90
PT200632,4,2025-11-01,MOUN,30
PT200632,5,2025-12-01,MOUN,30
PT200632,6,2026-01-07,MOUN,30
PT200632,7,2026-02-06,MOUN,30
PT200633,1,2024-10-16,TRUL,30
PT200633,2,2024-11-15,TRUL,30
PT200633,3,2024-12-15,TRUL,30
PT200633,4,2025-01-14,TRUL,30
PT200633,5,2025-02-16,TRUL,30
PT200633,6,2025-03-18,TRUL,90
PT200633,7,2025-06-16,TRUL,30
PT200633,8,2025-07-16,TRUL,30
PT200633,9,2025-08-15,TRUL,90
PT200634,1,2025-09-06,OZEM,30
PT200634,2,2025-10-06,OZEM,30
PT200634,3,2025-11-05,OZEM,90
PT200634,4,2026-02-03,OZEM,30
PT200634,5,2026-03-05,OZEM,90
PT200634,6,2026-06-03,OZEM,90
PT200635,1,2025-01-24,OZEM,30
PT200635,2,2025-02-23,OZEM,30
PT200635,3,2025-04-01,OZEM,90
PT200635,4,2025-07-03,OZEM,30
PT200635,5,2025-08-05,OZEM,90
PT200635,6,2025-11-18,OZEM,90
PT200635,7,2026-02-16,OZEM,30
PT200635,8,2026-03-18,OZEM,30
PT200635,9,2026-04-17,OZEM,30
PT200635,10,2026-05-17,OZEM,30
PT200635,11,2026-06-16,OZEM,90
PT200636,1,2024-10-20,OZEM,30
PT200636,2,2024-11-22,OZEM,30
PT200636,3,2024-12-22,OZEM,90
PT200636,4,2025-03-22,OZEM,90
PT200636,5,2025-06-20,OZEM,90
PT200636,6,2025-09-21,OZEM,30
PT200636,7,2025-10-21,OZEM,90
PT200636,8,2026-01-22,OZEM,90
PT200636,9,2026-04-22,OZEM,30
PT200637,1,2026-02-10,MOUN,30
PT200637,2,2026-03-19,MOUN,30
PT200637,3,2026-04-18,MOUN,30
PT200637,4,2026-05-18,MOUN,30
PT200637,5,2026-06-17,MOUN,90
PT200638,1,2025-08-24,MOUN,30
PT200638,2,2025-09-23,TRUL,30
PT200638,3,2025-10-23,TRUL,30
PT200638,4,2025-11-22,TRUL,90
PT200639,1,2025-09-23,MOUN,30
PT200639,2,2025-10-23,MOUN,30
PT200641,1,2025-08-14,OZEM,30
PT200641,2,2025-09-13,OZEM,30
PT200641,3,2025-09-29,OZEM,90
PT200641,4,2025-12-28,OZEM,90
PT200642,1,2025-04-25,MOUN,30
PT200642,2,2025-06-01,MOUN,30
PT200642,3,2025-07-01,MOUN,90
PT200642,4,2025-09-29,MOUN,30
PT200642,5,2025-10-29,MOUN,30
PT200642,6,2025-11-28,MOUN,90
PT200644,1,2025-07-16,OZEM,30
PT200644,2,2025-08-15,OZEM,30
PT200645,1,2025-12-11,OZEM,30
PT200645,2,2026-01-10,OZEM,30
PT200646,1,2024-10-31,MOUN,30
PT200646,2,2024-11-30,MOUN,30
PT200646,3,2024-12-30,MOUN,90
PT200646,4,2025-03-30,MOUN,90
PT200646,5,2025-06-28,MOUN,90
PT200646,6,2025-09-26,MOUN,30
PT200646,7,2025-10-26,RYBL,90
PT200646,8,2026-01-24,RYBL,30
PT200646,9,2026-02-23,RYBL,90
PT200646,10,2026-05-24,RYBL,30
PT200646,11,2026-06-23,RYBL,30
PT200646,12,2026-07-23,RYBL,90
PT200647,1,2026-02-06,RYBL,30
PT200647,2,2026-03-08,RYBL,30
PT200648,1,2025-02-25,MOUN,30
PT200648,2,2025-03-27,MOUN,30
PT200648,3,2025-04-26,MOUN,30
PT200648,4,2025-05-26,MOUN,90
PT200648,5,2025-08-24,OZEM,30
PT200648,6,2025-09-23,OZEM,90
PT200648,7,2025-12-22,OZEM,90
PT200648,8,2026-03-22,OZEM,30
PT200648,9,2026-04-21,OZEM,30
PT200648,10,2026-05-21,OZEM,90
PT200649,1,2024-09-03,MOUN,30
PT200649,2,2024-10-03,MOUN,30
PT200649,3,2024-11-02,MOUN,90
PT200650,1,2024-10-22,OZEM,30
PT200650,2,2024-11-21,OZEM,30
PT200650,3,2024-12-07,OZEM,90
PT200650,4,2025-03-07,OZEM,30
PT200650,5,2025-04-06,OZEM,90
PT200650,6,2025-07-05,OZEM,90
PT200650,7,2025-10-03,OZEM,90
PT200650,8,2026-01-01,OZEM,30
PT200650,9,2026-01-31,OZEM,90
PT200650,10,2026-05-01,OZEM,30
PT200650,11,2026-05-31,OZEM,90
PT200651,1,2025-07-24,MOUN,30
PT200651,2,2025-08-23,MOUN,30
PT200651,3,2025-09-22,MOUN,90
PT200651,4,2025-12-21,MOUN,30
PT200651,5,2026-01-23,MOUN,90
PT200651,6,2026-04-23,MOUN,90
PT200651,7,2026-07-22,MOUN,30
PT200651,8,2026-08-21,MOUN,30
PT200652,1,2025-01-01,MOUN,30
PT200652,2,2025-02-07,MOUN,30
PT200652,3,2025-03-09,MOUN,90
PT200652,4,2025-06-07,MOUN,90
PT200652,5,2025-09-05,MOUN,90
PT200653,1,2025-03-17,TRUL,30
PT200653,2,2025-04-19,TRUL,30
PT200653,3,2025-05-19,TRUL,90
PT200653,4,2025-08-17,TRUL,90
PT200653,5,2025-11-15,TRUL,30
PT200654,1,2025-06-01,MOUN,30
PT200654,2,2025-07-01,MOUN,30
PT200654,3,2025-07-31,MOUN,90
PT200654,4,2025-10-29,MOUN,30
PT200654,5,2025-12-01,MOUN,90
PT200654,6,2026-03-01,MOUN,90
PT200654,7,2026-05-30,MOUN,90
PT200654,8,2026-08-28,MOUN,90
PT200655,1,2025-07-16,TRUL,30
PT200655,2,2025-08-15,TRUL,30
PT200655,3,2025-09-14,TRUL,30
PT200655,4,2025-10-14,TRUL,90
PT200655,5,2026-01-19,TRUL,90
PT200655,6,2026-04-19,TRUL,90
PT200655,7,2026-07-25,TRUL,30
PT200655,8,2026-08-08,TRUL,90
PT200656,1,2024-12-26,MOUN,30
PT200656,2,2025-02-09,MOUN,30
PT200656,3,2025-03-11,MOUN,90
PT200656,4,2025-06-09,MOUN,90
PT200656,5,2025-09-07,MOUN,30
PT200656,6,2025-10-07,MOUN,90
PT200656,7,2026-01-05,MOUN,90
PT200656,8,2026-04-05,MOUN,30
PT200656,9,2026-05-05,MOUN,90
PT200656,10,2026-08-03,MOUN,90
PT200657,1,2025-09-30,MOUN,30
PT200657,2,2025-11-02,MOUN,30
PT200657,3,2025-12-05,MOUN,90
PT200657,4,2026-03-05,MOUN,90
PT200657,5,2026-06-03,MOUN,90
PT200658,1,2026-02-08,OZEM,30
PT200658,2,2026-03-10,OZEM,30
PT200658,3,2026-04-09,OZEM,90
PT200658,4,2026-07-08,OZEM,90
PT200659,1,2024-10-18,TRUL,30
PT200659,2,2024-11-17,TRUL,30
PT200659,3,2024-12-24,TRUL,30
PT200659,4,2025-02-07,TRUL,30
PT200659,5,2025-03-09,TRUL,90
PT200659,6,2025-06-07,TRUL,30
PT200659,7,2025-07-07,TRUL,90
PT200659,8,2025-10-05,TRUL,30
PT200659,9,2025-11-07,TRUL,90
PT200659,10,2026-02-05,TRUL,30
PT200660,1,2024-10-26,OZEM,30
PT200661,1,2025-08-31,TRUL,30
PT200661,2,2025-09-30,TRUL,30
PT200661,3,2025-10-30,TRUL,90
PT200661,4,2026-01-31,TRUL,30
PT200661,5,2026-03-02,TRUL,90
PT200661,6,2026-05-31,TRUL,90
PT200661,7,2026-08-29,TRUL,30
PT200662,1,2025-01-06,OZEM,30
PT200662,2,2025-02-05,OZEM,30
PT200662,3,2025-03-07,OZEM,30
PT200662,4,2025-04-06,OZEM,30
PT200662,5,2025-05-06,OZEM,90
PT200662,6,2025-08-04,OZEM,30
PT200662,7,2025-09-03,OZEM,30
PT200662,8,2025-10-03,OZEM,30
PT200662,9,2025-11-02,OZEM,30
PT200662,10,2025-12-02,OZEM,90
PT200662,11,2026-03-02,OZEM,90
PT200662,12,2026-06-03,OZEM,90
PT200663,1,2026-02-13,TRUL,30
PT200663,2,2026-03-15,TRUL,30
PT200663,3,2026-04-14,TRUL,90
PT200663,4,2026-07-13,RYBL,90
PT200664,1,2025-02-07,OZEM,30
PT200664,2,2025-03-09,OZEM,30
PT200664,3,2025-04-11,OZEM,30
PT200664,4,2025-05-11,OZEM,90
PT200664,5,2025-08-09,OZEM,90
PT200665,1,2025-08-12,MOUN,30
PT200665,2,2025-09-11,MOUN,30
PT200665,3,2025-10-11,MOUN,90
PT200665,4,2026-01-09,MOUN,90
PT200665,5,2026-04-09,MOUN,90
PT200665,6,2026-07-11,MOUN,30
PT200665,7,2026-08-17,MOUN,90
PT200666,1,2025-08-30,MOUN,30
PT200666,2,2025-09-29,MOUN,30
PT200666,3,2025-10-29,MOUN,30
PT200666,4,2025-11-28,MOUN,30
PT200666,5,2025-12-28,MOUN,30
PT200667,1,2025-06-18,MOUN,30
PT200667,2,2025-07-18,MOUN,30
PT200667,3,2025-08-17,MOUN,30
PT200667,4,2025-09-16,MOUN,90
PT200667,5,2025-12-15,MOUN,90
PT200667,6,2026-03-15,MOUN,30
PT200667,7,2026-04-14,MOUN,90
PT200667,8,2026-07-13,MOUN,90
PT200668,1,2026-03-09,MOUN,30
PT200668,2,2026-04-08,MOUN,30
PT200668,3,2026-05-08,MOUN,30
PT200668,4,2026-06-07,MOUN,30
PT200668,5,2026-07-07,MOUN,90
PT200669,1,2026-01-10,OZEM,30
PT200669,2,2026-02-16,OZEM,30
PT200669,3,2026-03-18,OZEM,90
PT200669,4,2026-06-16,OZEM,90
PT200670,1,2025-10-28,RYBL,30
PT200670,2,2025-11-27,RYBL,30
PT200670,3,2025-12-27,RYBL,90
PT200670,4,2026-03-27,RYBL,30
PT200670,5,2026-04-26,RYBL,30
PT200670,6,2026-05-26,RYBL,90
PT200670,7,2026-08-24,RYBL,90
PT200671,1,2025-11-22,RYBL,30
PT200671,2,2025-12-22,RYBL,30
PT200671,3,2026-01-21,RYBL,30
PT200671,4,2026-02-23,RYBL,90
PT200671,5,2026-05-24,RYBL,30
PT200671,6,2026-06-23,RYBL,90
PT200672,1,2024-12-20,TRUL,30
PT200672,2,2025-01-19,TRUL,30
PT200672,3,2025-02-18,TRUL,90
PT200672,4,2025-05-19,TRUL,90
PT200672,5,2025-08-17,TRUL,90
PT200672,6,2025-11-15,TRUL,90
PT200672,7,2026-02-13,TRUL,30
PT200672,8,2026-03-22,TRUL,90
PT200672,9,2026-06-27,TRUL,90
PT200674,1,2025-01-13,OZEM,30
PT200676,1,2025-01-16,TRUL,30
PT200676,2,2025-02-18,TRUL,30
PT200676,3,2025-03-27,TRUL,90
PT200676,4,2025-06-25,TRUL,30
PT200676,5,2025-07-25,TRUL,30
PT200676,6,2025-08-24,TRUL,90
PT200676,7,2025-11-29,MOUN,30
PT200676,8,2025-12-29,MOUN,30
PT200676,9,2026-01-28,MOUN,90
PT200676,10,2026-04-28,MOUN,90
PT200676,11,2026-07-27,RYBL,90
PT200677,1,2025-04-28,OZEM,30
PT200677,2,2025-05-28,OZEM,30
PT200678,1,2025-06-18,OZEM,30
PT200678,2,2025-07-18,OZEM,30
PT200678,3,2025-08-17,OZEM,30
PT200678,4,2025-09-23,OZEM,90
PT200678,5,2026-01-06,OZEM,30
PT200678,6,2026-02-05,OZEM,90
PT200678,7,2026-05-06,OZEM,30
PT200678,8,2026-06-05,OZEM,90
PT200679,1,2025-05-30,MOUN,30
PT200679,2,2025-06-29,MOUN,30
PT200679,3,2025-07-29,MOUN,90
PT200679,4,2025-10-27,MOUN,90
PT200679,5,2026-01-25,MOUN,30
PT200679,6,2026-03-03,MOUN,30
PT200679,7,2026-04-02,MOUN,90
PT200679,8,2026-07-01,MOUN,90
PT200680,1,2025-06-01,RYBL,30
PT200680,2,2025-07-16,RYBL,30
PT200680,3,2025-08-15,RYBL,90
PT200680,4,2025-11-28,RYBL,90
PT200680,5,2026-02-26,RYBL,90
PT200680,6,2026-05-27,RYBL,30
PT200680,7,2026-06-26,RYBL,90
PT200681,1,2025-12-01,MOUN,30
PT200681,2,2025-12-31,MOUN,30
PT200681,3,2026-01-30,MOUN,90
PT200681,4,2026-04-30,MOUN,90
PT200681,5,2026-07-29,MOUN,30
PT200681,6,2026-08-28,MOUN,30
PT200682,1,2025-02-03,OZEM,30
PT200682,2,2025-03-05,OZEM,30
PT200682,3,2025-03-22,OZEM,90
PT200682,4,2025-06-20,OZEM,90
PT200682,5,2025-09-18,OZEM,90
PT200682,6,2025-12-17,OZEM,30
PT200683,1,2025-09-03,MOUN,30
PT200683,2,2025-10-03,MOUN,30
PT200683,3,2025-11-05,MOUN,90
PT200683,4,2026-02-03,MOUN,90
PT200683,5,2026-05-04,MOUN,90
PT200683,6,2026-08-02,MOUN,90
PT200684,1,2025-06-23,MOUN,30
PT200684,2,2025-07-23,MOUN,30
PT200684,3,2025-09-06,MOUN,90
PT200684,4,2025-12-05,MOUN,90
PT200684,5,2026-03-12,MOUN,90
PT200685,1,2025-02-11,TRUL,30
PT200685,2,2025-03-13,MOUN,30
PT200685,3,2025-04-12,MOUN,90
PT200685,4,2025-07-11,MOUN,90
PT200685,5,2025-10-09,MOUN,30
PT200685,6,2025-11-08,MOUN,90
PT200685,7,2026-02-06,MOUN,30
PT200685,8,2026-03-08,MOUN,90
PT200685,9,2026-06-06,MOUN,30
PT200685,10,2026-07-06,MOUN,90
PT200686,1,2025-10-22,TRUL,30
PT200686,2,2025-11-21,TRUL,30
PT200686,3,2025-12-21,TRUL,30
PT200687,1,2024-10-01,OZEM,30
PT200687,2,2024-10-31,OZEM,30
PT200687,3,2024-11-30,OZEM,90
PT200687,4,2025-03-15,OZEM,90
PT200687,5,2025-06-13,OZEM,90
PT200687,6,2025-09-11,MOUN,90
PT200687,7,2025-12-10,MOUN,90
PT200687,8,2026-03-13,MOUN,90
PT200687,9,2026-06-11,MOUN,90
PT200688,1,2026-02-20,RYBL,30
PT200688,2,2026-03-25,TRUL,30
PT200688,3,2026-04-24,TRUL,90
PT200689,1,2025-02-22,MOUN,30
PT200689,2,2025-03-24,MOUN,30
PT200689,3,2025-04-23,MOUN,90
PT200689,4,2025-07-22,MOUN,90
PT200690,1,2024-11-23,TRUL,30
PT200690,2,2024-12-23,TRUL,30
PT200690,3,2025-01-22,TRUL,90
PT200690,4,2025-04-22,TRUL,90
PT200690,5,2025-07-21,TRUL,90
PT200690,6,2025-10-19,TRUL,90
PT200691,1,2025-05-26,OZEM,30
PT200691,2,2025-06-25,OZEM,30
PT200691,3,2025-07-25,OZEM,90
PT200691,4,2025-10-23,OZEM,90
PT200691,5,2026-01-21,OZEM,30
PT200692,1,2025-01-19,RYBL,30
PT200692,2,2025-02-21,RYBL,30
PT200692,3,2025-03-23,RYBL,90
PT200692,4,2025-06-21,RYBL,90
PT200692,5,2025-09-19,RYBL,90
PT200692,6,2025-12-18,MOUN,90
PT200692,7,2026-03-18,MOUN,90
PT200692,8,2026-06-23,MOUN,30
PT200692,9,2026-07-23,MOUN,30
PT200692,10,2026-08-22,MOUN,30
PT200693,1,2024-11-16,RYBL,30
PT200693,2,2024-12-16,RYBL,30
PT200693,3,2025-01-15,RYBL,90
PT200693,4,2025-04-15,RYBL,90
PT200693,5,2025-07-17,RYBL,90
PT200693,6,2025-10-18,RYBL,90
PT200694,1,2024-11-29,RYBL,30
PT200694,2,2024-12-29,RYBL,30
PT200694,3,2025-01-28,RYBL,90
PT200694,4,2025-05-05,RYBL,30
PT200694,5,2025-06-04,RYBL,30
PT200694,6,2025-07-04,RYBL,90
PT200694,7,2025-10-02,RYBL,30
PT200694,8,2025-11-16,RYBL,30
PT200694,9,2025-12-16,TRUL,30
PT200694,10,2026-01-22,TRUL,90
PT200695,1,2024-12-16,TRUL,30
PT200695,2,2025-01-15,RYBL,30
PT200695,3,2025-02-17,RYBL,90
PT200695,4,2025-05-18,RYBL,90
PT200695,5,2025-08-31,RYBL,90
PT200695,6,2025-11-29,RYBL,30
PT200695,7,2025-12-29,RYBL,30
PT200695,8,2026-01-28,MOUN,30
PT200695,9,2026-03-02,MOUN,30
PT200695,10,2026-04-01,MOUN,90
PT200695,11,2026-06-30,MOUN,90
PT200696,1,2025-03-30,TRUL,30
PT200697,1,2025-08-25,OZEM,30
PT200697,2,2025-09-24,OZEM,30
PT200697,3,2025-10-11,OZEM,90
PT200697,4,2025-11-01,OZEM,30
PT200697,5,2025-12-01,OZEM,90
PT200697,6,2026-03-01,OZEM,30
PT200697,7,2026-03-31,OZEM,90
PT200697,8,2026-06-29,OZEM,30
PT200697,9,2026-07-29,OZEM,90
PT200698,1,2024-11-08,TRUL,30
PT200698,2,2024-11-20,TRUL,30
PT200699,1,2024-10-04,TRUL,30
PT200699,2,2024-11-06,TRUL,30
PT200699,3,2024-12-06,TRUL,90
PT200699,4,2025-03-06,TRUL,30
PT200699,5,2025-04-12,TRUL,90
PT200699,6,2025-07-11,TRUL,90
PT200699,7,2025-10-09,TRUL,30
PT200699,8,2025-11-08,TRUL,90
PT200699,9,2026-02-09,TRUL,90
PT200699,10,2026-05-10,TRUL,90
PT200699,11,2026-08-08,TRUL,90
PT200700,1,2024-10-29,OZEM,30
PT200700,2,2024-12-01,MOUN,30
PT200700,3,2024-12-31,MOUN,90
PT200701,1,2024-10-09,RYBL,30
PT200701,2,2024-11-08,RYBL,30
PT200702,1,2025-10-27,OZEM,30
PT200702,2,2025-11-26,OZEM,30
PT200702,3,2025-12-13,OZEM,90
PT200702,4,2026-03-13,OZEM,30
PT200702,5,2026-04-12,OZEM,30
PT200702,6,2026-05-12,OZEM,30
PT200702,7,2026-06-11,OZEM,30
PT200702,8,2026-07-14,OZEM,90
PT200703,1,2025-05-19,TRUL,30
PT200703,2,2025-06-18,OZEM,30
PT200703,3,2025-07-18,OZEM,30
PT200703,4,2025-08-17,OZEM,30
PT200703,5,2025-09-16,OZEM,90
PT200703,6,2025-12-15,OZEM,90
PT200703,7,2026-03-15,OZEM,90
PT200706,1,2026-03-12,OZEM,30
PT200706,2,2026-04-11,OZEM,30
PT200706,3,2026-05-11,OZEM,30
PT200706,4,2026-06-10,OZEM,30
PT200706,5,2026-07-13,OZEM,90
PT200707,1,2024-10-13,TRUL,30
PT200707,2,2024-11-12,TRUL,30
PT200707,3,2024-12-12,TRUL,90
PT200707,4,2025-03-12,TRUL,30
PT200707,5,2025-04-11,TRUL,90
PT200707,6,2025-07-10,TRUL,90
PT200707,7,2025-10-08,TRUL,30
PT200707,8,2025-11-22,TRUL,90
PT200708,1,2025-04-17,OZEM,30
PT200709,1,2025-10-09,MOUN,30
PT200709,2,2025-11-08,MOUN,30
PT200709,3,2025-12-11,MOUN,90
PT200709,4,2026-03-11,MOUN,90
PT200709,5,2026-06-09,MOUN,30
PT200709,6,2026-07-09,MOUN,90
PT200711,1,2024-12-02,TRUL,30
PT200711,2,2025-01-01,TRUL,30
PT200711,3,2025-01-31,TRUL,90
PT200711,4,2025-05-01,TRUL,30
PT200711,5,2025-05-31,TRUL,90
PT200711,6,2025-08-29,TRUL,90
PT200712,1,2024-11-22,OZEM,30
PT200712,2,2024-12-22,OZEM,30
PT200712,3,2025-01-21,OZEM,90
PT200712,4,2025-05-06,OZEM,90
PT200712,5,2025-08-04,OZEM,90
PT200712,6,2025-08-14,OZEM,90
PT200712,7,2025-11-12,OZEM,90
PT200712,8,2026-02-13,OZEM,90
PT200712,9,2026-05-14,OZEM,30
PT200712,10,2026-06-13,OZEM,90
PT200713,1,2025-10-07,MOUN,30
PT200713,2,2025-11-06,MOUN,30
PT200713,3,2025-12-06,MOUN,90
PT200713,4,2026-03-06,MOUN,90
PT200713,5,2026-06-04,MOUN,90
PT200714,1,2025-10-14,OZEM,30
PT200714,2,2025-11-13,OZEM,30
PT200714,3,2025-12-13,OZEM,90
PT200714,4,2026-03-16,OZEM,90
PT200714,5,2026-06-14,OZEM,30
PT200716,1,2024-10-10,MOUN,30
PT200716,2,2024-11-12,MOUN,30
PT200716,3,2024-12-12,MOUN,90
PT200716,4,2025-03-12,MOUN,90
PT200716,5,2025-06-10,MOUN,90
PT200716,6,2025-09-23,MOUN,90
PT200716,7,2025-12-22,MOUN,30
PT200716,8,2026-01-21,MOUN,90
PT200716,9,2026-04-21,MOUN,90
PT200716,10,2026-07-20,MOUN,90
PT200717,1,2025-06-05,OZEM,30
PT200717,2,2025-07-05,OZEM,30
PT200718,1,2025-04-01,TRUL,30
PT200718,2,2025-05-01,TRUL,30
PT200718,3,2025-05-31,TRUL,90
PT200718,4,2025-08-29,TRUL,90
PT200718,5,2025-12-04,TRUL,90
PT200718,6,2026-03-19,MOUN,90
PT200719,1,2024-10-04,MOUN,30
PT200719,2,2024-11-03,MOUN,30
PT200719,3,2024-12-03,MOUN,90
PT200719,4,2025-03-03,MOUN,90
PT200719,5,2025-06-01,MOUN,90
PT200719,6,2025-08-30,MOUN,30
PT200719,7,2025-10-02,MOUN,90
PT200719,8,2026-01-07,MOUN,90
PT200719,9,2026-04-22,MOUN,90
PT200719,10,2026-07-21,MOUN,30
PT200719,11,2026-08-20,MOUN,90
PT200720,1,2025-12-06,MOUN,30
PT200720,2,2026-01-05,MOUN,30
PT200720,3,2026-02-04,MOUN,90
PT200720,4,2026-05-05,MOUN,90
PT200720,5,2026-08-06,MOUN,90
PT200721,1,2025-11-15,TRUL,30
PT200721,2,2025-12-15,TRUL,30
PT200721,3,2026-01-17,TRUL,90
PT200721,4,2026-04-17,TRUL,90
PT200721,5,2026-07-16,TRUL,30
PT200721,6,2026-08-15,TRUL,90
PT200722,1,2025-05-11,TRUL,30
PT200722,2,2025-06-10,TRUL,30
PT200722,3,2025-07-10,TRUL,90
PT200722,4,2025-10-23,TRUL,90
PT200722,5,2026-01-21,TRUL,90
PT200722,6,2026-04-21,TRUL,90
PT200722,7,2026-07-20,TRUL,30
PT200723,1,2024-12-20,OZEM,30
PT200723,2,2025-01-22,OZEM,30
PT200724,1,2024-10-02,RYBL,30
PT200724,2,2024-11-01,MOUN,30
PT200724,3,2024-12-01,MOUN,90
PT200725,1,2025-03-18,OZEM,30
PT200725,2,2025-03-28,OZEM,30
PT200725,3,2025-04-27,MOUN,30
PT200725,4,2025-05-30,MOUN,90
PT200725,5,2025-08-28,MOUN,90
PT200725,6,2025-11-26,MOUN,90
PT200725,7,2026-02-24,MOUN,90
PT200726,1,2025-09-12,TRUL,30
PT200726,2,2025-10-19,TRUL,30
PT200726,3,2025-10-29,TRUL,90
PT200726,4,2026-01-27,TRUL,90
PT200726,5,2026-04-30,TRUL,30
PT200726,6,2026-05-30,TRUL,90
PT200726,7,2026-08-28,TRUL,30
PT200727,1,2024-09-23,OZEM,30
PT200727,2,2024-10-23,OZEM,30
PT200727,3,2024-11-22,OZEM,30
PT200727,4,2024-12-22,OZEM,90
PT200727,5,2025-03-25,OZEM,90
PT200727,6,2025-06-26,OZEM,90
PT200727,7,2025-09-24,OZEM,30
PT200727,8,2025-10-24,OZEM,90
PT200727,9,2026-01-22,OZEM,90
PT200727,10,2026-04-25,OZEM,30
PT200727,11,2026-05-28,OZEM,90
PT200727,12,2026-08-26,OZEM,30
PT200728,1,2025-10-18,MOUN,30
PT200728,2,2025-11-17,TRUL,30
PT200728,3,2025-12-17,TRUL,90
PT200728,4,2026-03-17,TRUL,90
PT200728,5,2026-06-15,TRUL,30
PT200728,6,2026-07-15,TRUL,90
PT200729,1,2025-11-09,MOUN,30
PT200729,2,2025-12-09,MOUN,30
PT200729,3,2026-01-08,MOUN,90
PT200729,4,2026-04-11,MOUN,30
PT200729,5,2026-05-11,MOUN,90
PT200729,6,2026-08-12,MOUN,30
PT200730,1,2026-02-13,RYBL,30
PT200730,2,2026-03-15,RYBL,30
PT200730,3,2026-04-14,RYBL,90
PT200730,4,2026-07-13,RYBL,90
PT200731,1,2025-03-26,MOUN,30
PT200731,2,2025-04-25,MOUN,30
PT200731,3,2025-05-25,MOUN,90
PT200731,4,2025-08-23,MOUN,30
PT200732,1,2026-02-10,MOUN,30
PT200732,2,2026-03-12,MOUN,30
PT200732,3,2026-04-11,MOUN,90
PT200732,4,2026-07-10,MOUN,30
PT200732,5,2026-08-09,MOUN,30
PT200733,1,2025-02-20,MOUN,30
PT200733,2,2025-03-29,MOUN,30
PT200733,3,2025-05-01,MOUN,90
PT200733,4,2025-07-30,MOUN,90
PT200733,5,2025-10-28,MOUN,90
PT200733,6,2026-01-26,MOUN,90
PT200733,7,2026-04-26,MOUN,90
PT200733,8,2026-08-09,MOUN,90
PT200734,1,2026-01-24,MOUN,30
PT200734,2,2026-02-23,MOUN,30
PT200734,3,2026-03-25,MOUN,90
PT200734,4,2026-06-23,MOUN,90
PT200735,1,2024-11-19,OZEM,30
PT200735,2,2024-12-19,OZEM,30
PT200735,3,2025-01-18,OZEM,90
PT200735,4,2025-04-21,OZEM,30
PT200735,5,2025-05-21,OZEM,90
PT200735,6,2025-08-19,OZEM,30
PT200735,7,2025-09-18,OZEM,90
PT200735,8,2025-12-17,OZEM,90
PT200735,9,2026-03-17,OZEM,30
PT200735,10,2026-04-16,OZEM,90
PT200736,1,2025-02-10,MOUN,30
PT200736,2,2025-03-12,MOUN,30
PT200736,3,2025-04-11,MOUN,90
PT200736,4,2025-07-10,MOUN,90
PT200736,5,2025-10-11,MOUN,90
PT200736,6,2026-01-12,MOUN,30
PT200737,1,2024-11-27,OZEM,30
PT200737,2,2024-12-27,OZEM,30
PT200737,3,2025-01-26,OZEM,90
PT200737,4,2025-04-26,OZEM,30
PT200737,5,2025-05-26,OZEM,90
PT200738,1,2025-12-22,RYBL,30
PT200738,2,2026-01-21,RYBL,30
PT200738,3,2026-02-20,RYBL,30
PT200738,4,2026-03-22,RYBL,90
PT200739,1,2025-03-21,OZEM,30
PT200739,2,2025-04-23,OZEM,30
PT200739,3,2025-05-23,OZEM,90
PT200739,4,2025-08-24,OZEM,90
PT200739,5,2025-11-22,OZEM,30
PT200739,6,2025-12-22,OZEM,90
PT200739,7,2026-03-25,OZEM,90
PT200739,8,2026-06-23,OZEM,90
PT200740,1,2025-11-04,OZEM,30
PT200740,2,2025-12-07,OZEM,30
PT200740,3,2025-12-22,OZEM,90
PT200740,4,2026-03-22,OZEM,90
PT200740,5,2026-06-20,OZEM,90
PT200741,1,2025-07-19,OZEM,30
PT200741,2,2025-08-18,OZEM,30
PT200741,3,2025-09-17,OZEM,30
PT200741,4,2025-10-17,OZEM,90
PT200741,5,2026-01-22,OZEM,30
PT200741,6,2026-02-21,OZEM,30
PT200741,7,2026-03-23,OZEM,90
PT200741,8,2026-06-21,OZEM,90
PT200742,1,2025-02-20,TRUL,30
PT200742,2,2025-03-22,TRUL,30
PT200743,1,2025-12-13,MOUN,30
PT200743,2,2026-01-12,MOUN,30
PT200743,3,2026-02-11,MOUN,90
PT200743,4,2026-05-12,MOUN,90
PT200743,5,2026-08-10,MOUN,90
PT200744,1,2025-03-10,TRUL,30
PT200744,2,2025-04-09,TRUL,30
PT200744,3,2025-05-09,TRUL,90
PT200744,4,2025-08-07,TRUL,30
PT200744,5,2025-09-06,TRUL,90
PT200744,6,2025-12-05,TRUL,90
PT200744,7,2026-03-05,TRUL,30
PT200744,8,2026-04-04,TRUL,90
PT200744,9,2026-07-03,TRUL,90
PT200745,1,2025-07-31,OZEM,30
PT200745,2,2025-09-06,OZEM,30
PT200745,3,2025-10-06,MOUN,90
PT200745,4,2026-01-04,MOUN,90
PT200745,5,2026-04-04,MOUN,90
PT200745,6,2026-07-03,MOUN,90
PT200746,1,2026-03-12,TRUL,30
PT200746,2,2026-04-11,TRUL,30
PT200746,3,2026-05-11,TRUL,30
PT200746,4,2026-06-10,TRUL,90
PT200747,1,2025-03-21,TRUL,30
PT200747,2,2025-04-20,TRUL,30
PT200747,3,2025-05-20,TRUL,30
PT200747,4,2025-06-19,TRUL,90
PT200747,5,2025-09-17,TRUL,30
PT200747,6,2025-10-17,TRUL,90
PT200747,7,2026-01-15,TRUL,90
PT200749,1,2024-11-14,RYBL,30
PT200749,2,2024-12-17,RYBL,30
PT200749,3,2025-01-16,RYBL,30
PT200749,4,2025-02-15,RYBL,90
PT200749,5,2025-05-16,RYBL,90
PT200750,1,2026-03-06,MOUN,30
PT200750,2,2026-04-12,MOUN,30
PT200751,1,2025-04-26,MOUN,30
PT200751,2,2025-05-26,MOUN,30
PT200751,3,2025-06-25,MOUN,30
PT200751,4,2025-08-09,MOUN,90
PT200751,5,2025-11-07,MOUN,30
PT200751,6,2025-12-07,MOUN,90
PT200751,7,2026-03-07,MOUN,90
PT200752,1,2025-08-30,MOUN,30
PT200752,2,2025-10-06,MOUN,30
PT200752,3,2025-11-08,MOUN,90
PT200752,4,2026-02-06,MOUN,90
PT200753,1,2025-12-10,OZEM,30
PT200753,2,2026-01-09,OZEM,30
PT200753,3,2026-02-08,OZEM,90
PT200753,4,2026-05-09,OZEM,30
PT200753,5,2026-06-08,OZEM,90
PT200754,1,2025-04-25,MOUN,30
PT200754,2,2025-05-25,MOUN,30
PT200754,3,2025-06-24,MOUN,90
PT200754,4,2025-09-22,MOUN,30
PT200754,5,2025-10-22,MOUN,90
PT200754,6,2026-01-20,MOUN,30
PT200754,7,2026-02-19,MOUN,90
PT200754,8,2026-05-20,MOUN,30
PT200755,1,2025-11-23,OZEM,30
PT200755,2,2025-12-23,OZEM,30
PT200755,3,2026-02-06,MOUN,90
PT200756,1,2025-09-13,OZEM,30
PT200756,2,2025-10-16,OZEM,30
PT200756,3,2025-11-18,OZEM,90
PT200756,4,2026-02-16,OZEM,30
PT200756,5,2026-03-18,OZEM,90
PT200756,6,2026-06-19,OZEM,30
PT200756,7,2026-07-22,OZEM,90
PT200758,1,2025-06-17,TRUL,30
PT200758,2,2025-07-05,TRUL,30
PT200758,3,2025-08-04,TRUL,30
PT200758,4,2025-09-03,TRUL,30
PT200758,5,2025-10-03,TRUL,90
PT200758,6,2026-01-01,TRUL,30
PT200758,7,2026-01-31,TRUL,30
PT200759,1,2025-11-01,OZEM,30
PT200760,1,2024-11-14,TRUL,30
PT200760,2,2024-12-14,TRUL,30
PT200760,3,2025-01-13,TRUL,90
PT200760,4,2025-04-13,TRUL,30
PT200760,5,2025-05-13,TRUL,90
PT200760,6,2025-08-11,TRUL,90
PT200760,7,2025-11-12,TRUL,30
PT200760,8,2025-11-27,TRUL,90
PT200760,9,2026-02-25,TRUL,30
PT200760,10,2026-03-30,TRUL,30
PT200760,11,2026-05-06,TRUL,30
PT200760,12,2026-06-05,MOUN,90
PT200761,1,2026-01-21,OZEM,30
PT200761,2,2026-02-20,OZEM,30
PT200761,3,2026-03-22,OZEM,30
PT200761,4,2026-04-21,OZEM,30
PT200761,5,2026-05-21,OZEM,90
PT200761,6,2026-08-19,OZEM,90
PT200762,1,2025-04-01,OZEM,30
PT200762,2,2025-05-01,OZEM,30
PT200762,3,2025-06-03,OZEM,90
PT200763,1,2025-09-30,TRUL,30
PT200763,2,2025-10-30,TRUL,30
PT200763,3,2025-11-29,TRUL,30
PT200763,4,2025-12-29,RYBL,90
PT200763,5,2026-03-29,RYBL,90
PT200763,6,2026-06-27,RYBL,90
PT200765,1,2025-06-10,MOUN,30
PT200765,2,2025-07-10,MOUN,30
PT200765,3,2025-08-09,MOUN,30
PT200766,1,2026-02-08,MOUN,30
PT200766,2,2026-03-10,MOUN,30
PT200766,3,2026-04-09,MOUN,90
PT200766,4,2026-07-08,MOUN,90
PT200767,1,2025-10-16,OZEM,30
PT200767,2,2025-11-15,OZEM,30
PT200767,3,2025-12-15,OZEM,90
PT200767,4,2026-03-15,OZEM,90
PT200767,5,2026-06-13,OZEM,90
PT200768,1,2025-04-29,OZEM,30
PT200768,2,2025-05-29,OZEM,30
PT200768,3,2025-06-28,OZEM,90
PT200768,4,2025-09-26,OZEM,90
PT200768,5,2026-01-01,OZEM,90
PT200768,6,2026-01-17,OZEM,90
PT200768,7,2026-04-17,OZEM,30
PT200769,1,2025-05-13,TRUL,30
PT200769,2,2025-06-12,TRUL,30
PT200769,3,2025-07-19,TRUL,30
PT200769,4,2025-09-02,MOUN,90
PT200769,5,2025-12-01,MOUN,30
PT200769,6,2025-12-31,MOUN,30
PT200769,7,2026-01-30,MOUN,90
PT200769,8,2026-04-30,MOUN,90
PT200769,9,2026-07-29,MOUN,90
PT200770,1,2024-11-24,MOUN,30
PT200770,2,2024-12-31,MOUN,30
PT200770,3,2025-01-30,MOUN,90
PT200770,4,2025-04-30,MOUN,90
PT200770,5,2025-07-29,TRUL,30
PT200770,6,2025-09-04,TRUL,90
PT200770,7,2025-12-03,TRUL,30
PT200770,8,2026-01-05,TRUL,90
PT200770,9,2026-04-08,TRUL,30
PT200771,1,2025-02-15,OZEM,30
PT200771,2,2025-03-17,OZEM,30
PT200771,3,2025-04-01,OZEM,90
PT200772,1,2024-09-04,TRUL,30
PT200772,2,2024-10-04,TRUL,30
PT200772,3,2024-11-03,TRUL,90
PT200772,4,2025-02-01,MOUN,90
PT200772,5,2025-02-21,MOUN,90
PT200772,6,2025-05-22,MOUN,30
PT200772,7,2025-06-21,MOUN,90
PT200772,8,2025-09-19,MOUN,30
PT200772,9,2025-10-19,MOUN,90
PT200772,10,2026-01-17,MOUN,90
PT200772,11,2026-04-24,MOUN,90
PT200773,1,2025-03-15,OZEM,30
PT200773,2,2025-04-21,OZEM,30
PT200773,3,2025-05-28,OZEM,90
PT200773,4,2025-08-26,OZEM,30
PT200773,5,2025-09-25,OZEM,30
PT200773,6,2025-10-25,OZEM,90
PT200773,7,2026-01-30,OZEM,90
PT200773,8,2026-04-30,OZEM,90
PT200774,1,2025-09-02,MOUN,30
PT200774,2,2025-10-02,MOUN,30
PT200774,3,2025-11-01,MOUN,30
PT200774,4,2025-12-16,MOUN,30
PT200774,5,2026-01-15,MOUN,90
PT200774,6,2026-04-15,MOUN,90
PT200774,7,2026-07-14,MOUN,90
PT200775,1,2024-12-23,MOUN,30
PT200775,2,2025-01-22,MOUN,30
PT200775,3,2025-02-21,MOUN,90
PT200775,4,2025-05-22,MOUN,30
PT200776,1,2025-07-29,MOUN,30
PT200776,2,2025-08-28,MOUN,30
PT200776,3,2025-09-27,MOUN,90
PT200777,1,2025-08-28,OZEM,30
PT200779,1,2025-02-17,TRUL,30
PT200779,2,2025-03-19,TRUL,30
PT200779,3,2025-04-18,TRUL,90
PT200779,4,2025-07-17,TRUL,90
PT200779,5,2025-10-15,TRUL,90
PT200779,6,2026-01-20,TRUL,90
PT200779,7,2026-04-20,OZEM,90
PT200779,8,2026-07-19,OZEM,90
PT200780,1,2025-08-25,TRUL,30
PT200780,2,2025-09-27,TRUL,30
PT200780,3,2025-10-27,TRUL,90
PT200780,4,2026-01-28,TRUL,90
PT200780,5,2026-04-28,TRUL,90
PT200780,6,2026-07-27,TRUL,30
PT200781,1,2025-08-07,TRUL,30
PT200781,2,2025-09-06,TRUL,30
PT200781,3,2025-10-06,TRUL,30
PT200781,4,2025-11-05,TRUL,90
PT200781,5,2026-02-03,MOUN,90
PT200781,6,2026-05-04,MOUN,30
PT200781,7,2026-06-03,MOUN,90
PT200782,1,2025-10-14,MOUN,30
PT200782,2,2025-11-20,MOUN,30
PT200782,3,2025-12-20,MOUN,90
PT200782,4,2026-03-23,MOUN,90
PT200782,5,2026-06-28,MOUN,30
PT200783,1,2025-03-26,MOUN,30
PT200783,2,2025-04-25,MOUN,30
PT200783,3,2025-05-25,MOUN,90
PT200783,4,2025-08-23,MOUN,30
PT200784,1,2025-08-06,OZEM,30
PT200784,2,2025-09-05,OZEM,30
PT200784,3,2025-10-05,OZEM,90
PT200784,4,2026-01-10,OZEM,30
PT200784,5,2026-02-09,OZEM,90
PT200785,1,2025-12-28,MOUN,30
PT200785,2,2026-01-27,MOUN,30
PT200785,3,2026-02-26,MOUN,90
PT200785,4,2026-05-27,MOUN,90
PT200785,5,2026-08-25,MOUN,90
PT200786,1,2024-10-28,MOUN,30
PT200786,2,2024-11-27,MOUN,30
PT200786,3,2024-12-27,MOUN,90
PT200786,4,2025-03-27,MOUN,30
PT200786,5,2025-05-03,MOUN,30
PT200786,6,2025-06-09,MOUN,90
PT200787,1,2024-12-15,RYBL,30
PT200787,2,2025-01-14,RYBL,30
PT200787,3,2025-02-13,RYBL,30
PT200787,4,2025-03-18,RYBL,90
PT200787,5,2025-06-16,RYBL,90
PT200787,6,2025-09-14,RYBL,90
PT200787,7,2025-12-13,RYBL,90
PT200787,8,2026-03-13,RYBL,30
PT200787,9,2026-04-12,RYBL,30
PT200787,10,2026-05-12,RYBL,90
PT200787,11,2026-08-10,RYBL,90
PT200788,1,2025-03-26,RYBL,30
PT200788,2,2025-05-02,RYBL,30
PT200788,3,2025-06-01,RYBL,90
PT200789,1,2024-11-19,TRUL,30
PT200789,2,2024-12-22,TRUL,30
PT200789,3,2025-01-21,TRUL,90
PT200789,4,2025-04-21,TRUL,30
PT200789,5,2025-05-21,TRUL,30
PT200789,6,2025-07-05,TRUL,90
PT200789,7,2025-10-03,OZEM,90
PT200789,8,2026-01-01,OZEM,90
PT200789,9,2026-04-01,RYBL,30
PT200789,10,2026-05-01,RYBL,90
PT200789,11,2026-07-30,RYBL,90
PT200790,1,2025-02-17,MOUN,30
PT200790,2,2025-03-19,MOUN,30
PT200790,3,2025-04-18,MOUN,90
PT200790,4,2025-07-24,MOUN,90
PT200790,5,2025-10-22,MOUN,90
PT200790,6,2026-01-20,MOUN,30
PT200790,7,2026-02-19,MOUN,90
PT200790,8,2026-05-20,MOUN,30
PT200790,9,2026-06-19,MOUN,90
PT200791,1,2025-07-14,TRUL,30
PT200791,2,2025-08-13,TRUL,30
PT200791,3,2025-09-12,TRUL,90
PT200791,4,2025-12-11,TRUL,90
PT200791,5,2026-03-14,TRUL,90
PT200792,1,2025-05-20,MOUN,30
PT200792,2,2025-06-19,MOUN,30
PT200792,3,2025-07-19,MOUN,90
PT200792,4,2025-10-17,OZEM,30
PT200792,5,2025-11-16,OZEM,90
PT200792,6,2026-02-14,OZEM,90
PT200792,7,2026-05-18,OZEM,90
PT200792,8,2026-08-16,OZEM,30
PT200793,1,2025-08-03,OZEM,30
PT200793,2,2025-09-02,OZEM,30
PT200793,3,2025-10-17,OZEM,90
PT200793,4,2026-01-15,RYBL,90
PT200794,1,2025-09-09,MOUN,30
PT200794,2,2025-10-09,MOUN,30
PT200794,3,2025-11-08,MOUN,90
PT200794,4,2026-02-06,MOUN,90
PT200795,1,2025-04-18,OZEM,30
PT200795,2,2025-05-18,OZEM,30
PT200795,3,2025-06-04,OZEM,90
PT200795,4,2025-09-02,OZEM,90
PT200795,5,2025-12-01,OZEM,90
PT200795,6,2026-03-01,OZEM,30
PT200795,7,2026-03-31,OZEM,90
PT200795,8,2026-06-29,OZEM,30
PT200795,9,2026-07-29,OZEM,90
PT200796,1,2026-02-11,OZEM,30
PT200796,2,2026-03-13,OZEM,30
PT200796,3,2026-03-29,OZEM,90
PT200796,4,2026-06-27,OZEM,30
PT200796,5,2026-07-27,OZEM,30
PT200796,6,2026-08-29,OZEM,90
PT200797,1,2026-02-09,TRUL,30
PT200797,2,2026-03-11,TRUL,30
PT200797,3,2026-04-10,TRUL,90
PT200797,4,2026-07-09,TRUL,30
PT200797,5,2026-08-23,MOUN,30
PT200798,1,2026-01-19,TRUL,30
PT200798,2,2026-02-18,TRUL,30
PT200798,3,2026-03-20,TRUL,90
PT200798,4,2026-06-18,TRUL,90
PT200799,1,2024-11-27,TRUL,30
PT200799,2,2024-12-27,TRUL,30
PT200799,3,2025-01-26,TRUL,30
PT200799,4,2025-02-25,TRUL,90
PT200799,5,2025-05-26,TRUL,90
PT200799,6,2025-08-27,TRUL,90
PT200800,1,2025-07-07,MOUN,30
PT200800,2,2025-08-06,MOUN,30
PT200800,3,2025-09-08,MOUN,90
PT200800,4,2025-12-07,MOUN,30
PT200800,5,2026-01-21,MOUN,30
PT200800,6,2026-02-20,MOUN,90
PT200800,7,2026-06-05,MOUN,30
PT200800,8,2026-07-12,MOUN,90
PT200801,1,2025-06-30,RYBL,30
PT200801,2,2025-07-30,RYBL,30
PT200801,3,2025-08-29,RYBL,30
PT200803,1,2025-06-04,TRUL,30
PT200803,2,2025-07-04,TRUL,30
PT200803,3,2025-08-03,TRUL,30
PT200803,4,2025-09-02,TRUL,90
PT200803,5,2025-12-01,TRUL,30
PT200803,6,2025-12-31,TRUL,90
PT200803,7,2026-03-31,TRUL,30
PT200803,8,2026-05-03,TRUL,30
PT200803,9,2026-06-02,TRUL,90
PT200804,1,2026-02-16,OZEM,30
PT200804,2,2026-03-21,OZEM,30
PT200804,3,2026-04-06,OZEM,90
PT200804,4,2026-07-05,OZEM,90
PT200806,1,2026-03-02,OZEM,30
PT200806,2,2026-04-01,OZEM,30
PT200806,3,2026-05-01,OZEM,90
PT200806,4,2026-07-30,OZEM,30
PT200806,5,2026-08-29,MOUN,30
PT200807,1,2025-07-08,OZEM,30
PT200807,2,2025-08-07,MOUN,30
PT200807,3,2025-09-06,MOUN,90
PT200807,4,2025-12-05,MOUN,30
PT200807,5,2026-01-04,MOUN,30
PT200807,6,2026-02-03,MOUN,90
PT200807,7,2026-05-04,MOUN,30
PT200808,1,2025-03-31,TRUL,30
PT200808,2,2025-04-30,TRUL,30
PT200808,3,2025-06-06,TRUL,90
PT200808,4,2025-09-04,TRUL,90
PT200808,5,2025-12-03,TRUL,90
PT200808,6,2026-03-03,TRUL,30
PT200808,7,2026-04-09,TRUL,30
PT200808,8,2026-05-24,TRUL,90
PT200809,1,2025-03-04,OZEM,30
PT200809,2,2025-04-03,OZEM,30
PT200809,3,2025-05-06,OZEM,30
PT200809,4,2025-06-08,OZEM,30
PT200809,5,2025-07-08,OZEM,90
PT200809,6,2025-10-06,OZEM,90
PT200809,7,2026-01-04,OZEM,90
PT200809,8,2026-04-04,OZEM,90
PT200810,1,2025-06-23,MOUN,30
PT200810,2,2025-07-23,MOUN,30
PT200810,3,2025-08-22,MOUN,90
PT200810,4,2025-11-20,MOUN,90
PT200810,5,2026-02-18,MOUN,90
PT200810,6,2026-05-19,MOUN,90
PT200810,7,2026-08-24,MOUN,90
PT200811,1,2024-11-04,MOUN,30
PT200811,2,2024-12-04,MOUN,30
PT200811,3,2025-01-03,MOUN,90
PT200811,4,2025-04-06,MOUN,30
PT200811,5,2025-05-06,MOUN,90
PT200812,1,2025-10-18,RYBL,30
PT200812,2,2025-11-17,RYBL,30
PT200812,3,2025-12-20,RYBL,90
PT200812,4,2026-03-20,RYBL,90
PT200812,5,2026-06-21,RYBL,90
PT200813,1,2025-10-18,MOUN,30
PT200813,2,2025-11-17,MOUN,30
PT200813,3,2025-12-17,MOUN,90
PT200813,4,2026-03-17,MOUN,30
PT200813,5,2026-04-23,MOUN,90
PT200814,1,2024-10-02,OZEM,30
PT200814,2,2024-11-08,OZEM,30
PT200814,3,2024-12-11,OZEM,30
PT200814,4,2025-01-10,OZEM,90
PT200814,5,2025-04-10,MOUN,90
PT200816,1,2024-11-06,MOUN,30
PT200816,2,2024-12-06,MOUN,30
PT200816,3,2025-01-08,MOUN,30
PT200816,4,2025-02-10,MOUN,30
PT200816,5,2025-03-12,MOUN,90
PT200816,6,2025-06-10,MOUN,90
PT200816,7,2025-09-08,MOUN,30
PT200817,1,2025-07-26,TRUL,30
PT200817,2,2025-08-28,TRUL,30
PT200817,3,2025-10-04,TRUL,90
PT200817,4,2026-01-02,TRUL,30
PT200817,5,2026-02-01,TRUL,30
PT200817,6,2026-03-06,TRUL,90
PT200817,7,2026-06-04,TRUL,90
PT200819,1,2026-02-27,MOUN,30
PT200819,2,2026-03-29,MOUN,30
PT200819,3,2026-04-28,MOUN,30
PT200819,4,2026-05-28,MOUN,90
PT200819,5,2026-08-26,MOUN,90
PT200820,1,2024-10-03,RYBL,30
PT200820,2,2024-11-02,RYBL,30
PT200820,3,2024-12-02,RYBL,30
PT200820,4,2025-01-01,RYBL,30
PT200820,5,2025-02-15,RYBL,90
PT200820,6,2025-05-31,RYBL,90
PT200820,7,2025-08-29,RYBL,30
PT200820,8,2025-10-05,RYBL,30
PT200820,9,2025-11-04,RYBL,90
PT200820,10,2026-02-02,RYBL,30
PT200820,11,2026-03-04,RYBL,90
PT200820,12,2026-06-09,RYBL,90
PT200821,1,2026-01-21,OZEM,30
PT200821,2,2026-02-20,OZEM,30
PT200821,3,2026-03-22,OZEM,90
PT200821,4,2026-06-20,OZEM,30
PT200821,5,2026-07-20,OZEM,30
PT200821,6,2026-08-19,OZEM,90
PT200822,1,2025-06-20,MOUN,30
PT200822,2,2025-07-20,MOUN,30
PT200822,3,2025-08-19,TRUL,90
PT200822,4,2025-11-17,TRUL,30
PT200822,5,2025-12-17,TRUL,30
PT200822,6,2026-01-16,TRUL,90
PT200822,7,2026-04-19,TRUL,90
PT200822,8,2026-08-02,TRUL,30
PT200823,1,2025-03-08,RYBL,30
PT200823,2,2025-04-07,MOUN,30
PT200823,3,2025-05-07,MOUN,90
PT200823,4,2025-08-05,MOUN,90
PT200823,5,2025-11-03,MOUN,90
PT200823,6,2026-02-01,MOUN,90
PT200823,7,2026-05-02,MOUN,90
PT200823,8,2026-07-31,MOUN,30
PT200823,9,2026-08-30,MOUN,90
PT200824,1,2025-02-22,TRUL,30
PT200824,2,2025-03-31,TRUL,30
PT200824,3,2025-04-30,TRUL,30
PT200824,4,2025-05-30,TRUL,30
PT200824,5,2025-06-29,TRUL,90
PT200826,1,2025-08-24,OZEM,30
PT200826,2,2025-09-23,OZEM,30
PT200826,3,2025-10-23,OZEM,30
PT200826,4,2025-11-22,OZEM,90
PT200826,5,2026-02-20,OZEM,90
PT200827,1,2024-09-25,OZEM,30
PT200827,2,2024-10-25,OZEM,30
PT200827,3,2024-12-01,OZEM,30
PT200827,4,2024-12-31,OZEM,30
PT200827,5,2025-01-30,OZEM,90
PT200827,6,2025-04-30,OZEM,30
PT200827,7,2025-05-30,OZEM,90
PT200827,8,2025-08-28,OZEM,90
PT200827,9,2025-11-29,OZEM,90
PT200827,10,2026-03-14,OZEM,90
PT200827,11,2026-06-12,OZEM,90
PT200828,1,2025-12-31,TRUL,30
PT200828,2,2026-02-02,TRUL,30
PT200828,3,2026-03-11,TRUL,90
PT200828,4,2026-06-09,TRUL,30
PT200828,5,2026-07-09,TRUL,90
PT200829,1,2025-01-14,MOUN,30
PT200829,2,2025-02-13,MOUN,30
PT200829,3,2025-03-15,MOUN,90
PT200829,4,2025-06-13,TRUL,30
PT200829,5,2025-07-13,TRUL,30
PT200829,6,2025-08-12,TRUL,30
PT200829,7,2025-09-11,TRUL,90
PT200829,8,2025-12-10,TRUL,90
PT200829,9,2026-03-10,TRUL,30
PT200830,1,2024-09-25,MOUN,30
PT200831,1,2024-12-03,OZEM,30
PT200831,2,2025-01-02,OZEM,30
PT200831,3,2025-02-01,OZEM,30
PT200831,4,2025-03-03,OZEM,90
PT200831,5,2025-06-04,OZEM,30
PT200831,6,2025-07-04,OZEM,90
PT200831,7,2025-10-02,OZEM,90
PT200831,8,2025-12-31,OZEM,30
PT200831,9,2026-02-02,OZEM,30
PT200831,10,2026-03-04,OZEM,90
PT200831,11,2026-06-05,OZEM,90
PT200832,1,2025-07-19,TRUL,30
PT200832,2,2025-08-18,TRUL,30
PT200833,1,2025-03-02,MOUN,30
PT200833,2,2025-04-01,MOUN,30
PT200833,3,2025-05-01,MOUN,90
PT200833,4,2025-07-30,MOUN,90
PT200834,1,2025-08-15,MOUN,30
PT200834,2,2025-09-14,MOUN,30
PT200834,3,2025-10-14,MOUN,90
PT200834,4,2026-01-12,MOUN,90
PT200834,5,2026-04-15,MOUN,30
PT200834,6,2026-05-06,MOUN,90
PT200834,7,2026-08-04,MOUN,90
PT200835,1,2024-12-08,RYBL,30
PT200835,2,2025-01-07,RYBL,30
PT200836,1,2024-12-23,RYBL,30
PT200836,2,2025-01-22,RYBL,30
PT200836,3,2025-02-24,RYBL,90
PT200837,1,2025-11-29,OZEM,30
PT200837,2,2025-12-29,OZEM,30
PT200837,3,2026-01-28,OZEM,30
PT200838,1,2026-01-09,MOUN,30
PT200839,1,2025-06-10,MOUN,30
PT200839,2,2025-07-10,MOUN,30
PT200839,3,2025-08-16,MOUN,90
PT200839,4,2025-11-14,MOUN,90
PT200839,5,2026-02-12,MOUN,30
PT200839,6,2026-03-14,MOUN,90
PT200840,1,2026-02-18,MOUN,30
PT200840,2,2026-03-20,MOUN,30
PT200840,3,2026-04-19,MOUN,90
PT200841,1,2025-10-25,OZEM,30
PT200841,2,2025-12-01,OZEM,30
PT200841,3,2025-12-31,OZEM,90
PT200841,4,2026-03-31,OZEM,90
PT200841,5,2026-06-29,OZEM,30
PT200841,6,2026-07-29,OZEM,90
PT200842,1,2025-11-20,TRUL,30
PT200842,2,2026-01-04,TRUL,30
PT200842,3,2026-02-03,TRUL,90
PT200842,4,2026-05-04,TRUL,90
PT200843,1,2025-10-16,OZEM,30
PT200843,2,2025-11-15,OZEM,30
PT200843,3,2025-12-15,OZEM,90
PT200843,4,2026-03-15,OZEM,90
PT200843,5,2026-06-13,OZEM,30
PT200843,6,2026-07-13,OZEM,30
PT200843,7,2026-08-15,OZEM,90
PT200844,1,2026-01-26,MOUN,30
PT200844,2,2026-02-25,MOUN,30
PT200844,3,2026-03-15,MOUN,90
PT200844,4,2026-06-13,MOUN,30
PT200844,5,2026-07-20,MOUN,90
PT200845,1,2025-12-03,MOUN,30
PT200845,2,2026-01-02,MOUN,30
PT200845,3,2026-02-01,MOUN,90
PT200845,4,2026-05-02,MOUN,90
PT200845,5,2026-07-31,MOUN,30
PT200845,6,2026-08-17,MOUN,90
PT200846,1,2025-06-24,MOUN,30
PT200847,1,2024-09-15,RYBL,30
PT200847,2,2024-10-15,RYBL,30
PT200847,3,2024-11-14,RYBL,90
PT200847,4,2025-02-12,RYBL,30
PT200847,5,2025-03-14,RYBL,30
PT200847,6,2025-04-16,RYBL,30
PT200847,7,2025-05-16,RYBL,30
PT200847,8,2025-06-15,RYBL,30
PT200847,9,2025-07-15,RYBL,30
PT200848,1,2025-01-14,OZEM,30
PT200848,2,2025-02-13,OZEM,30
PT200848,3,2025-03-22,OZEM,90
PT200848,4,2025-06-20,OZEM,90
PT200848,5,2025-09-18,OZEM,30
PT200848,6,2025-10-18,OZEM,90
PT200848,7,2026-01-19,OZEM,90
PT200848,8,2026-04-22,OZEM,90
PT200848,9,2026-07-21,OZEM,90
PT200849,1,2025-03-03,RYBL,30
PT200849,2,2025-04-05,RYBL,30
PT200849,3,2025-05-05,RYBL,30
PT200849,4,2025-06-04,RYBL,90
PT200849,5,2025-09-17,MOUN,30
PT200850,1,2025-07-14,TRUL,30
PT200850,2,2025-08-13,OZEM,30
PT200850,3,2025-09-12,OZEM,90
PT200850,4,2025-12-11,OZEM,30
PT200850,5,2026-01-10,OZEM,90
PT200850,6,2026-04-17,OZEM,30
PT200850,7,2026-05-17,OZEM,90
PT200850,8,2026-08-15,OZEM,90
PT200851,1,2025-03-02,RYBL,30
PT200851,2,2025-04-01,RYBL,30
PT200852,1,2025-02-14,MOUN,30
PT200852,2,2025-03-19,MOUN,30
PT200852,3,2025-04-18,MOUN,30
PT200852,4,2025-05-18,MOUN,30
PT200852,5,2025-06-17,MOUN,90
PT200852,6,2025-09-15,MOUN,30
PT200852,7,2025-10-22,MOUN,30
PT200852,8,2025-11-24,MOUN,90
PT200852,9,2026-02-25,MOUN,30
PT200853,1,2025-05-15,MOUN,30
PT200853,2,2025-06-14,MOUN,30
PT200853,3,2025-07-14,MOUN,90
PT200853,4,2025-10-12,MOUN,90
PT200855,1,2026-01-30,OZEM,30
PT200856,1,2025-11-11,OZEM,30
PT200856,2,2025-12-14,OZEM,30
PT200856,3,2026-01-13,OZEM,30
PT200856,4,2026-02-12,OZEM,90
PT200856,5,2026-05-16,OZEM,30
PT200856,6,2026-06-15,TRUL,30
PT200856,7,2026-06-29,TRUL,90
PT200857,1,2026-02-14,OZEM,30
PT200857,2,2026-03-16,OZEM,30
PT200858,1,2025-11-03,RYBL,30
PT200858,2,2025-12-03,RYBL,30
PT200858,3,2026-01-02,RYBL,90
PT200858,4,2026-04-02,RYBL,30
PT200858,5,2026-05-02,RYBL,90
PT200858,6,2026-07-31,RYBL,30
PT200858,7,2026-08-30,RYBL,30
PT200859,1,2025-04-27,MOUN,30
PT200859,2,2025-05-27,MOUN,30
PT200859,3,2025-06-26,MOUN,90
PT200859,4,2025-09-24,MOUN,30
PT200859,5,2025-10-24,MOUN,30
PT200859,6,2025-11-26,MOUN,90
PT200859,7,2026-02-24,MOUN,90
PT200859,8,2026-05-25,MOUN,90
PT200859,9,2026-08-23,MOUN,90
PT200860,1,2025-10-30,RYBL,30
PT200860,2,2025-11-29,RYBL,30
PT200861,1,2025-07-07,MOUN,30
PT200861,2,2025-08-06,MOUN,30
PT200861,3,2025-09-05,MOUN,30
PT200861,4,2025-10-12,MOUN,90
PT200861,5,2026-01-10,MOUN,30
PT200861,6,2026-02-09,MOUN,90
PT200861,7,2026-05-10,MOUN,90
PT200861,8,2026-08-08,MOUN,30
PT200862,1,2024-11-19,OZEM,30
PT200862,2,2024-12-19,OZEM,30
PT200862,3,2025-01-18,OZEM,90
PT200862,4,2025-04-21,OZEM,30
PT200862,5,2025-05-21,OZEM,30
PT200862,6,2025-06-23,OZEM,90
PT200862,7,2025-09-21,OZEM,90
PT200862,8,2025-12-20,OZEM,90
PT200862,9,2026-03-23,OZEM,90
PT200862,10,2026-06-21,OZEM,90
PT200863,1,2025-09-13,OZEM,30
PT200863,2,2025-10-13,OZEM,30
PT200863,3,2025-11-15,OZEM,90
PT200863,4,2026-02-13,OZEM,30
PT200863,5,2026-03-15,OZEM,30
PT200863,6,2026-04-14,OZEM,90
PT200863,7,2026-07-13,MOUN,30
PT200863,8,2026-08-12,MOUN,30
PT200864,1,2024-11-02,MOUN,30
PT200864,2,2024-12-02,MOUN,30
PT200864,3,2025-01-04,OZEM,90
PT200864,4,2025-04-04,OZEM,90
PT200864,5,2025-07-03,OZEM,90
PT200864,6,2025-10-01,OZEM,90
PT200864,7,2025-12-30,OZEM,30
PT200864,8,2026-01-29,OZEM,90
PT200865,1,2025-02-26,TRUL,30
PT200865,2,2025-03-28,TRUL,30
PT200865,3,2025-04-27,TRUL,30
PT200865,4,2025-05-27,TRUL,90
PT200865,5,2025-08-25,TRUL,30
PT200865,6,2025-10-01,TRUL,30
PT200865,7,2025-10-31,TRUL,90
PT200865,8,2026-01-29,MOUN,90
PT200865,9,2026-04-29,MOUN,90
PT200865,10,2026-07-28,MOUN,90
PT200866,1,2026-01-22,MOUN,30
PT200866,2,2026-02-21,MOUN,30
PT200866,3,2026-03-23,MOUN,90
PT200866,4,2026-06-21,MOUN,90
PT200869,1,2025-06-30,TRUL,30
PT200869,2,2025-07-30,OZEM,30
PT200869,3,2025-08-29,OZEM,30
PT200869,4,2025-09-28,OZEM,30
PT200869,5,2025-10-28,OZEM,30
PT200869,6,2025-11-27,OZEM,90
PT200869,7,2026-02-28,OZEM,90
PT200869,8,2026-05-29,OZEM,90
PT200869,9,2026-08-27,OZEM,90
PT200870,1,2025-11-02,MOUN,30
PT200870,2,2025-12-05,MOUN,30
PT200871,1,2025-08-23,MOUN,30
PT200871,2,2025-09-12,MOUN,30
PT200871,3,2025-10-12,MOUN,90
PT200871,4,2026-01-10,MOUN,90
PT200871,5,2026-04-10,MOUN,90
PT200871,6,2026-07-09,MOUN,30
PT200871,7,2026-08-08,MOUN,90
PT200872,1,2025-10-30,RYBL,30
PT200872,2,2025-11-29,RYBL,30
PT200872,3,2025-12-29,RYBL,90
PT200872,4,2026-03-29,RYBL,30
PT200873,1,2026-01-25,MOUN,30
PT200874,1,2025-04-30,OZEM,30
PT200874,2,2025-05-30,OZEM,30
PT200874,3,2025-06-29,OZEM,90
PT200874,4,2025-09-27,OZEM,90
PT200874,5,2025-12-26,OZEM,90
PT200874,6,2026-03-26,OZEM,90
PT200874,7,2026-06-24,MOUN,90
PT200875,1,2025-02-24,MOUN,30
PT200876,1,2025-12-17,OZEM,30
PT200876,2,2026-01-16,OZEM,30
PT200876,3,2026-02-02,OZEM,90
PT200876,4,2026-05-03,OZEM,90
PT200877,1,2026-01-17,MOUN,30
PT200878,1,2025-06-08,OZEM,30
PT200878,2,2025-06-23,OZEM,30
PT200878,3,2025-07-23,OZEM,30
PT200878,4,2025-08-22,OZEM,30
PT200878,5,2025-09-21,OZEM,90
PT200878,6,2025-12-20,OZEM,30
PT200878,7,2026-01-19,OZEM,30
PT200878,8,2026-02-18,OZEM,90
PT200878,9,2026-05-22,OZEM,30
PT200878,10,2026-06-21,OZEM,90
PT200879,1,2024-09-16,MOUN,30
PT200879,2,2024-10-16,MOUN,30
PT200879,3,2024-11-18,MOUN,30
PT200879,4,2024-12-21,MOUN,90
PT200879,5,2025-03-21,MOUN,90
PT200879,6,2025-06-19,MOUN,30
PT200879,7,2025-07-19,MOUN,90
PT200879,8,2025-10-17,MOUN,30
PT200879,9,2025-11-16,MOUN,90
PT200879,10,2026-02-14,MOUN,30
PT200879,11,2026-03-16,MOUN,30
PT200879,12,2026-04-15,MOUN,30
PT200879,13,2026-05-15,MOUN,90
PT200879,14,2026-08-13,MOUN,90
PT200880,1,2025-12-25,MOUN,30
PT200880,2,2026-01-24,MOUN,30
PT200880,3,2026-02-23,MOUN,90
PT200880,4,2026-05-24,MOUN,90
PT200880,5,2026-08-22,MOUN,30
PT200881,1,2024-12-20,OZEM,30
PT200881,2,2025-01-19,OZEM,30
PT200881,3,2025-02-18,OZEM,30
PT200881,4,2025-04-04,OZEM,30
PT200881,5,2025-05-04,OZEM,90
PT200881,6,2025-08-05,OZEM,90
PT200881,7,2025-11-06,OZEM,90
PT200881,8,2026-02-04,OZEM,90
PT200881,9,2026-05-05,OZEM,30
PT200881,10,2026-06-04,TRUL,30
PT200882,1,2025-12-01,TRUL,30
PT200883,1,2025-11-30,MOUN,30
PT200883,2,2025-12-30,MOUN,30
PT200883,3,2026-01-29,MOUN,30
PT200883,4,2026-02-28,MOUN,90
PT200883,5,2026-05-29,MOUN,30
PT200883,6,2026-07-13,MOUN,90
PT200884,1,2024-10-21,MOUN,30
PT200885,1,2026-02-20,MOUN,30
PT200885,2,2026-03-25,MOUN,30
PT200885,3,2026-04-24,MOUN,90
PT200885,4,2026-07-23,MOUN,90
PT200887,1,2025-10-24,OZEM,30
PT200887,2,2025-12-08,OZEM,30
PT200887,3,2025-12-25,OZEM,90
PT200887,4,2026-03-25,OZEM,90
PT200888,1,2025-05-07,MOUN,30
PT200888,2,2025-06-06,MOUN,30
PT200888,3,2025-07-06,MOUN,30
PT200888,4,2025-08-08,MOUN,90
PT200888,5,2025-11-09,MOUN,90
PT200888,6,2026-02-07,MOUN,30
PT200888,7,2026-03-09,MOUN,90
PT200889,1,2025-12-06,OZEM,30
PT200889,2,2026-01-05,OZEM,30
PT200889,3,2026-02-04,MOUN,30
PT200889,4,2026-03-06,MOUN,30
PT200889,5,2026-04-05,MOUN,90
PT200889,6,2026-07-04,MOUN,90
PT200890,1,2025-09-28,TRUL,30
PT200890,2,2025-10-28,TRUL,30
PT200890,3,2025-11-27,TRUL,90
PT200890,4,2026-03-04,TRUL,90
PT200890,5,2026-06-02,TRUL,90
PT200891,1,2026-03-29,RYBL,30
PT200891,2,2026-05-01,RYBL,30
PT200891,3,2026-06-07,RYBL,90
PT200892,1,2025-02-19,RYBL,30
PT200892,2,2025-03-24,RYBL,30
PT200892,3,2025-04-23,RYBL,90
PT200892,4,2025-07-22,RYBL,90
PT200893,1,2025-03-28,MOUN,30
PT200893,2,2025-04-27,MOUN,30
PT200893,3,2025-05-27,MOUN,30
PT200893,4,2025-06-26,MOUN,30
PT200894,1,2025-09-16,OZEM,30
PT200894,2,2025-10-16,OZEM,30
PT200894,3,2025-11-18,OZEM,90
PT200894,4,2026-02-19,OZEM,30
PT200894,5,2026-03-21,OZEM,30
PT200894,6,2026-04-20,OZEM,90
PT200894,7,2026-07-26,OZEM,90
PT200896,1,2025-02-07,TRUL,30
PT200896,2,2025-03-24,TRUL,30
PT200896,3,2025-04-23,TRUL,30
PT200896,4,2025-05-23,OZEM,90
PT200896,5,2025-08-21,OZEM,90
PT200896,6,2025-11-19,MOUN,30
PT200896,7,2025-12-19,MOUN,90
PT200896,8,2026-03-19,MOUN,90
PT200896,9,2026-06-17,MOUN,90
PT200897,1,2024-12-05,RYBL,30
PT200898,1,2025-01-08,MOUN,30
PT200898,2,2025-02-07,MOUN,30
PT200898,3,2025-03-24,MOUN,90
PT200898,4,2025-06-22,MOUN,30
PT200898,5,2025-07-22,MOUN,30
PT200898,6,2025-08-24,MOUN,30
PT200898,7,2025-09-23,MOUN,90
PT200898,8,2025-12-22,MOUN,30
PT200899,1,2025-01-09,OZEM,30
PT200899,2,2025-02-11,OZEM,30
PT200899,3,2025-03-13,OZEM,90
PT200899,4,2025-06-26,OZEM,30
PT200899,5,2025-08-02,OZEM,90
PT200899,6,2025-10-31,OZEM,90
PT200899,7,2026-01-29,OZEM,90
PT200900,1,2025-08-17,MOUN,30
PT200900,2,2025-09-16,MOUN,30
PT200900,3,2025-10-16,MOUN,90
PT200900,4,2026-01-14,MOUN,90
PT200900,5,2026-04-14,MOUN,30
PT200900,6,2026-05-21,MOUN,30
PT200901,1,2025-02-12,OZEM,30
PT200901,2,2025-03-21,OZEM,30
PT200901,3,2025-04-20,OZEM,90
PT200901,4,2025-07-19,OZEM,30
PT200901,5,2025-08-18,OZEM,30
PT200901,6,2025-09-17,MOUN,90
PT200901,7,2025-12-16,MOUN,30
PT200901,8,2026-01-15,MOUN,90
PT200901,9,2026-04-15,MOUN,90
PT200901,10,2026-07-14,MOUN,90
PT200902,1,2025-11-15,TRUL,30
PT200902,2,2025-12-15,TRUL,30
PT200902,3,2026-01-14,TRUL,30
PT200902,4,2026-02-13,TRUL,90
PT200902,5,2026-05-14,TRUL,30
PT200902,6,2026-06-13,MOUN,90
PT200903,1,2025-12-13,MOUN,30
PT200903,2,2026-01-12,MOUN,30
PT200903,3,2026-02-11,MOUN,30
PT200903,4,2026-03-13,MOUN,30
PT200903,5,2026-04-12,MOUN,90
PT200903,6,2026-07-11,MOUN,90
PT200904,1,2025-02-08,MOUN,30
PT200904,2,2025-03-10,MOUN,30
PT200904,3,2025-04-09,MOUN,30
PT200904,4,2025-05-09,MOUN,90
PT200904,5,2025-08-07,MOUN,30
PT200904,6,2025-09-06,MOUN,90
PT200904,7,2025-12-05,MOUN,90
PT200904,8,2026-03-12,MOUN,90
PT200905,1,2024-12-28,MOUN,30
PT200905,2,2025-01-27,MOUN,30
PT200905,3,2025-02-26,MOUN,30
PT200905,4,2025-03-28,MOUN,90
PT200905,5,2025-06-26,MOUN,30
PT200905,6,2025-07-26,MOUN,30
PT200905,7,2025-08-25,MOUN,90
PT200905,8,2025-11-23,MOUN,30
PT200905,9,2025-12-23,MOUN,30
PT200905,10,2026-01-22,MOUN,90
PT200905,11,2026-04-22,MOUN,90
PT200905,12,2026-07-21,MOUN,90
PT200906,1,2025-09-16,TRUL,30
PT200906,2,2025-10-16,TRUL,30
PT200906,3,2025-11-15,TRUL,90
PT200906,4,2026-02-13,TRUL,90
PT200906,5,2026-05-14,TRUL,90
PT200906,6,2026-08-12,OZEM,90
PT200907,1,2025-04-08,RYBL,30
PT200907,2,2025-05-08,RYBL,30
PT200907,3,2025-06-07,RYBL,90
PT200907,4,2025-09-05,RYBL,30
PT200907,5,2025-10-05,RYBL,30
PT200907,6,2025-11-04,RYBL,90
PT200907,7,2026-02-02,RYBL,30
PT200907,8,2026-03-07,RYBL,30
PT200907,9,2026-04-06,RYBL,30
PT200907,10,2026-05-13,RYBL,90
PT200907,11,2026-08-11,OZEM,90
PT200909,1,2025-10-23,OZEM,30
PT200909,2,2025-11-22,OZEM,30
PT200909,3,2025-12-22,OZEM,30
PT200910,1,2025-11-25,TRUL,30
PT200910,2,2025-12-25,TRUL,30
PT200910,3,2026-01-24,OZEM,30
PT200911,1,2025-07-21,MOUN,30
PT200911,2,2025-08-20,MOUN,30
PT200911,3,2025-09-19,MOUN,90
PT200911,4,2025-12-18,MOUN,90
PT200911,5,2026-03-18,MOUN,30
PT200911,6,2026-05-02,MOUN,30
PT200911,7,2026-06-16,MOUN,30
PT200911,8,2026-07-16,MOUN,90
PT200912,1,2025-03-12,RYBL,30
PT200912,2,2025-04-11,RYBL,30
PT200912,3,2025-05-11,RYBL,90
PT200912,4,2025-08-16,RYBL,90
PT200912,5,2025-11-14,RYBL,90
PT200912,6,2026-02-15,RYBL,90
PT200912,7,2026-05-16,RYBL,90
PT200912,8,2026-08-14,MOUN,30
PT200913,1,2025-06-24,MOUN,30
PT200913,2,2025-07-24,MOUN,30
PT200913,3,2025-08-23,MOUN,90
PT200913,4,2025-11-21,MOUN,90
PT200913,5,2026-02-19,MOUN,90
PT200913,6,2026-05-20,MOUN,30
PT200913,7,2026-06-19,RYBL,90
PT200914,1,2025-01-24,RYBL,30
PT200914,2,2025-02-23,RYBL,30
PT200914,3,2025-04-01,RYBL,90
PT200914,4,2025-07-15,RYBL,90
PT200914,5,2025-10-13,RYBL,90
PT200914,6,2026-01-11,RYBL,90
PT200915,1,2025-08-20,TRUL,30
PT200915,2,2025-09-19,TRUL,30
PT200915,3,2025-11-03,TRUL,30
PT200915,4,2025-12-18,TRUL,30
PT200915,5,2026-01-17,TRUL,30
PT200915,6,2026-02-16,RYBL,90
PT200915,7,2026-05-17,RYBL,90
PT200915,8,2026-08-15,RYBL,30
PT200916,1,2025-06-02,MOUN,30
PT200916,2,2025-07-02,MOUN,30
PT200916,3,2025-08-01,MOUN,30
PT200916,4,2025-08-31,MOUN,90
PT200916,5,2025-11-29,MOUN,90
PT200916,6,2026-02-27,MOUN,90
PT200916,7,2026-05-28,MOUN,30
PT200916,8,2026-06-27,MOUN,30
PT200916,9,2026-07-27,MOUN,30
PT200916,10,2026-08-26,MOUN,90
PT200917,1,2025-02-26,TRUL,30
PT200917,2,2025-03-28,TRUL,30
PT200917,3,2025-04-30,TRUL,90
PT200917,4,2025-07-29,MOUN,90
PT200917,5,2025-11-03,MOUN,90
PT200917,6,2026-02-01,MOUN,30
PT200917,7,2026-03-03,MOUN,90
PT200917,8,2026-06-01,MOUN,90
PT200917,9,2026-08-30,MOUN,30
PT200918,1,2025-02-07,MOUN,30
PT200918,2,2025-03-12,MOUN,30
PT200918,3,2025-03-23,MOUN,90
PT200918,4,2025-06-21,MOUN,30
PT200918,5,2025-07-21,MOUN,30
PT200920,1,2025-12-20,RYBL,30
PT200920,2,2026-01-19,RYBL,30
PT200920,3,2026-02-18,RYBL,30
PT200920,4,2026-03-20,RYBL,30
PT200920,5,2026-04-19,RYBL,90
PT200920,6,2026-08-02,RYBL,90
PT200921,1,2025-11-16,MOUN,30
PT200921,2,2025-12-16,MOUN,30
PT200921,3,2026-01-15,MOUN,90
PT200921,4,2026-04-15,MOUN,30
PT200921,5,2026-05-15,MOUN,30
PT200921,6,2026-06-29,MOUN,90
PT200922,1,2026-02-08,MOUN,30
PT200922,2,2026-03-10,MOUN,30
PT200922,3,2026-04-09,MOUN,30
PT200922,4,2026-05-12,MOUN,90
PT200922,5,2026-08-25,MOUN,90
PT200923,1,2025-02-01,TRUL,30
PT200923,2,2025-03-03,TRUL,30
PT200923,3,2025-04-02,TRUL,30
PT200923,4,2025-05-02,TRUL,90
PT200924,1,2026-02-20,MOUN,30
PT200924,2,2026-03-22,MOUN,30
PT200924,3,2026-04-21,MOUN,90
PT200924,4,2026-07-20,MOUN,90
PT200925,1,2024-12-28,TRUL,30
PT200925,2,2025-01-27,TRUL,30
PT200925,3,2025-02-26,TRUL,30
PT200925,4,2025-03-28,TRUL,90
PT200925,5,2025-06-26,TRUL,30
PT200925,6,2025-07-26,TRUL,90
PT200925,7,2025-11-08,TRUL,90
PT200925,8,2026-02-06,TRUL,90
PT200925,9,2026-05-14,TRUL,90
PT200925,10,2026-08-19,TRUL,90
PT200926,1,2024-09-20,OZEM,30
PT200926,2,2024-10-20,OZEM,30
PT200926,3,2024-11-19,OZEM,90
PT200926,4,2025-02-17,OZEM,90
PT200926,5,2025-05-18,OZEM,90
PT200926,6,2025-08-16,OZEM,90
PT200926,7,2025-11-14,OZEM,90
PT200926,8,2026-02-27,OZEM,90
PT200926,9,2026-05-31,OZEM,30
PT200926,10,2026-06-30,OZEM,90
PT200927,1,2025-12-22,MOUN,30
PT200927,2,2026-01-21,MOUN,30
PT200927,3,2026-02-20,OZEM,30
PT200927,4,2026-03-25,OZEM,90
PT200927,5,2026-06-23,OZEM,90
PT200928,1,2025-10-05,MOUN,30
PT200928,2,2025-11-04,OZEM,30
PT200928,3,2025-12-04,OZEM,90
PT200928,4,2026-03-04,OZEM,30
PT200928,5,2026-04-03,OZEM,30
PT200928,6,2026-05-03,OZEM,90
PT200928,7,2026-08-01,OZEM,90
PT200930,1,2025-11-16,MOUN,30
PT200930,2,2025-12-16,MOUN,30
PT200930,3,2026-01-18,TRUL,90
PT200930,4,2026-04-18,TRUL,30
PT200930,5,2026-05-21,TRUL,90
PT200930,6,2026-08-19,MOUN,30
PT200931,1,2025-04-21,TRUL,30
PT200931,2,2025-05-24,TRUL,30
PT200931,3,2025-06-23,TRUL,90
PT200931,4,2025-09-21,TRUL,90
PT200931,5,2025-12-20,TRUL,30
PT200931,6,2026-01-19,OZEM,90
PT200931,7,2026-04-19,OZEM,30
PT200931,8,2026-05-19,OZEM,30
PT200931,9,2026-06-03,OZEM,30
PT200931,10,2026-07-06,OZEM,30
PT200931,11,2026-08-05,OZEM,90
PT200932,1,2026-01-17,OZEM,30
PT200932,2,2026-02-16,OZEM,30
PT200932,3,2026-03-18,OZEM,30
PT200932,4,2026-04-17,OZEM,30
PT200932,5,2026-05-17,OZEM,90
PT200932,6,2026-08-15,OZEM,90
PT200933,1,2024-09-08,TRUL,30
PT200933,2,2024-10-08,TRUL,30
PT200933,3,2024-10-26,TRUL,90
PT200933,4,2025-01-24,TRUL,30
PT200933,5,2025-02-23,TRUL,30
PT200933,6,2025-03-25,TRUL,90
PT200933,7,2025-06-23,TRUL,90
PT200933,8,2025-09-21,TRUL,90
PT200935,1,2025-08-25,MOUN,30
PT200935,2,2025-09-24,MOUN,30
PT200936,1,2025-07-15,OZEM,30
PT200936,2,2025-08-14,OZEM,30
PT200936,3,2025-09-13,OZEM,90
PT200936,4,2025-12-12,OZEM,30
PT200936,5,2026-01-11,OZEM,30
PT200936,6,2026-02-10,OZEM,90
PT200936,7,2026-05-11,OZEM,30
PT200936,8,2026-06-10,OZEM,30
PT200936,9,2026-07-10,OZEM,90
PT200937,1,2024-09-26,RYBL,30
PT200937,2,2024-10-26,RYBL,30
PT200937,3,2024-11-28,RYBL,90
PT200937,4,2025-02-26,RYBL,90
PT200937,5,2025-05-27,RYBL,30
PT200937,6,2025-06-26,RYBL,90
PT200937,7,2025-10-01,RYBL,90
PT200937,8,2026-01-02,RYBL,90
PT200937,9,2026-04-02,RYBL,30
PT200937,10,2026-05-09,RYBL,30
PT200937,11,2026-06-08,RYBL,90
PT200938,1,2026-02-07,RYBL,30
PT200938,2,2026-03-09,RYBL,30
PT200938,3,2026-04-08,RYBL,30
PT200938,4,2026-05-08,RYBL,30
PT200938,5,2026-06-22,RYBL,90
PT200939,1,2025-06-05,MOUN,30
PT200939,2,2025-07-08,MOUN,30
PT200939,3,2025-08-07,MOUN,90
PT200939,4,2025-11-05,MOUN,90
PT200939,5,2026-02-03,MOUN,90
PT200939,6,2026-05-04,MOUN,30
PT200939,7,2026-06-06,MOUN,90
PT200940,1,2025-08-18,TRUL,30
PT200940,2,2025-09-17,TRUL,30
PT200940,3,2025-10-17,TRUL,90
PT200941,1,2026-01-28,RYBL,30
PT200941,2,2026-02-27,RYBL,30
PT200941,3,2026-03-29,RYBL,30
PT200941,4,2026-04-28,RYBL,30
PT200941,5,2026-05-28,RYBL,30
PT200941,6,2026-06-27,RYBL,90
PT200942,1,2025-07-01,TRUL,30
PT200942,2,2025-07-31,TRUL,30
PT200942,3,2025-08-30,TRUL,90
PT200942,4,2025-11-28,TRUL,90
PT200942,5,2026-02-26,TRUL,90
PT200942,6,2026-05-27,TRUL,30
PT200942,7,2026-06-26,TRUL,30
PT200942,8,2026-07-26,TRUL,30
PT200942,9,2026-08-25,TRUL,30
PT200943,1,2026-02-17,TRUL,30
PT200943,2,2026-03-19,TRUL,30
PT200943,3,2026-04-18,TRUL,90
PT200944,1,2025-06-29,TRUL,30
PT200944,2,2025-07-29,TRUL,30
PT200944,3,2025-08-28,TRUL,90
PT200944,4,2025-11-26,TRUL,90
PT200944,5,2026-02-24,TRUL,30
PT200945,1,2024-09-23,TRUL,30
PT200945,2,2024-10-23,TRUL,30
PT200945,3,2024-11-22,TRUL,90
PT200946,1,2025-11-25,RYBL,30
PT200946,2,2025-12-25,RYBL,30
PT200946,3,2026-01-24,RYBL,90
PT200946,4,2026-04-24,RYBL,30
PT200946,5,2026-05-27,RYBL,90
PT200946,6,2026-08-25,OZEM,90
PT200947,1,2025-11-07,TRUL,30
PT200947,2,2025-12-07,TRUL,30
PT200947,3,2026-01-06,TRUL,30
PT200947,4,2026-01-18,TRUL,30
PT200947,5,2026-02-17,TRUL,90
PT200947,6,2026-05-18,TRUL,30
PT200947,7,2026-06-17,RYBL,90
PT200947,8,2026-07-06,RYBL,30
PT200947,9,2026-08-05,RYBL,90
PT200948,1,2025-02-08,MOUN,30
PT200948,2,2025-03-10,MOUN,30
PT200948,3,2025-04-12,MOUN,30
PT200948,4,2025-05-12,MOUN,90
PT200948,5,2025-08-10,MOUN,90
PT200949,1,2025-04-01,MOUN,30
PT200949,2,2025-05-01,MOUN,30
PT200949,3,2025-05-31,MOUN,30
PT200949,4,2025-06-30,MOUN,90
PT200951,1,2025-02-24,TRUL,30
PT200951,2,2025-03-26,TRUL,30
PT200951,3,2025-04-25,TRUL,30
PT200951,4,2025-05-25,TRUL,90
PT200951,5,2025-08-30,TRUL,90
PT200951,6,2025-12-01,TRUL,90
PT200952,1,2024-11-11,TRUL,30
PT200952,2,2024-12-11,TRUL,30
PT200952,3,2025-01-10,TRUL,90
PT200952,4,2025-04-10,TRUL,30
PT200952,5,2025-05-13,TRUL,90
PT200952,6,2025-08-11,TRUL,30
PT200952,7,2025-09-10,TRUL,30
PT200952,8,2025-10-10,TRUL,30
PT200952,9,2025-11-09,TRUL,90
PT200953,1,2025-11-25,MOUN,30
PT200953,2,2025-12-25,MOUN,30
PT200953,3,2026-01-24,MOUN,30
PT200953,4,2026-02-23,MOUN,90
PT200954,1,2025-02-24,TRUL,30
PT200954,2,2025-03-26,TRUL,30
PT200954,3,2025-04-25,TRUL,90
PT200954,4,2025-07-24,TRUL,90
PT200954,5,2025-10-22,TRUL,30
PT200954,6,2025-12-06,TRUL,30
PT200954,7,2026-01-05,TRUL,30
PT200954,8,2026-02-11,TRUL,90
PT200954,9,2026-05-12,TRUL,30
PT200954,10,2026-06-11,MOUN,90
PT200955,1,2025-03-12,TRUL,30
PT200955,2,2025-04-18,TRUL,30
PT200955,3,2025-05-18,TRUL,30
PT200956,1,2025-01-14,OZEM,30
PT200956,2,2025-02-13,OZEM,30
PT200957,1,2025-08-25,OZEM,30
PT200957,2,2025-09-24,OZEM,30
PT200957,3,2025-10-12,OZEM,90
PT200957,4,2026-01-10,OZEM,90
PT200957,5,2026-04-10,OZEM,30
PT200957,6,2026-05-10,OZEM,90
PT200957,7,2026-08-08,OZEM,90
PT200958,1,2025-11-10,TRUL,30
PT200958,2,2025-12-25,TRUL,30
PT200958,3,2026-01-31,TRUL,90
PT200958,4,2026-05-01,TRUL,90
PT200958,5,2026-07-30,TRUL,90
PT200959,1,2025-07-13,OZEM,30
PT200959,2,2025-08-12,OZEM,30
PT200959,3,2025-09-11,OZEM,90
PT200959,4,2025-12-10,OZEM,30
PT200959,5,2026-01-09,OZEM,90
PT200959,6,2026-04-09,OZEM,90
PT200959,7,2026-07-08,OZEM,30
PT200959,8,2026-08-07,OZEM,90
PT200960,1,2025-11-03,OZEM,30
PT200960,2,2025-12-03,OZEM,30
PT200960,3,2026-01-02,OZEM,90
PT200960,4,2026-04-02,OZEM,90
PT200961,1,2026-03-09,OZEM,30
PT200961,2,2026-04-08,OZEM,30
PT200961,3,2026-05-08,OZEM,90
PT200961,4,2026-08-06,OZEM,90
PT200962,1,2025-03-17,OZEM,30
PT200962,2,2025-04-23,OZEM,30
PT200962,3,2025-05-23,OZEM,90
PT200962,4,2025-08-21,OZEM,90
PT200963,1,2025-03-27,MOUN,30
PT200963,2,2025-04-26,MOUN,30
PT200963,3,2025-06-10,TRUL,90
PT200963,4,2025-09-08,TRUL,90
PT200964,1,2025-03-27,OZEM,30
PT200964,2,2025-04-26,OZEM,30
PT200964,3,2025-05-26,OZEM,30
PT200964,4,2025-06-25,OZEM,90
PT200964,5,2025-09-23,OZEM,30
PT200964,6,2025-10-23,OZEM,90
PT200964,7,2026-01-21,OZEM,30
PT200965,1,2026-02-11,MOUN,30
PT200965,2,2026-03-13,MOUN,30
PT200965,3,2026-04-12,MOUN,30
PT200965,4,2026-05-19,MOUN,30
PT200965,5,2026-06-18,MOUN,90
PT200966,1,2025-11-10,OZEM,30
PT200966,2,2025-12-25,OZEM,30
PT200966,3,2026-01-24,OZEM,30
PT200966,4,2026-02-23,OZEM,90
PT200966,5,2026-05-24,OZEM,30
PT200966,6,2026-06-23,OZEM,30
PT200966,7,2026-07-23,TRUL,90
PT200967,1,2025-08-26,TRUL,30
PT200967,2,2025-09-25,TRUL,30
PT200967,3,2025-10-25,TRUL,90
PT200967,4,2026-01-23,TRUL,30
PT200967,5,2026-02-25,TRUL,90
PT200967,6,2026-06-10,TRUL,90
PT200968,1,2025-09-17,OZEM,30
PT200968,2,2025-10-17,OZEM,30
PT200968,3,2025-11-19,OZEM,30
PT200968,4,2025-12-19,OZEM,30
PT200968,5,2026-01-18,OZEM,30
PT200968,6,2026-02-17,OZEM,90
PT200968,7,2026-05-18,OZEM,90
PT200968,8,2026-08-23,OZEM,90
PT200969,1,2025-03-24,OZEM,30
PT200969,2,2025-04-23,OZEM,30
PT200970,1,2025-02-01,TRUL,30
PT200970,2,2025-03-03,TRUL,30
PT200970,3,2025-04-02,TRUL,90
PT200970,4,2025-07-01,TRUL,30
PT200970,5,2025-07-22,TRUL,90
PT200970,6,2025-10-20,TRUL,30
PT200970,7,2025-11-22,TRUL,90
PT200970,8,2026-02-20,TRUL,90
PT200970,9,2026-05-24,TRUL,30
PT200970,10,2026-06-23,MOUN,90
PT200971,1,2024-12-06,TRUL,30
PT200971,2,2025-01-05,TRUL,30
PT200972,1,2025-11-07,TRUL,30
PT200972,2,2025-12-07,TRUL,30
PT200972,3,2026-01-09,TRUL,90
PT200972,4,2026-04-09,TRUL,30
PT200974,1,2025-08-12,MOUN,30
PT200974,2,2025-09-11,MOUN,30
PT200974,3,2025-10-11,MOUN,90
PT200974,4,2026-01-09,MOUN,30
PT200974,5,2026-02-08,MOUN,90
PT200974,6,2026-05-12,MOUN,90
PT200974,7,2026-08-10,MOUN,30
PT200976,1,2025-01-16,TRUL,30
PT200976,2,2025-02-15,TRUL,30
PT200976,3,2025-03-17,MOUN,30
PT200976,4,2025-04-16,MOUN,30
PT200976,5,2025-05-19,MOUN,30
PT200976,6,2025-06-18,MOUN,30
PT200976,7,2025-07-18,MOUN,90
PT200976,8,2025-10-16,MOUN,30
PT200976,9,2025-11-15,MOUN,30
PT200976,10,2025-12-15,MOUN,30
PT200976,11,2026-01-14,MOUN,30
PT200976,12,2026-02-13,MOUN,90
PT200976,13,2026-05-17,MOUN,90
PT200976,14,2026-08-15,MOUN,30
PT200977,1,2025-05-27,OZEM,30
PT200977,2,2025-06-26,OZEM,30
PT200978,1,2024-09-21,MOUN,30
PT200978,2,2024-10-24,MOUN,30
PT200978,3,2024-11-23,MOUN,90
PT200978,4,2025-03-08,MOUN,90
PT200978,5,2025-06-06,MOUN,90
PT200978,6,2025-09-04,MOUN,90
PT200978,7,2025-12-03,MOUN,30
PT200978,8,2026-01-02,MOUN,30
PT200978,9,2026-02-04,MOUN,30
PT200978,10,2026-03-06,MOUN,30
PT200978,11,2026-04-05,MOUN,90
PT200978,12,2026-07-04,MOUN,90
PT200979,1,2025-02-13,RYBL,30
PT200979,2,2025-03-15,RYBL,30
PT200979,3,2025-04-29,RYBL,90
PT200979,4,2025-07-28,RYBL,90
PT200979,5,2025-10-29,RYBL,90
PT200979,6,2026-01-27,RYBL,30
PT200979,7,2026-02-26,RYBL,30
PT200979,8,2026-04-04,RYBL,90
PT200979,9,2026-07-03,RYBL,90
PT200980,1,2025-12-20,TRUL,30
PT200980,2,2026-01-19,TRUL,30
PT200980,3,2026-02-18,TRUL,90
PT200980,4,2026-05-26,TRUL,90
PT200980,5,2026-08-24,TRUL,30
PT200981,1,2025-05-21,MOUN,30
PT200981,2,2025-06-20,MOUN,30
PT200982,1,2026-01-26,OZEM,30
PT200983,1,2025-10-21,RYBL,30
PT200984,1,2024-11-20,MOUN,30
PT200984,2,2024-12-20,MOUN,30
PT200985,1,2025-08-23,RYBL,30
PT200985,2,2025-09-22,MOUN,30
PT200986,1,2025-05-26,TRUL,30
PT200986,2,2025-06-25,TRUL,30
PT200986,3,2025-07-25,RYBL,30
PT200986,4,2025-08-24,RYBL,90
PT200986,5,2025-11-25,RYBL,30
PT200986,6,2025-12-25,RYBL,90
PT200986,7,2026-03-25,RYBL,90
PT200986,8,2026-06-23,OZEM,90
PT200987,1,2026-02-01,OZEM,30
PT200987,2,2026-03-03,OZEM,30
PT200987,3,2026-04-02,OZEM,90
PT200988,1,2024-12-16,OZEM,30
PT200988,2,2025-01-18,OZEM,30
PT200988,3,2025-02-17,OZEM,30
PT200988,4,2025-03-22,OZEM,90
PT200988,5,2025-06-20,OZEM,90
PT200988,6,2025-09-18,OZEM,90
PT200988,7,2025-12-17,OZEM,90
PT200988,8,2026-03-24,OZEM,30
PT200988,9,2026-04-26,OZEM,90
PT200988,10,2026-07-28,MOUN,90
PT200989,1,2025-01-30,MOUN,30
PT200989,2,2025-03-01,MOUN,30
PT200989,3,2025-03-31,MOUN,90
PT200989,4,2025-06-29,MOUN,90
PT200989,5,2025-10-04,MOUN,90
PT200989,6,2026-01-02,MOUN,30
PT200989,7,2026-02-01,MOUN,30
PT200989,8,2026-03-03,MOUN,90
PT200989,9,2026-06-01,MOUN,90
PT200989,10,2026-08-30,MOUN,90
PT200990,1,2025-10-13,MOUN,30
PT200990,2,2025-11-12,MOUN,30
PT200990,3,2025-12-15,MOUN,90
PT200990,4,2026-03-15,MOUN,30
PT200990,5,2026-04-14,MOUN,90
PT200990,6,2026-07-13,MOUN,30
PT200990,7,2026-08-12,MOUN,90
PT200991,1,2025-01-13,TRUL,30
PT200991,2,2025-02-12,TRUL,30
PT200991,3,2025-03-14,TRUL,30
PT200991,4,2025-04-20,TRUL,30
PT200991,5,2025-05-20,TRUL,90
PT200991,6,2025-08-18,TRUL,30
PT200991,7,2025-09-17,TRUL,90
PT200991,8,2025-12-16,TRUL,30
PT200991,9,2026-01-15,TRUL,90
PT200991,10,2026-04-15,TRUL,90
PT200991,11,2026-07-14,TRUL,90
PT200992,1,2024-11-11,TRUL,30
PT200992,2,2024-12-26,TRUL,30
PT200992,3,2025-01-25,TRUL,90
PT200992,4,2025-04-25,TRUL,30
PT200992,5,2025-05-25,TRUL,90
PT200992,6,2025-08-23,TRUL,90
PT200992,7,2025-11-28,OZEM,90
PT200992,8,2026-03-05,OZEM,90
PT200992,9,2026-06-03,OZEM,90
PT200993,1,2026-03-01,TRUL,30
PT200993,2,2026-03-31,TRUL,30
PT200993,3,2026-05-07,MOUN,90
PT200993,4,2026-08-05,OZEM,30
PT200994,1,2024-11-18,RYBL,30
PT200994,2,2024-12-18,RYBL,30
PT200994,3,2025-01-17,RYBL,90
PT200994,4,2025-04-17,RYBL,30
PT200994,5,2025-05-17,RYBL,90
PT200994,6,2025-08-15,RYBL,90
PT200994,7,2025-11-13,RYBL,30
PT200994,8,2025-12-13,RYBL,90
PT200994,9,2026-03-13,RYBL,90
PT200994,10,2026-06-11,RYBL,90
PT200995,1,2025-04-21,MOUN,30
PT200995,2,2025-05-21,MOUN,30
PT200995,3,2025-06-20,MOUN,90
PT200996,1,2025-11-12,MOUN,30
PT200996,2,2025-12-27,MOUN,30
PT200996,3,2026-01-26,MOUN,90
PT200996,4,2026-04-26,MOUN,90
PT200996,5,2026-07-25,MOUN,90
PT200997,1,2025-01-12,OZEM,30
PT200997,2,2025-02-14,OZEM,30
PT200997,3,2025-03-16,OZEM,90
PT200997,4,2025-06-14,OZEM,90
PT200997,5,2025-09-12,OZEM,30
PT200997,6,2025-10-12,OZEM,90
PT200997,7,2026-01-10,OZEM,90
PT200997,8,2026-04-10,OZEM,90
PT200997,9,2026-07-09,OZEM,90
PT200999,1,2025-06-22,TRUL,30
PT200999,2,2025-07-22,TRUL,30
PT200999,3,2025-08-21,TRUL,30
PT200999,4,2025-09-20,TRUL,30
PT200999,5,2025-10-20,TRUL,90
PT200999,6,2026-01-18,TRUL,90
PT200999,7,2026-04-18,TRUL,90
PT200999,8,2026-07-17,TRUL,90
PT201000,1,2024-11-17,OZEM,30
PT201000,2,2024-12-17,OZEM,30
PT201001,1,2025-07-28,MOUN,30
PT201001,2,2025-08-27,MOUN,30
PT201001,3,2025-10-03,MOUN,30
PT201001,4,2025-11-02,MOUN,30
PT201001,5,2025-12-02,MOUN,90
PT201001,6,2026-03-02,MOUN,30
PT201001,7,2026-04-01,MOUN,90
PT201001,8,2026-06-30,MOUN,90
PT201003,1,2025-01-12,TRUL,30
PT201003,2,2025-02-11,TRUL,30
PT201003,3,2025-03-13,TRUL,90
PT201003,4,2025-06-11,TRUL,90
PT201003,5,2025-09-09,TRUL,90
PT201003,6,2025-12-11,TRUL,30
PT201003,7,2026-01-10,TRUL,90
PT201003,8,2026-04-10,OZEM,90
PT201003,9,2026-07-16,OZEM,30
PT201004,1,2025-09-25,RYBL,30
PT201005,1,2025-05-31,TRUL,30
PT201005,2,2025-06-30,TRUL,30
PT201005,3,2025-07-30,TRUL,30
PT201005,4,2025-08-29,TRUL,90
PT201005,5,2025-11-27,TRUL,90
PT201005,6,2026-02-25,TRUL,90
PT201005,7,2026-05-26,TRUL,30
PT201005,8,2026-06-25,TRUL,90
PT201006,1,2026-01-27,MOUN,30
PT201006,2,2026-02-26,MOUN,30
PT201006,3,2026-03-28,MOUN,90
PT201006,4,2026-06-29,MOUN,30
PT201006,5,2026-07-29,MOUN,90
PT201007,1,2025-05-20,MOUN,30
PT201007,2,2025-06-19,MOUN,30
PT201007,3,2025-07-19,MOUN,90
PT201007,4,2025-11-01,MOUN,90
PT201007,5,2026-01-30,MOUN,90
PT201007,6,2026-05-03,MOUN,90
PT201007,7,2026-08-01,MOUN,30
PT201008,1,2025-02-15,MOUN,30
PT201008,2,2025-03-17,MOUN,30
PT201008,3,2025-04-19,MOUN,90
PT201008,4,2025-07-18,MOUN,90
PT201008,5,2025-10-16,TRUL,90
PT201008,6,2025-11-03,TRUL,90
PT201008,7,2026-02-01,TRUL,30
PT201008,8,2026-03-18,MOUN,90
PT201008,9,2026-07-01,MOUN,90
PT201009,1,2025-11-07,MOUN,30
PT201010,1,2025-06-14,MOUN,30
PT201010,2,2025-07-14,MOUN,30
PT201010,3,2025-08-20,MOUN,90
PT201010,4,2025-11-18,MOUN,90
PT201010,5,2026-02-16,MOUN,90
PT201010,6,2026-05-17,MOUN,90
PT201010,7,2026-08-15,MOUN,90
PT201011,1,2026-01-01,MOUN,30
PT201011,2,2026-01-31,MOUN,30
PT201013,1,2025-09-08,MOUN,30
PT201013,2,2025-10-08,MOUN,30
PT201013,3,2025-11-07,MOUN,30
PT201013,4,2025-12-07,MOUN,90
PT201013,5,2026-03-07,MOUN,90
PT201013,6,2026-06-05,MOUN,90
PT201014,1,2025-02-03,MOUN,30
PT201014,2,2025-03-05,MOUN,30
PT201014,3,2025-04-19,MOUN,90
PT201014,4,2025-07-18,MOUN,90
PT201014,5,2025-10-16,MOUN,90
PT201014,6,2026-01-14,MOUN,90
PT201014,7,2026-04-14,MOUN,90
PT201014,8,2026-07-13,MOUN,90
PT201015,1,2025-07-28,RYBL,30
PT201015,2,2025-08-27,RYBL,30
PT201015,3,2025-09-26,RYBL,90
PT201015,4,2025-12-25,RYBL,30
PT201015,5,2026-01-24,RYBL,90
PT201015,6,2026-04-24,RYBL,30
PT201015,7,2026-05-24,RYBL,90
PT201015,8,2026-08-22,RYBL,90
PT201016,1,2025-08-03,RYBL,30
PT201016,2,2025-09-02,RYBL,30
PT201016,3,2025-10-05,RYBL,30
PT201016,4,2025-11-04,RYBL,30
PT201017,1,2025-02-03,RYBL,30
PT201017,2,2025-03-12,RYBL,30
PT201018,1,2025-12-22,TRUL,30
PT201018,2,2026-01-21,TRUL,30
PT201018,3,2026-02-20,TRUL,90
PT201018,4,2026-05-21,TRUL,90
PT201018,5,2026-08-19,TRUL,30
PT201019,1,2024-12-28,MOUN,30
PT201019,2,2025-02-11,MOUN,30
PT201019,3,2025-03-13,OZEM,90
PT201019,4,2025-06-11,OZEM,30
PT201019,5,2025-07-14,OZEM,30
PT201019,6,2025-08-13,OZEM,30
PT201019,7,2025-09-15,OZEM,90
PT201019,8,2025-12-14,OZEM,30
PT201019,9,2026-01-13,OZEM,30
PT201019,10,2026-02-15,OZEM,30
PT201019,11,2026-04-01,OZEM,90
PT201019,12,2026-06-30,OZEM,30
PT201020,1,2025-02-18,MOUN,30
PT201022,1,2025-09-30,MOUN,30
PT201022,2,2025-11-02,MOUN,30
PT201022,3,2025-12-02,MOUN,30
PT201022,4,2026-01-01,TRUL,90
PT201022,5,2026-04-01,TRUL,30
PT201022,6,2026-05-04,TRUL,30
PT201022,7,2026-06-03,OZEM,30
PT201022,8,2026-07-03,OZEM,90
PT201023,1,2024-10-30,TRUL,30
PT201023,2,2024-12-02,TRUL,30
PT201023,3,2025-01-01,TRUL,30
PT201023,4,2025-01-31,TRUL,90
PT201023,5,2025-05-01,TRUL,90
PT201023,6,2025-08-14,OZEM,30
PT201023,7,2025-09-13,OZEM,90
PT201023,8,2025-12-12,OZEM,90
PT201023,9,2026-03-12,OZEM,30
PT201024,1,2026-01-08,TRUL,30
PT201025,1,2025-08-11,RYBL,30
PT201026,1,2026-02-17,MOUN,30
PT201026,2,2026-03-19,MOUN,30
PT201026,3,2026-04-18,MOUN,30
PT201026,4,2026-05-18,MOUN,30
PT201026,5,2026-06-17,MOUN,30
PT201026,6,2026-07-17,MOUN,30
PT201026,7,2026-08-04,MOUN,90
PT201027,1,2026-01-28,OZEM,30
PT201027,2,2026-02-27,OZEM,30
PT201027,3,2026-03-29,OZEM,30
PT201027,4,2026-04-28,OZEM,30
PT201027,5,2026-05-28,OZEM,30
PT201028,1,2026-02-10,TRUL,30
PT201029,1,2026-01-15,TRUL,30
PT201029,2,2026-02-14,TRUL,30
PT201029,3,2026-03-16,TRUL,90
PT201029,4,2026-06-14,TRUL,90
PT201030,1,2025-09-01,MOUN,30
PT201030,2,2025-10-01,MOUN,30
PT201030,3,2025-10-31,MOUN,90
PT201030,4,2026-01-29,MOUN,90
PT201030,5,2026-04-29,MOUN,30
PT201030,6,2026-05-29,MOUN,30
PT201030,7,2026-06-28,MOUN,90
PT201031,1,2024-12-09,OZEM,30
PT201031,2,2024-12-26,OZEM,30
PT201032,1,2025-08-17,TRUL,30
PT201032,2,2025-09-16,RYBL,30
PT201032,3,2025-10-23,RYBL,90
PT201032,4,2025-11-12,RYBL,90
PT201032,5,2026-02-10,RYBL,90
PT201032,6,2026-05-11,RYBL,90
PT201033,1,2025-10-11,RYBL,30
PT201033,2,2025-11-13,RYBL,30
PT201033,3,2025-12-13,RYBL,30
PT201033,4,2026-01-12,RYBL,90
PT201033,5,2026-04-12,RYBL,90
PT201033,6,2026-07-11,RYBL,30
PT201033,7,2026-08-10,RYBL,90
PT201034,1,2025-10-13,OZEM,30
PT201034,2,2025-11-12,OZEM,30
PT201034,3,2025-12-12,OZEM,90
PT201034,4,2026-03-12,OZEM,90
PT201034,5,2026-06-10,OZEM,30
PT201034,6,2026-07-10,OZEM,90
PT201035,1,2025-07-21,MOUN,30
PT201035,2,2025-08-20,MOUN,30
PT201035,3,2025-09-19,MOUN,30
PT201035,4,2025-10-19,MOUN,30
PT201035,5,2025-11-21,MOUN,90
PT201035,6,2026-02-19,MOUN,30
PT201035,7,2026-03-21,MOUN,90
PT201035,8,2026-06-19,MOUN,30
PT201035,9,2026-07-19,MOUN,30
PT201035,10,2026-08-18,MOUN,30
PT201037,1,2025-04-30,OZEM,30
PT201037,2,2025-05-30,OZEM,30
PT201037,3,2025-07-02,OZEM,90
PT201037,4,2025-09-30,MOUN,30
PT201038,1,2025-12-24,TRUL,30
PT201038,2,2026-01-26,TRUL,30
PT201038,3,2026-02-25,TRUL,90
PT201038,4,2026-05-29,TRUL,90
PT201038,5,2026-08-27,TRUL,30
PT201039,1,2025-12-20,MOUN,30
PT201039,2,2026-02-03,MOUN,30
PT201039,3,2026-03-05,MOUN,30
PT201039,4,2026-04-07,MOUN,30
PT201039,5,2026-05-07,MOUN,90
PT201039,6,2026-08-08,MOUN,90
PT201040,1,2026-03-12,MOUN,30
PT201040,2,2026-04-26,MOUN,30
PT201040,3,2026-05-26,MOUN,30
PT201040,4,2026-06-25,MOUN,30
PT201040,5,2026-07-28,MOUN,90
PT201041,1,2025-05-14,OZEM,30
PT201041,2,2025-06-13,OZEM,30
PT201042,1,2024-10-07,MOUN,30
PT201042,2,2024-11-06,MOUN,30
PT201042,3,2024-12-06,MOUN,90
PT201042,4,2025-03-06,MOUN,30
PT201042,5,2025-04-05,TRUL,90
PT201042,6,2025-07-04,TRUL,90
PT201042,7,2025-10-09,TRUL,30
PT201042,8,2025-11-08,TRUL,90
PT201042,9,2026-02-06,TRUL,90
PT201042,10,2026-05-07,TRUL,90
PT201042,11,2026-08-05,TRUL,90
PT201043,1,2024-11-25,OZEM,30
PT201043,2,2025-01-13,OZEM,30
PT201043,3,2025-02-12,OZEM,90
PT201043,4,2025-05-13,OZEM,90
PT201044,1,2024-10-08,TRUL,30
PT201044,2,2024-11-07,TRUL,30
PT201044,3,2024-12-07,TRUL,30
PT201044,4,2025-01-06,TRUL,90
PT201045,1,2026-02-08,OZEM,30
PT201045,2,2026-03-10,OZEM,30
PT201046,1,2024-09-09,OZEM,30
PT201046,2,2024-10-09,OZEM,30
PT201046,3,2024-11-08,OZEM,30
PT201046,4,2024-12-08,OZEM,90
PT201046,5,2025-03-23,OZEM,90
PT201046,6,2025-06-21,OZEM,30
PT201046,7,2025-08-05,OZEM,30
PT201046,8,2025-09-04,OZEM,30
PT201046,9,2025-10-04,OZEM,30
PT201046,10,2025-11-03,OZEM,90
PT201046,11,2026-02-01,OZEM,90
PT201046,12,2026-05-02,OZEM,90
PT201046,13,2026-08-03,OZEM,90
PT201047,1,2024-09-16,RYBL,30
PT201047,2,2024-10-16,RYBL,30
PT201047,3,2024-11-18,RYBL,90
PT201047,4,2025-02-23,RYBL,90
PT201047,5,2025-05-27,RYBL,90
PT201047,6,2025-08-25,RYBL,30
PT201047,7,2025-09-24,RYBL,30
PT201047,8,2025-10-24,RYBL,90
PT201048,1,2025-12-05,RYBL,30
PT201048,2,2026-01-04,RYBL,30
PT201048,3,2026-02-03,MOUN,90
PT201048,4,2026-05-04,MOUN,90
PT201048,5,2026-08-02,MOUN,90
PT201049,1,2026-02-04,TRUL,30
PT201049,2,2026-03-06,TRUL,30
PT201049,3,2026-04-20,TRUL,30
PT201049,4,2026-05-20,OZEM,30
PT201049,5,2026-06-19,OZEM,30
PT201049,6,2026-07-19,OZEM,30
PT201049,7,2026-08-18,OZEM,90
PT201050,1,2024-10-18,MOUN,30
PT201050,2,2024-11-17,MOUN,30
PT201050,3,2024-12-17,MOUN,90
PT201050,4,2025-03-17,MOUN,90
PT201050,5,2025-06-15,MOUN,30
PT201050,6,2025-07-15,MOUN,90
PT201050,7,2025-10-13,MOUN,30
PT201050,8,2025-11-15,MOUN,30
PT201050,9,2025-12-15,MOUN,90
PT201050,10,2026-03-15,MOUN,90
PT201050,11,2026-06-16,MOUN,90
PT201051,1,2025-08-22,MOUN,30
PT201051,2,2025-09-21,MOUN,30
PT201051,3,2025-10-21,MOUN,90
PT201051,4,2026-01-22,MOUN,90
PT201051,5,2026-04-22,MOUN,90
PT201051,6,2026-07-24,MOUN,90
PT201052,1,2024-11-20,OZEM,30
PT201052,2,2024-12-23,OZEM,30
PT201052,3,2025-01-22,OZEM,90
PT201052,4,2025-04-25,OZEM,90
PT201052,5,2025-07-27,OZEM,30
PT201052,6,2025-08-26,OZEM,90
PT201052,7,2025-11-24,OZEM,30
PT201052,8,2025-12-24,OZEM,90
PT201052,9,2026-03-27,OZEM,30
PT201052,10,2026-04-26,OZEM,30
PT201053,1,2025-02-20,OZEM,30
PT201053,2,2025-03-22,OZEM,30
PT201053,3,2025-05-06,OZEM,90
PT201053,4,2025-08-04,TRUL,30
PT201054,1,2025-06-05,MOUN,30
PT201054,2,2025-07-05,MOUN,30
PT201054,3,2025-08-04,MOUN,90
PT201055,1,2025-12-22,MOUN,30
PT201055,2,2026-01-28,MOUN,30
PT201055,3,2026-02-27,MOUN,90
PT201055,4,2026-05-28,MOUN,30
PT201055,5,2026-06-27,MOUN,90
PT201057,1,2025-03-30,RYBL,30
PT201057,2,2025-04-29,RYBL,30
PT201057,3,2025-05-29,RYBL,90
PT201057,4,2025-08-27,RYBL,90
PT201057,5,2025-11-25,RYBL,30
PT201057,6,2025-12-25,RYBL,30
PT201057,7,2026-01-24,RYBL,30
PT201057,8,2026-02-26,RYBL,30
PT201057,9,2026-03-28,RYBL,90
PT201057,10,2026-06-26,RYBL,30
PT201057,11,2026-07-26,RYBL,90
PT201058,1,2026-01-31,RYBL,30
PT201058,2,2026-03-02,RYBL,30
PT201058,3,2026-04-01,RYBL,30
PT201058,4,2026-05-16,RYBL,90
PT201058,5,2026-08-14,RYBL,30
PT201060,1,2025-09-10,TRUL,30
PT201060,2,2025-10-25,TRUL,30
PT201060,3,2025-11-24,TRUL,90
PT201060,4,2026-02-22,TRUL,30
PT201060,5,2026-03-24,TRUL,90
PT201060,6,2026-06-22,TRUL,90
PT201061,1,2024-12-01,MOUN,30
PT201061,2,2024-12-31,MOUN,30
PT201061,3,2025-01-30,MOUN,90
PT201061,4,2025-04-30,MOUN,30
PT201061,5,2025-06-02,MOUN,90
PT201061,6,2025-08-31,MOUN,90
PT201061,7,2025-11-29,MOUN,90
PT201062,1,2025-04-27,TRUL,30
PT201062,2,2025-05-27,TRUL,30
PT201062,3,2025-06-26,TRUL,30
PT201063,1,2025-07-29,RYBL,30
PT201063,2,2025-08-31,RYBL,30
PT201063,3,2025-09-30,RYBL,30
PT201064,1,2024-10-06,OZEM,30
PT201064,2,2024-11-05,OZEM,30
PT201064,3,2024-11-20,OZEM,30
PT201064,4,2025-01-04,OZEM,90
PT201064,5,2025-04-11,OZEM,30
PT201064,6,2025-05-11,OZEM,30
PT201064,7,2025-06-10,MOUN,90
PT201064,8,2025-09-08,MOUN,90
PT201064,9,2025-12-14,MOUN,90
PT201065,1,2024-09-18,OZEM,30
PT201065,2,2024-10-18,OZEM,30
PT201065,3,2024-11-24,TRUL,90
PT201065,4,2025-02-22,TRUL,90
PT201065,5,2025-05-23,TRUL,90
PT201065,6,2025-08-21,TRUL,90
PT201065,7,2025-11-19,TRUL,90
PT201066,1,2025-08-31,MOUN,30
PT201066,2,2025-09-30,MOUN,30
PT201066,3,2025-11-02,MOUN,30
PT201066,4,2025-12-02,MOUN,90
PT201067,1,2024-11-24,MOUN,30
PT201067,2,2024-12-24,MOUN,30
PT201067,3,2025-02-07,MOUN,90
PT201067,4,2025-05-08,MOUN,90
PT201068,1,2026-02-21,TRUL,30
PT201068,2,2026-03-26,TRUL,30
PT201068,3,2026-04-25,TRUL,30
PT201068,4,2026-05-25,TRUL,90
PT201068,5,2026-08-23,TRUL,90
PT201069,1,2025-09-18,RYBL,30
PT201069,2,2025-10-18,RYBL,30
PT201069,3,2025-11-20,RYBL,30
PT201070,1,2025-10-18,TRUL,30
PT201070,2,2025-11-17,TRUL,30
PT201070,3,2025-12-17,OZEM,90
PT201070,4,2026-03-17,OZEM,90
PT201070,5,2026-06-15,OZEM,30
PT201071,1,2026-03-02,MOUN,30
PT201071,2,2026-04-01,MOUN,30
PT201071,3,2026-05-01,MOUN,90
PT201071,4,2026-07-30,MOUN,30
PT201071,5,2026-08-29,MOUN,90
PT201072,1,2025-07-21,TRUL,30
PT201072,2,2025-08-23,TRUL,30
PT201072,3,2025-10-07,TRUL,90
PT201072,4,2026-01-05,TRUL,30
PT201072,5,2026-02-04,TRUL,90
PT201072,6,2026-05-05,TRUL,30
PT201072,7,2026-06-04,TRUL,90
PT201073,1,2025-12-15,MOUN,30
PT201073,2,2026-01-14,MOUN,30
PT201073,3,2026-02-16,MOUN,90
PT201073,4,2026-05-17,MOUN,30
PT201073,5,2026-06-16,MOUN,30
PT201074,1,2024-12-28,OZEM,30
PT201074,2,2025-01-27,OZEM,30
PT201074,3,2025-02-26,OZEM,90
PT201074,4,2025-05-27,OZEM,90
PT201074,5,2025-08-25,OZEM,90
PT201074,6,2025-11-30,OZEM,30
PT201074,7,2025-12-30,OZEM,30
PT201075,1,2026-03-22,RYBL,30
PT201075,2,2026-04-21,RYBL,30
PT201075,3,2026-05-21,RYBL,90
PT201076,1,2024-09-21,TRUL,30
PT201076,2,2024-10-24,TRUL,30
PT201076,3,2024-11-23,TRUL,30
PT201076,4,2024-12-23,TRUL,90
PT201076,5,2025-03-23,TRUL,90
PT201076,6,2025-06-21,TRUL,30
PT201076,7,2025-07-21,TRUL,30
PT201076,8,2025-08-27,TRUL,90
PT201076,9,2025-12-02,MOUN,90
PT201076,10,2026-03-02,MOUN,90
PT201077,1,2025-04-25,OZEM,30
PT201078,1,2024-09-21,OZEM,30
PT201079,1,2024-09-15,RYBL,30
PT201079,2,2024-10-30,RYBL,30
PT201079,3,2024-12-06,RYBL,30
PT201079,4,2025-01-05,RYBL,90
PT201079,5,2025-04-05,RYBL,30
PT201079,6,2025-05-05,RYBL,90
PT201081,1,2025-04-01,OZEM,30
PT201081,2,2025-05-01,OZEM,30
PT201081,3,2025-05-31,OZEM,90
PT201081,4,2025-08-29,OZEM,30
PT201081,5,2025-09-28,OZEM,90
PT201081,6,2025-12-27,OZEM,90
PT201082,1,2024-10-16,MOUN,30
PT201082,2,2024-11-15,MOUN,30
PT201082,3,2024-12-15,MOUN,30
PT201082,4,2025-01-14,MOUN,90
PT201082,5,2025-01-31,MOUN,90
PT201082,6,2025-05-01,MOUN,90
PT201082,7,2025-07-30,MOUN,90
PT201082,8,2025-10-28,MOUN,90
PT201082,9,2026-01-26,MOUN,90
PT201082,10,2026-04-29,MOUN,90
PT201083,1,2025-06-19,MOUN,30
PT201083,2,2025-07-02,MOUN,30
PT201083,3,2025-08-01,MOUN,30
PT201083,4,2025-08-31,MOUN,30
PT201083,5,2025-09-30,MOUN,30
PT201083,6,2025-10-30,MOUN,30
PT201083,7,2025-11-29,MOUN,30
PT201083,8,2026-01-05,MOUN,90
PT201084,1,2025-05-18,OZEM,30
PT201084,2,2025-06-17,OZEM,30
PT201084,3,2025-07-17,OZEM,30
PT201084,4,2025-08-16,OZEM,90
PT201084,5,2025-11-14,OZEM,30
PT201084,6,2025-12-14,OZEM,30
PT201084,7,2026-01-28,OZEM,90
PT201084,8,2026-04-28,OZEM,30
PT201084,9,2026-05-28,OZEM,90
PT201084,10,2026-08-26,OZEM,90
PT201085,1,2026-01-18,MOUN,30
PT201085,2,2026-02-17,MOUN,30
PT201085,3,2026-03-19,MOUN,90
PT201085,4,2026-06-17,MOUN,90
PT201086,1,2025-09-16,MOUN,30
PT201086,2,2025-10-16,MOUN,30
PT201086,3,2025-11-15,MOUN,90
PT201086,4,2026-02-13,MOUN,30
PT201086,5,2026-03-15,MOUN,90
PT201086,6,2026-06-13,MOUN,30
PT201086,7,2026-07-13,MOUN,30
PT201087,1,2024-12-30,TRUL,30
PT201087,2,2025-02-13,TRUL,30
PT201087,3,2025-03-15,TRUL,90
PT201087,4,2025-06-28,TRUL,90
PT201087,5,2025-09-26,TRUL,90
PT201087,6,2025-12-25,TRUL,90
PT201088,1,2026-03-11,MOUN,30
PT201088,2,2026-04-10,MOUN,30
PT201088,3,2026-05-10,MOUN,90
PT201088,4,2026-08-11,MOUN,90
PT201089,1,2024-10-21,TRUL,30
PT201089,2,2024-11-20,TRUL,30
PT201090,1,2025-08-10,TRUL,30
PT201090,2,2025-09-09,TRUL,30
PT201090,3,2025-10-09,TRUL,90
PT201090,4,2026-01-07,OZEM,90
PT201090,5,2026-04-07,OZEM,90
PT201090,6,2026-07-09,OZEM,90
PT201091,1,2024-10-22,RYBL,30
PT201091,2,2024-11-21,RYBL,30
PT201091,3,2024-12-28,RYBL,90
PT201091,4,2025-03-28,RYBL,30
PT201091,5,2025-04-27,RYBL,90
PT201091,6,2025-07-26,OZEM,90
PT201091,7,2025-10-24,OZEM,90
PT201091,8,2026-01-22,OZEM,90
PT201091,9,2026-04-25,OZEM,90
PT201091,10,2026-07-24,OZEM,30
PT201091,11,2026-08-23,OZEM,90
PT201093,1,2024-11-19,MOUN,30
PT201093,2,2024-12-19,MOUN,30
PT201093,3,2025-01-18,MOUN,90
PT201093,4,2025-05-03,MOUN,90
PT201093,5,2025-08-08,MOUN,90
PT201093,6,2025-11-06,MOUN,90
PT201093,7,2026-02-04,MOUN,90
PT201093,8,2026-05-05,MOUN,30
PT201093,9,2026-06-04,MOUN,30
PT201093,10,2026-07-11,MOUN,90
PT201094,1,2025-09-29,TRUL,30
PT201094,2,2025-10-29,TRUL,30
PT201094,3,2025-11-18,TRUL,30
PT201094,4,2025-12-18,TRUL,90
PT201094,5,2026-03-18,TRUL,90
PT201094,6,2026-06-16,TRUL,30
PT201094,7,2026-07-16,MOUN,90
PT201095,1,2025-03-21,RYBL,30
PT201095,2,2025-04-20,RYBL,30
PT201095,3,2025-05-11,RYBL,90
PT201095,4,2025-08-12,RYBL,90
PT201095,5,2025-11-10,RYBL,30
PT201095,6,2025-12-10,RYBL,30
PT201095,7,2026-01-09,RYBL,30
PT201095,8,2026-02-08,RYBL,90
PT201095,9,2026-05-09,RYBL,90
PT201095,10,2026-08-07,RYBL,90
PT201096,1,2025-12-09,MOUN,30
PT201096,2,2026-01-08,MOUN,30
PT201096,3,2026-02-07,MOUN,90
PT201096,4,2026-05-08,MOUN,30
PT201096,5,2026-06-07,MOUN,30
PT201096,6,2026-07-10,MOUN,90
PT201097,1,2025-03-12,OZEM,30
PT201097,2,2025-04-14,OZEM,30
PT201097,3,2025-05-14,OZEM,90
PT201097,4,2025-08-12,OZEM,30
PT201097,5,2025-09-11,OZEM,30
PT201097,6,2025-10-26,OZEM,90
PT201097,7,2026-01-24,OZEM,90
PT201097,8,2026-04-24,OZEM,90
PT201097,9,2026-07-23,OZEM,90
PT201099,1,2025-11-07,MOUN,30
PT201099,2,2025-12-07,MOUN,30
PT201099,3,2026-01-06,MOUN,90
PT201099,4,2026-04-06,MOUN,30
PT201099,5,2026-05-06,MOUN,90
PT201099,6,2026-08-04,MOUN,30
PT201100,1,2024-10-16,TRUL,30
PT201100,2,2024-11-15,TRUL,30
PT201100,3,2024-12-15,TRUL,90
PT201100,4,2025-03-15,TRUL,90
PT201100,5,2025-06-13,TRUL,30
PT201100,6,2025-07-13,TRUL,90
PT201100,7,2025-10-11,TRUL,90
PT201100,8,2026-01-09,TRUL,30
PT201100,9,2026-02-11,TRUL,90
PT201100,10,2026-05-27,TRUL,90
PT201100,11,2026-08-25,TRUL,90
PT201101,1,2025-11-21,OZEM,30
PT201101,2,2025-12-28,OZEM,30
PT201101,3,2026-01-27,OZEM,90
PT201101,4,2026-04-27,OZEM,90
PT201101,5,2026-07-26,OZEM,90
PT201102,1,2025-08-26,MOUN,30
PT201102,2,2025-09-25,MOUN,30
PT201102,3,2025-10-25,MOUN,90
PT201102,4,2026-01-23,MOUN,90
PT201102,5,2026-04-23,MOUN,90
PT201102,6,2026-07-22,MOUN,90
PT201103,1,2026-02-17,TRUL,30
PT201103,2,2026-03-19,TRUL,30
PT201104,1,2025-12-09,OZEM,30
PT201105,1,2025-07-24,OZEM,30
PT201105,2,2025-08-23,OZEM,30
PT201105,3,2025-09-10,OZEM,30
PT201105,4,2025-10-10,OZEM,90
PT201105,5,2026-01-08,OZEM,30
PT201106,1,2025-08-19,MOUN,30
PT201106,2,2025-10-03,MOUN,30
PT201106,3,2025-11-02,MOUN,90
PT201107,1,2025-11-01,MOUN,30
PT201108,1,2024-09-19,TRUL,30
PT201108,2,2024-10-22,TRUL,30
PT201108,3,2024-11-21,TRUL,30
PT201108,4,2024-12-21,TRUL,90
PT201108,5,2025-03-21,TRUL,90
PT201108,6,2025-06-22,TRUL,30
PT201109,1,2025-04-29,MOUN,30
PT201109,2,2025-06-13,MOUN,30
PT201109,3,2025-07-16,MOUN,30
PT201109,4,2025-08-15,MOUN,30
PT201110,1,2025-10-29,OZEM,30
PT201110,2,2025-11-28,OZEM,30
PT201110,3,2025-12-28,OZEM,30
PT201110,4,2026-01-27,OZEM,90
PT201110,5,2026-04-27,OZEM,30
PT201110,6,2026-05-27,OZEM,90
PT201111,1,2025-12-23,MOUN,30
PT201111,2,2026-01-25,MOUN,30
PT201112,1,2025-10-22,RYBL,30
PT201112,2,2025-11-21,RYBL,30
PT201112,3,2025-12-21,RYBL,30
PT201112,4,2026-01-27,RYBL,90
PT201112,5,2026-04-27,RYBL,30
PT201112,6,2026-05-27,RYBL,90
PT201112,7,2026-08-25,RYBL,30
PT201113,1,2025-08-06,MOUN,30
PT201113,2,2025-09-05,MOUN,30
PT201113,3,2025-10-05,MOUN,90
PT201113,4,2026-01-03,MOUN,90
PT201113,5,2026-04-03,MOUN,30
PT201113,6,2026-05-03,MOUN,90
PT201113,7,2026-08-01,MOUN,90
PT201114,1,2024-11-25,RYBL,30
PT201115,1,2026-02-08,OZEM,30
PT201115,2,2026-03-10,OZEM,30
PT201115,3,2026-04-09,OZEM,90
PT201115,4,2026-07-08,OZEM,90
PT201117,1,2024-12-23,MOUN,30
PT201118,1,2025-03-06,MOUN,30
PT201118,2,2025-04-08,MOUN,30
PT201118,3,2025-05-08,MOUN,30
PT201118,4,2025-06-22,MOUN,90
PT201118,5,2025-09-20,MOUN,30
PT201118,6,2025-10-10,MOUN,90
PT201118,7,2026-01-15,MOUN,30
PT201118,8,2026-02-14,MOUN,90
PT201118,9,2026-05-15,MOUN,90
PT201119,1,2025-12-14,OZEM,30
PT201119,2,2026-01-13,OZEM,30
PT201119,3,2026-02-12,OZEM,90
PT201120,1,2024-10-02,MOUN,30
PT201120,2,2024-11-01,MOUN,30
PT201120,3,2024-12-01,MOUN,90
PT201120,4,2025-03-01,MOUN,90
PT201120,5,2025-05-30,MOUN,90
PT201120,6,2025-08-28,MOUN,90
PT201120,7,2025-11-26,MOUN,30
PT201121,1,2025-08-27,RYBL,30
PT201121,2,2025-09-26,RYBL,30
PT201121,3,2025-10-26,RYBL,90
PT201121,4,2026-01-24,RYBL,30
PT201121,5,2026-02-26,RYBL,30
PT201121,6,2026-03-28,RYBL,30
PT201121,7,2026-04-27,RYBL,90
PT201122,1,2025-05-06,TRUL,30
PT201122,2,2025-06-05,TRUL,30
PT201122,3,2025-07-20,TRUL,30
PT201123,1,2025-10-29,MOUN,30
PT201123,2,2025-11-28,MOUN,30
PT201123,3,2025-12-28,MOUN,90
PT201123,4,2026-03-28,MOUN,90
PT201123,5,2026-06-26,MOUN,90
PT201124,1,2025-08-31,MOUN,30
PT201124,2,2025-09-30,MOUN,30
PT201124,3,2025-10-30,OZEM,90
PT201124,4,2026-01-28,OZEM,30
PT201124,5,2026-02-27,MOUN,90
PT201124,6,2026-03-17,MOUN,90
PT201124,7,2026-06-18,MOUN,30
PT201124,8,2026-07-18,MOUN,90
PT201125,1,2025-10-26,RYBL,30
PT201125,2,2025-12-02,RYBL,30
PT201125,3,2026-01-01,RYBL,30
PT201126,1,2026-01-19,OZEM,30
PT201126,2,2026-03-05,OZEM,30
PT201126,3,2026-04-04,OZEM,90
PT201126,4,2026-07-03,OZEM,90
PT201127,1,2026-01-31,OZEM,30
PT201127,2,2026-03-02,OZEM,30
PT201127,3,2026-04-01,OZEM,90
PT201127,4,2026-06-30,OZEM,90
PT201128,1,2024-10-14,MOUN,30
PT201128,2,2024-11-13,MOUN,30
PT201129,1,2026-03-16,MOUN,30
PT201129,2,2026-04-15,MOUN,30
PT201129,3,2026-05-15,MOUN,30
PT201129,4,2026-06-14,MOUN,90
PT201130,1,2026-03-01,RYBL,30
PT201130,2,2026-04-15,RYBL,30
PT201130,3,2026-05-15,RYBL,90
PT201130,4,2026-08-28,RYBL,90
PT201131,1,2025-02-07,TRUL,30
PT201131,2,2025-03-24,TRUL,30
PT201131,3,2025-04-23,TRUL,30
PT201131,4,2025-05-12,TRUL,90
PT201131,5,2025-08-10,TRUL,30
PT201132,1,2025-11-22,OZEM,30
PT201132,2,2026-01-06,MOUN,30
PT201132,3,2026-02-05,MOUN,90
PT201132,4,2026-05-06,MOUN,90
PT201132,5,2026-08-07,MOUN,90
PT201133,1,2025-12-29,OZEM,30
PT201133,2,2026-01-28,OZEM,30
PT201133,3,2026-02-27,OZEM,90
PT201134,1,2025-08-15,RYBL,30
PT201134,2,2025-09-14,RYBL,30
PT201134,3,2025-10-17,RYBL,30
PT201134,4,2025-11-16,RYBL,90
PT201134,5,2026-02-21,RYBL,30
PT201134,6,2026-03-26,RYBL,30
PT201135,1,2026-02-17,MOUN,30
PT201135,2,2026-03-22,MOUN,30
PT201135,3,2026-04-21,MOUN,90
PT201135,4,2026-07-20,MOUN,90
PT201136,1,2025-03-01,MOUN,30
PT201136,2,2025-03-31,MOUN,30
PT201136,3,2025-04-30,MOUN,90
PT201136,4,2025-07-29,MOUN,90
PT201136,5,2025-10-27,MOUN,90
PT201136,6,2026-01-25,MOUN,30
PT201136,7,2026-02-24,MOUN,30
PT201137,1,2025-04-27,RYBL,30
PT201137,2,2025-05-27,RYBL,30
PT201137,3,2025-06-26,RYBL,90
PT201137,4,2025-09-24,RYBL,90
PT201137,5,2025-12-23,RYBL,30
PT201137,6,2026-01-22,RYBL,30
PT201137,7,2026-02-21,RYBL,90
PT201137,8,2026-05-29,RYBL,90
PT201138,1,2025-12-28,MOUN,30
PT201138,2,2026-02-11,MOUN,30
PT201138,3,2026-03-28,OZEM,30
PT201138,4,2026-04-27,OZEM,30
PT201138,5,2026-05-30,OZEM,90
PT201138,6,2026-08-28,OZEM,90
PT201139,1,2025-05-18,MOUN,30
PT201139,2,2025-06-17,MOUN,30
PT201139,3,2025-07-17,MOUN,90
PT201139,4,2025-10-30,MOUN,30
PT201139,5,2025-11-29,MOUN,90
PT201139,6,2026-02-27,MOUN,90
PT201139,7,2026-05-28,MOUN,90
PT201139,8,2026-08-26,MOUN,30
PT201140,1,2025-03-26,MOUN,30
PT201140,2,2025-04-25,MOUN,30
PT201140,3,2025-05-25,MOUN,90
PT201140,4,2025-08-23,MOUN,90
PT201140,5,2025-11-21,MOUN,90
PT201140,6,2026-02-19,MOUN,30
PT201140,7,2026-03-21,MOUN,90
PT201140,8,2026-06-26,MOUN,90
PT201141,1,2026-01-05,RYBL,30
PT201141,2,2026-02-11,RYBL,30
PT201142,1,2025-03-24,TRUL,30
PT201142,2,2025-04-23,TRUL,30
PT201142,3,2025-05-23,TRUL,90
PT201142,4,2025-08-21,TRUL,90
PT201142,5,2025-11-19,TRUL,90
PT201142,6,2026-02-17,TRUL,30
PT201142,7,2026-03-19,TRUL,90
PT201143,1,2025-09-01,OZEM,30
PT201145,1,2025-07-05,OZEM,30
PT201145,2,2025-08-07,OZEM,30
PT201145,3,2025-09-06,OZEM,30
PT201145,4,2025-10-06,OZEM,30
PT201145,5,2025-11-05,OZEM,90
PT201145,6,2026-02-03,OZEM,30
PT201146,1,2025-10-11,MOUN,30
PT201146,2,2025-11-25,MOUN,30
PT201146,3,2025-12-25,OZEM,30
PT201147,1,2025-11-15,RYBL,30
PT201147,2,2025-12-15,RYBL,30
PT201147,3,2026-01-14,RYBL,90
PT201147,4,2026-04-14,RYBL,30
PT201147,5,2026-05-14,RYBL,90
PT201147,6,2026-08-12,RYBL,90
PT201148,1,2026-02-24,RYBL,30
PT201148,2,2026-03-26,RYBL,30
PT201149,1,2025-09-11,OZEM,30
PT201149,2,2025-10-11,OZEM,30
PT201149,3,2025-11-10,OZEM,90
PT201149,4,2026-02-11,OZEM,30
PT201149,5,2026-03-13,OZEM,90
PT201149,6,2026-06-18,OZEM,90
PT201150,1,2025-08-01,TRUL,30
PT201150,2,2025-08-31,TRUL,30
PT201150,3,2025-09-30,TRUL,30
PT201150,4,2025-10-30,TRUL,30
PT201150,5,2025-11-29,TRUL,90
PT201150,6,2026-03-02,TRUL,90
PT201150,7,2026-05-31,TRUL,30
PT201150,8,2026-06-30,TRUL,90
PT201151,1,2025-11-16,MOUN,30
PT201151,2,2025-12-16,MOUN,30
PT201151,3,2026-01-15,MOUN,30
PT201151,4,2026-02-21,MOUN,90
PT201151,5,2026-05-22,MOUN,30
PT201151,6,2026-06-21,MOUN,30
PT201151,7,2026-07-21,MOUN,90
PT201152,1,2024-09-12,OZEM,30
PT201152,2,2024-10-12,OZEM,30
PT201152,3,2024-10-27,OZEM,30
PT201152,4,2024-11-26,OZEM,90
PT201152,5,2025-02-24,OZEM,90
PT201152,6,2025-05-25,OZEM,90
PT201152,7,2025-08-23,OZEM,90
PT201152,8,2025-11-21,OZEM,90
PT201152,9,2026-02-19,OZEM,90
PT201152,10,2026-05-20,OZEM,90
PT201152,11,2026-08-18,OZEM,30
PT201153,1,2024-12-30,MOUN,30
PT201153,2,2025-02-13,MOUN,30
PT201153,3,2025-03-15,MOUN,90
PT201153,4,2025-06-13,MOUN,30
PT201153,5,2025-07-13,MOUN,90
PT201153,6,2025-10-11,MOUN,90
PT201153,7,2026-01-09,MOUN,90
PT201153,8,2026-04-09,MOUN,90
PT201153,9,2026-07-08,MOUN,90
PT201155,1,2025-11-24,TRUL,30
PT201155,2,2025-12-31,TRUL,30
PT201155,3,2026-01-30,OZEM,30
PT201155,4,2026-03-04,OZEM,90
PT201155,5,2026-06-02,OZEM,90
PT201156,1,2025-04-25,OZEM,30
PT201156,2,2025-05-28,OZEM,30
PT201156,3,2025-06-13,OZEM,90
PT201156,4,2025-09-11,OZEM,30
PT201156,5,2025-10-11,OZEM,90
PT201156,6,2026-01-09,OZEM,30
PT201156,7,2026-02-08,OZEM,90
PT201157,1,2025-12-12,OZEM,30
PT201157,2,2026-01-11,OZEM,30
PT201157,3,2026-02-10,OZEM,90
PT201157,4,2026-05-11,OZEM,90
PT201157,5,2026-08-16,OZEM,30
PT201158,1,2025-10-02,OZEM,30
PT201158,2,2025-11-04,OZEM,30
PT201158,3,2025-12-04,OZEM,90
PT201158,4,2026-03-04,OZEM,30
PT201158,5,2026-04-03,OZEM,90
PT201158,6,2026-07-02,OZEM,90
PT201159,1,2025-08-11,RYBL,30
PT201159,2,2025-09-10,RYBL,30
PT201159,3,2025-10-10,RYBL,90
PT201159,4,2026-01-08,RYBL,90
PT201159,5,2026-04-23,RYBL,90
PT201159,6,2026-07-22,RYBL,90
PT201160,1,2025-10-21,MOUN,30
PT201160,2,2025-11-20,MOUN,30
PT201160,3,2025-12-20,MOUN,90
PT201160,4,2026-03-20,MOUN,90
PT201160,5,2026-06-18,MOUN,90
PT201161,1,2025-08-12,MOUN,30
PT201161,2,2025-09-11,RYBL,30
PT201161,3,2025-10-14,RYBL,90
PT201161,4,2026-01-12,RYBL,90
PT201161,5,2026-04-12,RYBL,90
PT201161,6,2026-07-11,RYBL,90
PT201162,1,2025-01-24,OZEM,30
PT201162,2,2025-02-23,OZEM,30
PT201162,3,2025-03-25,OZEM,30
PT201162,4,2025-04-27,OZEM,90
PT201162,5,2025-07-26,OZEM,90
PT201162,6,2025-10-24,OZEM,90
PT201162,7,2026-01-22,OZEM,90
PT201162,8,2026-04-22,OZEM,30
PT201162,9,2026-05-22,OZEM,90
PT201162,10,2026-08-20,OZEM,30
PT201163,1,2025-11-01,TRUL,30
PT201163,2,2025-12-01,TRUL,30
PT201163,3,2025-12-31,TRUL,30
PT201163,4,2026-01-30,TRUL,30
PT201163,5,2026-03-01,TRUL,90
PT201163,6,2026-05-30,TRUL,90
PT201163,7,2026-08-28,TRUL,30
PT201164,1,2025-09-13,TRUL,30
PT201164,2,2025-10-13,TRUL,30
PT201164,3,2025-11-15,TRUL,30
PT201164,4,2025-12-15,TRUL,30
PT201164,5,2026-01-14,TRUL,30
PT201164,6,2026-02-16,TRUL,90
PT201164,7,2026-05-17,TRUL,30
PT201164,8,2026-06-16,TRUL,30
PT201164,9,2026-07-16,TRUL,30
PT201164,10,2026-08-18,TRUL,30
PT201165,1,2025-04-05,TRUL,30
PT201165,2,2025-05-12,TRUL,30
PT201165,3,2025-06-11,TRUL,90
PT201165,4,2025-09-12,TRUL,30
PT201165,5,2025-10-12,TRUL,90
PT201165,6,2026-01-10,RYBL,90
PT201165,7,2026-04-10,RYBL,30
PT201165,8,2026-05-10,RYBL,90
PT201165,9,2026-08-08,RYBL,30
PT201166,1,2025-04-27,MOUN,30
PT201166,2,2025-05-27,MOUN,30
PT201166,3,2025-06-29,MOUN,90
PT201166,4,2025-09-27,MOUN,30
PT201166,5,2025-10-27,MOUN,30
PT201166,6,2025-11-26,MOUN,30
PT201166,7,2026-01-02,MOUN,90
PT201166,8,2026-04-05,MOUN,90
PT201166,9,2026-07-04,MOUN,30
PT201166,10,2026-08-10,MOUN,90
PT201167,1,2025-11-03,TRUL,30
PT201167,2,2025-12-03,TRUL,30
PT201167,3,2026-01-02,TRUL,30
PT201167,4,2026-02-16,TRUL,90
PT201167,5,2026-05-20,TRUL,30
PT201167,6,2026-06-26,RYBL,90
PT201168,1,2025-01-09,TRUL,30
PT201168,2,2025-02-08,TRUL,30
PT201168,3,2025-03-10,TRUL,30
PT201168,4,2025-04-09,TRUL,30
PT201168,5,2025-05-09,TRUL,90
PT201168,6,2025-08-07,TRUL,90
PT201168,7,2025-11-05,TRUL,90
PT201168,8,2026-02-03,TRUL,90
PT201168,9,2026-05-04,TRUL,30
PT201168,10,2026-06-03,TRUL,30
PT201168,11,2026-07-03,TRUL,90
PT201169,1,2025-05-03,OZEM,30
PT201169,2,2025-06-02,TRUL,30
PT201169,3,2025-07-05,TRUL,30
PT201169,4,2025-08-04,TRUL,90
PT201169,5,2025-11-02,TRUL,90
PT201169,6,2026-01-31,TRUL,90
PT201169,7,2026-05-01,TRUL,30
PT201169,8,2026-05-31,TRUL,30
PT201169,9,2026-06-30,TRUL,90
PT201170,1,2024-09-17,MOUN,30
PT201170,2,2024-10-20,MOUN,30
PT201170,3,2024-11-19,MOUN,90
PT201170,4,2025-02-17,MOUN,90
PT201170,5,2025-05-18,MOUN,90
PT201170,6,2025-08-16,MOUN,90
PT201170,7,2025-11-14,MOUN,90
PT201170,8,2026-02-12,MOUN,90
PT201170,9,2026-05-13,MOUN,90
PT201171,1,2025-08-12,MOUN,30
PT201171,2,2025-09-11,MOUN,30
PT201171,3,2025-10-11,MOUN,90
PT201172,1,2025-05-25,MOUN,30
PT201172,2,2025-06-24,MOUN,30
PT201172,3,2025-07-27,MOUN,90
PT201172,4,2025-10-28,MOUN,90
PT201172,5,2026-02-10,MOUN,90
PT201172,6,2026-05-11,MOUN,90
PT201172,7,2026-08-09,MOUN,30
PT201173,1,2025-07-29,RYBL,30
PT201173,2,2025-08-28,RYBL,30
PT201173,3,2025-10-12,RYBL,90
PT201173,4,2026-01-17,RYBL,90
PT201173,5,2026-04-17,RYBL,30
PT201173,6,2026-05-17,RYBL,30
PT201173,7,2026-06-16,RYBL,30
PT201173,8,2026-07-16,RYBL,90
PT201174,1,2025-09-13,MOUN,30
PT201174,2,2025-10-16,MOUN,30
PT201174,3,2025-11-15,MOUN,30
PT201174,4,2025-12-22,MOUN,90
PT201174,5,2026-03-22,MOUN,30
PT201174,6,2026-04-21,MOUN,90
PT201174,7,2026-07-20,MOUN,90
PT201175,1,2025-12-03,TRUL,30
PT201175,2,2026-01-05,TRUL,30
PT201175,3,2026-02-04,TRUL,30
PT201175,4,2026-03-09,MOUN,90
PT201175,5,2026-06-10,MOUN,90
PT201176,1,2025-04-23,RYBL,30
PT201176,2,2025-05-23,RYBL,30
PT201176,3,2025-06-22,RYBL,90
PT201176,4,2025-09-20,RYBL,90
PT201176,5,2025-12-19,RYBL,30
PT201176,6,2026-01-18,RYBL,90
PT201176,7,2026-04-18,RYBL,90
PT201176,8,2026-07-17,RYBL,90
PT201177,1,2024-12-23,MOUN,30
PT201177,2,2025-01-22,MOUN,30
PT201177,3,2025-02-21,MOUN,90
PT201177,4,2025-05-22,MOUN,90
PT201177,5,2025-08-20,MOUN,30
PT201177,6,2025-10-04,MOUN,90
PT201177,7,2026-01-02,MOUN,90
PT201178,1,2025-04-15,OZEM,30
PT201178,2,2025-05-15,OZEM,30
PT201178,3,2025-06-14,OZEM,90
PT201178,4,2025-09-15,OZEM,90
PT201178,5,2025-12-14,OZEM,90
PT201178,6,2026-03-14,OZEM,30
PT201178,7,2026-04-13,OZEM,90
PT201178,8,2026-07-12,OZEM,90
PT201179,1,2024-11-12,TRUL,30
PT201179,2,2024-12-15,TRUL,30
PT201179,3,2025-01-14,TRUL,30
PT201179,4,2025-02-13,TRUL,90
PT201179,5,2025-05-14,TRUL,30
PT201179,6,2025-06-13,TRUL,90
PT201179,7,2025-09-11,TRUL,30
PT201179,8,2025-10-11,TRUL,90
PT201180,1,2025-05-13,OZEM,30
PT201180,2,2025-06-12,OZEM,30
PT201180,3,2025-07-12,OZEM,90
PT201180,4,2025-10-10,OZEM,90
PT201180,5,2026-01-08,TRUL,90
PT201180,6,2026-04-08,TRUL,90
PT201180,7,2026-07-07,TRUL,90
PT201181,1,2025-11-24,MOUN,30
PT201181,2,2025-12-24,MOUN,30
PT201181,3,2026-01-23,MOUN,30
PT201181,4,2026-02-22,MOUN,90
PT201181,5,2026-05-26,MOUN,30
PT201181,6,2026-06-25,MOUN,30
PT201181,7,2026-07-25,MOUN,90
PT201182,1,2024-12-18,OZEM,30
PT201182,2,2025-02-01,OZEM,30
PT201182,3,2025-03-10,OZEM,90
PT201183,1,2024-10-21,TRUL,30
PT201183,2,2024-12-05,TRUL,30
PT201183,3,2025-01-04,TRUL,90
PT201183,4,2025-04-07,TRUL,30
PT201183,5,2025-05-07,TRUL,30
PT201183,6,2025-06-06,MOUN,90
PT201183,7,2025-09-04,MOUN,90
PT201183,8,2025-12-03,MOUN,30
PT201183,9,2026-01-02,MOUN,90
PT201183,10,2026-04-02,MOUN,30
PT201183,11,2026-05-05,MOUN,30
PT201183,12,2026-06-04,MOUN,90
PT201184,1,2025-01-18,MOUN,30
PT201184,2,2025-02-17,MOUN,30
PT201184,3,2025-03-19,MOUN,30
PT201184,4,2025-04-25,MOUN,90
PT201184,5,2025-07-24,MOUN,90
PT201184,6,2025-10-22,MOUN,30
PT201186,1,2025-05-27,MOUN,30
PT201186,2,2025-06-26,MOUN,30
PT201186,3,2025-07-29,MOUN,90
PT201186,4,2025-10-27,MOUN,90
PT201186,5,2025-11-10,MOUN,90
PT201186,6,2026-02-08,MOUN,90
PT201186,7,2026-05-09,MOUN,90
PT201186,8,2026-08-22,MOUN,90
PT201187,1,2026-02-10,MOUN,30
PT201187,2,2026-03-12,MOUN,30
PT201187,3,2026-04-11,MOUN,90
PT201187,4,2026-07-10,MOUN,90
PT201189,1,2025-03-22,TRUL,30
PT201189,2,2025-04-21,TRUL,30
PT201190,1,2025-10-15,TRUL,30
PT201190,2,2025-11-14,RYBL,30
PT201190,3,2025-12-14,RYBL,30
PT201190,4,2026-01-13,RYBL,30
PT201190,5,2026-02-12,RYBL,90
PT201190,6,2026-05-13,RYBL,90
PT201190,7,2026-08-11,RYBL,90
PT201191,1,2025-06-05,MOUN,30
PT201192,1,2025-06-12,MOUN,30
PT201192,2,2025-07-12,MOUN,30
PT201193,1,2025-09-01,MOUN,30
PT201193,2,2025-10-01,MOUN,30
PT201193,3,2025-11-15,MOUN,90
PT201194,1,2025-06-13,MOUN,30
PT201194,2,2025-07-13,MOUN,30
PT201194,3,2025-08-12,MOUN,30
PT201194,4,2025-09-26,MOUN,30
PT201194,5,2025-10-26,MOUN,30
PT201194,6,2025-11-25,OZEM,90
PT201194,7,2026-02-26,OZEM,90
PT201194,8,2026-05-27,OZEM,90
PT201195,1,2026-01-13,TRUL,30
PT201195,2,2026-02-15,TRUL,30
PT201195,3,2026-03-17,TRUL,30
PT201195,4,2026-04-16,TRUL,90
PT201195,5,2026-07-15,TRUL,90
PT201196,1,2025-09-17,RYBL,30
PT201196,2,2025-10-20,RYBL,30
PT201196,3,2025-11-19,RYBL,90
PT201196,4,2026-02-17,RYBL,90
PT201196,5,2026-06-02,RYBL,90
PT201198,1,2026-02-18,TRUL,30
PT201198,2,2026-03-20,TRUL,30
PT201198,3,2026-04-19,TRUL,90
PT201199,1,2025-02-27,MOUN,30
PT201199,2,2025-03-29,MOUN,30
PT201199,3,2025-04-28,MOUN,30
PT201199,4,2025-06-04,MOUN,30
PT201199,5,2025-07-04,MOUN,90
PT201199,6,2025-10-02,MOUN,90
PT201200,1,2025-03-10,MOUN,30
PT201200,2,2025-04-09,MOUN,30
PT201200,3,2025-04-26,MOUN,90
PT201200,4,2025-07-25,MOUN,90
PT201200,5,2025-10-23,MOUN,90
PT201200,6,2026-01-21,MOUN,90
PT201200,7,2026-04-21,MOUN,30
PT201200,8,2026-05-21,MOUN,90
PT201200,9,2026-08-19,MOUN,90
PT201201,1,2025-06-23,MOUN,30
PT201201,2,2025-07-26,MOUN,30
PT201201,3,2025-08-25,MOUN,90
PT201201,4,2025-11-23,MOUN,90
PT201201,5,2026-02-21,MOUN,90
PT201202,1,2025-11-24,MOUN,30
PT201202,2,2025-12-24,OZEM,30
PT201202,3,2026-01-23,OZEM,90
PT201202,4,2026-04-23,OZEM,30
PT201202,5,2026-05-26,OZEM,90
PT201203,1,2026-03-21,OZEM,30
PT201203,2,2026-04-20,OZEM,30
PT201203,3,2026-05-20,MOUN,30
PT201203,4,2026-06-19,MOUN,90
PT201204,1,2026-01-06,MOUN,30
PT201204,2,2026-02-05,RYBL,30
PT201204,3,2026-03-14,RYBL,90
PT201204,4,2026-06-12,RYBL,90
PT201205,1,2026-02-15,TRUL,30
PT201206,1,2025-12-26,MOUN,30
PT201206,2,2026-01-25,MOUN,30
PT201206,3,2026-02-24,MOUN,30
PT201206,4,2026-03-26,MOUN,30
PT201206,5,2026-04-25,MOUN,30
PT201206,6,2026-05-25,MOUN,90
PT201206,7,2026-08-23,MOUN,30
PT201207,1,2025-03-11,OZEM,30
PT201207,2,2025-04-13,OZEM,30
PT201207,3,2025-05-16,OZEM,90
PT201207,4,2025-08-14,OZEM,90
PT201207,5,2025-11-12,OZEM,30
PT201207,6,2025-12-12,OZEM,90
PT201207,7,2026-03-12,OZEM,30
PT201207,8,2026-04-11,MOUN,90
PT201208,1,2024-10-31,OZEM,30
PT201208,2,2024-11-30,OZEM,30
PT201208,3,2024-12-17,OZEM,90
PT201208,4,2025-03-17,OZEM,90
PT201208,5,2025-06-15,OZEM,30
PT201208,6,2025-07-15,OZEM,30
PT201208,7,2025-08-14,OZEM,90
PT201208,8,2025-11-12,OZEM,30
PT201209,1,2025-11-11,OZEM,30
PT201209,2,2025-12-18,OZEM,30
PT201209,3,2026-01-17,OZEM,30
PT201209,4,2026-02-16,OZEM,90
PT201209,5,2026-05-17,OZEM,90
PT201209,6,2026-08-15,OZEM,90
PT201211,1,2025-11-10,MOUN,30
PT201211,2,2025-12-10,MOUN,30
PT201212,1,2024-11-26,OZEM,30
PT201212,2,2024-12-29,OZEM,30
PT201212,3,2025-01-15,OZEM,90
PT201212,4,2025-04-15,OZEM,90
PT201212,5,2025-07-14,OZEM,90
PT201212,6,2025-10-12,OZEM,90
PT201212,7,2026-01-10,OZEM,30
PT201212,8,2026-02-09,MOUN,30
PT201212,9,2026-03-14,MOUN,90
PT201212,10,2026-06-12,MOUN,90
PT201213,1,2026-03-09,OZEM,30
PT201213,2,2026-04-08,OZEM,30
PT201213,3,2026-05-15,OZEM,90
PT201213,4,2026-08-13,OZEM,90
PT201214,1,2025-09-05,OZEM,30
PT201214,2,2025-10-05,OZEM,30
PT201214,3,2025-11-04,OZEM,30
PT201216,1,2026-01-08,MOUN,30
PT201216,2,2026-02-07,MOUN,30
PT201216,3,2026-03-09,OZEM,90
PT201217,1,2024-10-23,RYBL,30
PT201217,2,2024-11-22,RYBL,30
PT201218,1,2025-11-01,MOUN,30
PT201218,2,2025-12-01,MOUN,30
PT201219,1,2025-01-05,MOUN,30
PT201219,2,2025-02-04,MOUN,30
PT201219,3,2025-03-06,MOUN,90
PT201219,4,2025-06-19,RYBL,90
PT201219,5,2025-09-17,RYBL,90
PT201219,6,2025-12-16,RYBL,30
PT201219,7,2026-01-15,RYBL,30
PT201219,8,2026-02-14,RYBL,90
PT201219,9,2026-05-15,RYBL,30
PT201219,10,2026-06-14,RYBL,30
PT201219,11,2026-07-21,RYBL,90
PT201220,1,2024-09-17,TRUL,30
PT201220,2,2024-10-17,TRUL,30
PT201220,3,2024-11-16,TRUL,90
PT201220,4,2025-02-14,TRUL,90
PT201220,5,2025-05-15,TRUL,90
PT201220,6,2025-08-13,TRUL,90
PT201220,7,2025-11-11,TRUL,90
PT201221,1,2026-01-11,MOUN,30
PT201221,2,2026-02-13,MOUN,30
PT201222,1,2025-08-20,OZEM,30
PT201222,2,2025-09-19,OZEM,30
PT201222,3,2025-10-05,OZEM,30
PT201222,4,2025-11-04,OZEM,30
PT201222,5,2025-12-04,OZEM,30
PT201223,1,2025-08-24,OZEM,30
PT201223,2,2025-09-26,OZEM,30
PT201223,3,2025-10-26,OZEM,90
PT201223,4,2026-01-24,OZEM,30
PT201223,5,2026-02-26,OZEM,90
PT201223,6,2026-05-27,OZEM,90
PT201223,7,2026-08-25,OZEM,90
PT201224,1,2024-11-04,RYBL,30
PT201224,2,2024-12-04,RYBL,30
PT201224,3,2025-01-03,RYBL,30
PT201224,4,2025-02-02,RYBL,90
PT201224,5,2025-05-03,RYBL,90
PT201224,6,2025-08-01,RYBL,90
PT201224,7,2025-11-02,OZEM,30
PT201224,8,2025-12-09,OZEM,30
PT201224,9,2026-01-08,OZEM,90
PT201224,10,2026-04-08,OZEM,30
PT201224,11,2026-05-08,OZEM,90
PT201224,12,2026-08-06,OZEM,90
PT201225,1,2025-02-02,TRUL,30
PT201225,2,2025-03-07,TRUL,30
PT201225,3,2025-04-06,TRUL,90
PT201225,4,2025-07-05,TRUL,30
PT201225,5,2025-08-04,TRUL,30
PT201225,6,2025-09-03,TRUL,30
PT201225,7,2025-10-10,TRUL,90
PT201225,8,2026-01-08,TRUL,90
PT201225,9,2026-04-08,OZEM,90
PT201225,10,2026-07-07,OZEM,90
PT201226,1,2024-10-15,MOUN,30
PT201226,2,2024-11-14,MOUN,30
PT201226,3,2024-12-14,MOUN,90
PT201226,4,2025-03-14,MOUN,90
PT201226,5,2025-06-12,MOUN,90
PT201226,6,2025-09-13,MOUN,90
PT201226,7,2025-12-19,MOUN,90
PT201226,8,2026-03-19,MOUN,90
PT201226,9,2026-06-17,MOUN,90
PT201227,1,2024-12-26,OZEM,30
PT201227,2,2025-01-25,OZEM,30
PT201227,3,2025-02-24,OZEM,30
PT201228,1,2025-05-12,MOUN,30
PT201228,2,2025-06-11,MOUN,30
PT201228,3,2025-07-11,MOUN,90
PT201228,4,2025-10-09,MOUN,90
PT201228,5,2026-01-07,MOUN,90
PT201228,6,2026-04-07,MOUN,30
PT201228,7,2026-05-07,MOUN,90
PT201228,8,2026-08-08,MOUN,30
PT201229,1,2025-12-22,MOUN,30
PT201229,2,2026-01-24,MOUN,30
PT201229,3,2026-02-23,MOUN,30
PT201229,4,2026-03-25,MOUN,30
PT201229,5,2026-04-24,MOUN,30
PT201229,6,2026-05-24,MOUN,90
PT201229,7,2026-08-22,MOUN,30
PT201230,1,2025-07-29,MOUN,30
PT201230,2,2025-08-28,MOUN,30
PT201230,3,2025-10-04,MOUN,90
PT201231,1,2025-01-21,OZEM,30
PT201231,2,2025-02-20,OZEM,30
PT201231,3,2025-03-22,OZEM,30
PT201231,4,2025-04-28,OZEM,90
PT201231,5,2025-07-27,OZEM,90
PT201231,6,2025-10-25,OZEM,30
PT201231,7,2025-11-24,RYBL,30
PT201231,8,2025-12-31,RYBL,30
PT201231,9,2026-01-30,RYBL,90
PT201231,10,2026-04-30,RYBL,30
PT201231,11,2026-06-02,RYBL,90
PT201232,1,2026-02-05,MOUN,30
PT201232,2,2026-03-07,MOUN,30
PT201232,3,2026-04-06,MOUN,30
PT201232,4,2026-05-13,MOUN,90
PT201232,5,2026-08-14,MOUN,90
PT201233,1,2025-11-04,MOUN,30
PT201233,2,2025-12-04,MOUN,30
PT201233,3,2026-01-03,MOUN,90
PT201233,4,2026-04-03,MOUN,90
PT201233,5,2026-07-02,MOUN,90
PT201234,1,2024-12-03,TRUL,30
PT201234,2,2025-01-02,TRUL,30
PT201235,1,2024-12-25,TRUL,30
PT201235,2,2025-01-24,TRUL,30
PT201235,3,2025-02-23,TRUL,90
PT201236,1,2024-09-22,TRUL,30
PT201236,2,2024-10-25,TRUL,30
PT201236,3,2024-11-24,TRUL,90
PT201236,4,2025-03-01,TRUL,90
PT201236,5,2025-06-14,TRUL,30
PT201236,6,2025-07-14,TRUL,90
PT201236,7,2025-10-12,TRUL,90
PT201236,8,2026-01-10,TRUL,90
PT201236,9,2026-04-17,TRUL,90
PT201236,10,2026-07-16,TRUL,90
PT201237,1,2026-02-20,OZEM,30
PT201237,2,2026-03-22,OZEM,30
PT201237,3,2026-04-21,OZEM,30
PT201237,4,2026-05-21,OZEM,90
PT201237,5,2026-08-22,OZEM,90
PT201238,1,2025-12-29,MOUN,30
PT201238,2,2026-01-31,MOUN,30
PT201238,3,2026-03-02,MOUN,90
PT201238,4,2026-05-31,MOUN,30
PT201238,5,2026-06-30,MOUN,90
PT201239,1,2025-03-28,MOUN,30
PT201239,2,2025-04-30,MOUN,30
PT201239,3,2025-05-30,MOUN,90
PT201240,1,2025-06-10,MOUN,30
PT201240,2,2025-07-10,MOUN,30
PT201240,3,2025-08-24,MOUN,90
PT201240,4,2025-11-22,MOUN,90
PT201240,5,2026-02-20,MOUN,90
PT201240,6,2026-05-21,MOUN,90
PT201240,7,2026-08-19,MOUN,90
PT201241,1,2024-12-12,OZEM,30
PT201241,2,2025-01-26,OZEM,30
PT201241,3,2025-02-11,OZEM,30
PT201241,4,2025-03-13,OZEM,90
PT201241,5,2025-06-26,OZEM,30
PT201241,6,2025-07-26,OZEM,30
PT201241,7,2025-08-25,OZEM,90
PT201241,8,2025-11-23,OZEM,30
PT201241,9,2025-12-23,OZEM,30
PT201241,10,2026-01-25,OZEM,90
PT201241,11,2026-04-25,OZEM,90
PT201242,1,2026-01-01,MOUN,30
PT201242,2,2026-02-15,MOUN,30
PT201242,3,2026-03-24,MOUN,90
PT201242,4,2026-06-22,MOUN,90
PT201243,1,2024-09-17,OZEM,30
PT201243,2,2024-10-17,TRUL,30
PT201243,3,2024-12-01,TRUL,30
PT201243,4,2024-12-13,TRUL,30
PT201243,5,2025-01-12,TRUL,90
PT201243,6,2025-04-12,TRUL,90
PT201243,7,2025-07-11,TRUL,30
PT201243,8,2025-08-10,TRUL,30
PT201243,9,2025-09-09,TRUL,90
PT201243,10,2025-12-08,TRUL,90
PT201243,11,2026-03-08,TRUL,90
PT201243,12,2026-06-06,MOUN,30
PT201243,13,2026-07-06,MOUN,30
PT201243,14,2026-08-05,MOUN,90
PT201243,15,2026-08-25,MOUN,90
PT201244,1,2025-01-23,MOUN,30
PT201244,2,2025-03-09,MOUN,30
PT201244,3,2025-04-08,MOUN,90
PT201244,4,2025-07-07,MOUN,90
PT201244,5,2025-10-05,MOUN,30
PT201244,6,2025-11-04,MOUN,90
PT201244,7,2026-02-02,MOUN,30
PT201244,8,2026-03-04,MOUN,90
PT201244,9,2026-06-02,MOUN,30
PT201244,10,2026-07-02,MOUN,90
PT201245,1,2025-12-01,MOUN,30
PT201245,2,2026-01-07,MOUN,30
PT201245,3,2026-02-06,MOUN,90
PT201247,1,2025-08-18,TRUL,30
PT201247,2,2025-09-17,TRUL,30
PT201247,3,2025-10-17,TRUL,90
PT201247,4,2026-01-15,TRUL,90
PT201247,5,2026-04-18,TRUL,90
PT201247,6,2026-07-17,TRUL,90
PT201248,1,2025-01-17,OZEM,30
PT201248,2,2025-02-16,OZEM,30
PT201248,3,2025-03-18,OZEM,90
PT201248,4,2025-06-16,MOUN,30
PT201248,5,2025-07-16,MOUN,30
PT201248,6,2025-08-15,MOUN,30
PT201248,7,2025-09-17,MOUN,30
PT201248,8,2025-10-17,MOUN,90
PT201248,9,2026-01-18,MOUN,90
PT201248,10,2026-04-18,MOUN,30
PT201248,11,2026-05-18,MOUN,30
PT201248,12,2026-06-17,MOUN,90
PT201249,1,2025-10-16,TRUL,30
PT201249,2,2025-11-15,TRUL,30
PT201249,3,2025-12-15,TRUL,90
PT201249,4,2026-03-15,TRUL,30
PT201249,5,2026-04-14,TRUL,30
PT201249,6,2026-05-14,TRUL,90
PT201249,7,2026-08-12,TRUL,90
PT201250,1,2024-10-12,RYBL,30
PT201250,2,2024-11-11,RYBL,30
PT201250,3,2024-12-11,RYBL,30
PT201250,4,2025-01-10,RYBL,90
PT201250,5,2025-04-13,RYBL,90
PT201250,6,2025-07-12,RYBL,30
PT201250,7,2025-08-11,RYBL,30
PT201250,8,2025-09-10,RYBL,90
PT201250,9,2025-12-09,RYBL,30
PT201250,10,2026-01-08,RYBL,90
PT201250,11,2026-04-23,RYBL,90
PT201250,12,2026-07-22,RYBL,30
PT201250,13,2026-08-21,RYBL,90
PT201251,1,2025-10-28,MOUN,30
PT201251,2,2025-11-09,MOUN,30
PT201251,3,2025-12-09,MOUN,90
PT201251,4,2026-03-12,MOUN,90
PT201251,5,2026-06-10,MOUN,30
PT201251,6,2026-07-17,MOUN,90
PT201252,1,2025-04-15,OZEM,30
PT201252,2,2025-05-15,OZEM,30
PT201252,3,2025-06-21,OZEM,30
PT201252,4,2025-07-21,MOUN,30
PT201252,5,2025-08-20,MOUN,30
PT201252,6,2025-09-19,MOUN,90
PT201252,7,2025-12-18,MOUN,90
PT201252,8,2026-03-18,MOUN,30
PT201252,9,2026-05-02,MOUN,30
PT201253,1,2024-12-25,TRUL,30
PT201253,2,2025-02-08,MOUN,30
PT201253,3,2025-03-10,MOUN,30
PT201253,4,2025-04-09,MOUN,90
PT201253,5,2025-07-08,OZEM,30
PT201254,1,2025-09-25,OZEM,30
PT201254,2,2025-10-25,OZEM,30
PT201254,3,2025-11-24,OZEM,90
PT201254,4,2026-02-25,OZEM,90
PT201254,5,2026-05-26,OZEM,30
PT201254,6,2026-06-25,OZEM,90
PT201255,1,2025-07-30,RYBL,30
PT201255,2,2025-08-29,RYBL,30
PT201255,3,2025-09-28,RYBL,30
PT201255,4,2025-10-31,RYBL,90
PT201255,5,2026-01-29,RYBL,90
PT201255,6,2026-04-29,RYBL,90
PT201255,7,2026-07-31,RYBL,90
PT201256,1,2026-01-17,OZEM,30
PT201256,2,2026-03-03,OZEM,30
PT201256,3,2026-04-17,MOUN,30
PT201256,4,2026-05-17,MOUN,90
PT201256,5,2026-08-15,OZEM,30
PT201257,1,2026-03-16,MOUN,30
PT201257,2,2026-04-15,MOUN,30
PT201257,3,2026-05-30,MOUN,90
PT201258,1,2026-02-28,OZEM,30
PT201258,2,2026-03-30,OZEM,30
PT201258,3,2026-04-29,MOUN,30
PT201258,4,2026-05-29,MOUN,90
PT201258,5,2026-08-27,MOUN,90
PT201259,1,2025-07-29,MOUN,30
PT201259,2,2025-08-28,MOUN,30
PT201259,3,2025-09-27,MOUN,30
PT201259,4,2025-11-03,MOUN,30
PT201259,5,2025-12-10,MOUN,30
PT201259,6,2026-01-09,MOUN,90
PT201259,7,2026-04-09,MOUN,30
PT201259,8,2026-05-09,MOUN,30
PT201259,9,2026-06-11,MOUN,90
PT201260,1,2026-01-30,TRUL,30
PT201260,2,2026-03-01,TRUL,30
PT201261,1,2025-05-05,OZEM,30
PT201262,1,2025-03-12,OZEM,30
PT201263,1,2026-02-24,MOUN,30
PT201263,2,2026-04-02,MOUN,30
PT201264,1,2025-02-13,OZEM,30
PT201264,2,2025-03-15,OZEM,30
PT201264,3,2025-04-14,OZEM,90
PT201265,1,2024-10-01,TRUL,30
PT201265,2,2024-10-31,TRUL,30
PT201265,3,2024-11-30,TRUL,30
PT201265,4,2024-12-30,TRUL,90
PT201265,5,2025-03-30,TRUL,90
PT201265,6,2025-06-28,MOUN,90
PT201265,7,2025-09-26,MOUN,90
PT201265,8,2026-01-01,MOUN,90
PT201266,1,2025-12-26,TRUL,30
PT201266,2,2026-01-25,MOUN,30
PT201266,3,2026-02-24,MOUN,90
PT201266,4,2026-05-25,MOUN,30
PT201266,5,2026-06-27,OZEM,30
PT201266,6,2026-07-27,OZEM,30
PT201266,7,2026-08-26,OZEM,30
PT201267,1,2024-10-11,TRUL,30
PT201267,2,2024-11-10,TRUL,30
PT201267,3,2024-12-25,OZEM,90
PT201267,4,2025-03-25,OZEM,90
PT201267,5,2025-06-26,OZEM,30
PT201268,1,2025-10-26,MOUN,30
PT201268,2,2025-11-25,MOUN,30
PT201268,3,2025-12-25,MOUN,90
PT201268,4,2026-03-25,MOUN,90
PT201268,5,2026-06-23,MOUN,90
PT201269,1,2025-09-16,OZEM,30
PT201269,2,2025-10-16,OZEM,30
PT201269,3,2025-11-22,OZEM,30
PT201269,4,2025-12-22,OZEM,90
PT201269,5,2026-03-22,OZEM,30
PT201269,6,2026-04-21,OZEM,90
PT201269,7,2026-07-20,OZEM,90
PT201270,1,2026-01-27,MOUN,30
PT201270,2,2026-02-26,MOUN,30
PT201270,3,2026-03-28,MOUN,90
PT201271,1,2025-01-11,OZEM,30
PT201271,2,2025-02-25,OZEM,30
PT201271,3,2025-03-27,OZEM,90
PT201271,4,2025-06-25,OZEM,30
PT201271,5,2025-07-25,MOUN,90
PT201271,6,2025-10-23,MOUN,30
PT201271,7,2025-11-22,MOUN,90
PT201272,1,2026-01-10,MOUN,30
PT201272,2,2026-02-09,MOUN,30
PT201272,3,2026-03-14,MOUN,90
PT201272,4,2026-06-12,MOUN,90
PT201273,1,2025-10-12,OZEM,30
PT201273,2,2025-11-11,OZEM,30
PT201273,3,2025-11-26,OZEM,90
PT201273,4,2026-02-24,TRUL,30
PT201273,5,2026-03-26,TRUL,30
PT201273,6,2026-04-25,TRUL,90
PT201273,7,2026-07-24,TRUL,90
PT201275,1,2024-12-17,OZEM,30
PT201275,2,2025-01-16,OZEM,30
PT201275,3,2025-02-15,OZEM,30
PT201275,4,2025-03-17,OZEM,90
PT201275,5,2025-06-18,OZEM,90
PT201275,6,2025-09-23,OZEM,30
PT201275,7,2025-10-23,OZEM,90
PT201275,8,2026-01-21,OZEM,90
PT201275,9,2026-04-24,OZEM,90
PT201275,10,2026-07-26,OZEM,30
PT201275,11,2026-08-25,OZEM,90
PT201276,1,2026-01-27,RYBL,30
PT201276,2,2026-02-26,RYBL,30
PT201276,3,2026-03-28,RYBL,90
PT201276,4,2026-07-11,RYBL,90
PT201277,1,2025-07-29,TRUL,30
PT201277,2,2025-08-28,TRUL,30
PT201277,3,2025-09-27,TRUL,90
PT201277,4,2025-12-26,MOUN,90
PT201278,1,2025-01-23,OZEM,30
PT201278,2,2025-02-25,OZEM,30
PT201278,3,2025-03-27,OZEM,30
PT201278,4,2025-04-26,OZEM,90
PT201278,5,2025-07-25,OZEM,90
PT201278,6,2025-10-23,OZEM,90
PT201278,7,2026-01-24,OZEM,90
PT201279,1,2025-07-18,OZEM,30
PT201279,2,2025-08-17,OZEM,30
PT201279,3,2025-09-02,OZEM,90
PT201279,4,2025-12-04,OZEM,30
PT201279,5,2026-01-10,OZEM,90
PT201279,6,2026-04-10,OZEM,90
PT201279,7,2026-07-12,OZEM,90
PT201280,1,2025-04-13,OZEM,30
PT201280,2,2025-05-13,OZEM,30
PT201280,3,2025-06-12,OZEM,90
PT201281,1,2025-09-11,TRUL,30
PT201281,2,2025-10-11,TRUL,30
PT201281,3,2025-11-10,TRUL,30
PT201281,4,2025-12-10,TRUL,90
PT201281,5,2026-03-10,TRUL,30
PT201281,6,2026-04-09,TRUL,90
PT201282,1,2025-08-24,MOUN,30
PT201282,2,2025-09-23,MOUN,30
PT201282,3,2025-10-23,MOUN,90
PT201282,4,2026-01-21,MOUN,90
PT201282,5,2026-04-21,MOUN,30
PT201282,6,2026-05-21,MOUN,90
PT201282,7,2026-08-19,MOUN,30
PT201283,1,2024-11-11,TRUL,30
PT201283,2,2024-12-11,TRUL,30
PT201283,3,2025-01-10,TRUL,90
PT201283,4,2025-04-10,TRUL,90
PT201283,5,2025-07-09,TRUL,90
PT201283,6,2025-10-22,TRUL,90
PT201283,7,2026-01-23,TRUL,90
PT201284,1,2025-08-05,OZEM,30
PT201284,2,2025-09-04,OZEM,30
PT201284,3,2025-10-04,OZEM,90
PT201284,4,2026-01-02,OZEM,90
PT201284,5,2026-04-02,OZEM,90
PT201284,6,2026-07-01,OZEM,90
PT201286,1,2025-05-06,MOUN,30
PT201286,2,2025-06-05,MOUN,30
PT201286,3,2025-07-05,MOUN,90
PT201286,4,2025-10-03,MOUN,90
PT201286,5,2026-01-01,MOUN,90
PT201287,1,2024-11-11,RYBL,30
PT201287,2,2024-12-11,RYBL,30
PT201287,3,2025-01-10,OZEM,90
PT201287,4,2025-04-10,OZEM,30
PT201287,5,2025-05-10,OZEM,30
PT201287,6,2025-06-16,OZEM,90
PT201288,1,2025-07-28,TRUL,30
PT201288,2,2025-08-27,TRUL,30
PT201288,3,2025-10-03,MOUN,90
PT201288,4,2026-01-01,MOUN,30
PT201288,5,2026-02-03,MOUN,90
PT201288,6,2026-05-04,MOUN,90
PT201288,7,2026-08-05,MOUN,90
PT201289,1,2025-10-15,TRUL,30
PT201289,2,2025-11-21,TRUL,30
PT201289,3,2025-12-21,TRUL,90
PT201289,4,2026-03-21,TRUL,90
PT201289,5,2026-06-19,TRUL,30
PT201289,6,2026-07-19,MOUN,30
PT201289,7,2026-08-18,MOUN,90
PT201291,1,2025-08-18,MOUN,30
PT201291,2,2025-09-17,MOUN,30
PT201291,3,2025-10-17,MOUN,90
PT201292,1,2025-10-12,MOUN,30
PT201292,2,2025-11-11,MOUN,30
PT201292,3,2025-12-11,MOUN,90
PT201292,4,2026-03-14,MOUN,30
PT201292,5,2026-04-13,MOUN,30
PT201292,6,2026-05-13,MOUN,90
PT201292,7,2026-08-11,MOUN,90
PT201293,1,2025-01-15,MOUN,30
PT201293,2,2025-03-01,MOUN,30
PT201293,3,2025-03-31,MOUN,90
PT201293,4,2025-06-29,MOUN,90
PT201293,5,2025-09-27,MOUN,30
PT201293,6,2025-10-27,MOUN,30
PT201293,7,2025-11-26,MOUN,30
PT201293,8,2025-12-26,MOUN,30
PT201293,9,2026-01-25,MOUN,90
PT201293,10,2026-05-02,MOUN,30
PT201293,11,2026-06-08,MOUN,90
PT201294,1,2025-01-05,OZEM,30
PT201294,2,2025-02-04,OZEM,30
PT201294,3,2025-03-06,OZEM,30
PT201294,4,2025-04-05,OZEM,90
PT201295,1,2024-09-13,MOUN,30
PT201295,2,2024-10-13,MOUN,30
PT201296,1,2025-03-30,MOUN,30
PT201296,2,2025-04-29,MOUN,30
PT201296,3,2025-06-05,MOUN,90
PT201296,4,2025-09-03,MOUN,90
PT201296,5,2025-12-02,MOUN,90
PT201296,6,2026-03-02,MOUN,90
PT201296,7,2026-05-31,MOUN,90
PT201296,8,2026-08-29,MOUN,90
PT201298,1,2026-02-22,MOUN,30
PT201298,2,2026-03-24,MOUN,30
PT201298,3,2026-05-08,MOUN,90
PT201299,1,2025-03-16,OZEM,30
PT201299,2,2025-04-15,OZEM,30
PT201299,3,2025-05-15,OZEM,90
PT201299,4,2025-08-16,OZEM,90
PT201299,5,2025-11-21,OZEM,90
PT201299,6,2026-02-19,OZEM,90
PT201299,7,2026-05-20,OZEM,90
PT201299,8,2026-08-18,OZEM,30
PT201300,1,2026-02-12,TRUL,30
PT201300,2,2026-03-14,TRUL,30
PT201300,3,2026-04-13,TRUL,90
PT201300,4,2026-07-15,TRUL,90
PT201301,1,2025-07-21,MOUN,30
PT201301,2,2025-08-20,MOUN,30
PT201301,3,2025-09-22,MOUN,90
PT201301,4,2025-12-21,MOUN,30
PT201301,5,2026-01-20,MOUN,90
PT201301,6,2026-04-23,MOUN,90
PT201301,7,2026-08-06,MOUN,90
PT201302,1,2025-03-29,MOUN,30
PT201302,2,2025-04-28,MOUN,30
PT201302,3,2025-05-28,MOUN,90
PT201302,4,2025-08-26,MOUN,90
PT201302,5,2025-11-24,MOUN,90
PT201302,6,2026-03-09,MOUN,90
PT201302,7,2026-06-07,MOUN,90
PT201303,1,2025-07-11,MOUN,30
PT201303,2,2025-08-10,MOUN,30
PT201303,3,2025-09-09,MOUN,30
PT201303,4,2025-10-09,MOUN,30
PT201304,1,2026-02-16,RYBL,30
PT201304,2,2026-03-21,RYBL,30
PT201304,3,2026-05-05,RYBL,90
PT201305,1,2025-06-28,MOUN,30
PT201305,2,2025-07-28,MOUN,30
PT201305,3,2025-08-27,MOUN,30
PT201305,4,2025-09-26,MOUN,90
PT201305,5,2025-12-25,MOUN,30
PT201306,1,2025-03-31,TRUL,30
PT201306,2,2025-05-03,TRUL,30
PT201306,3,2025-06-02,TRUL,90
PT201306,4,2025-08-31,TRUL,30
PT201306,5,2025-09-18,TRUL,30
PT201307,1,2026-02-18,OZEM,30
PT201307,2,2026-03-20,OZEM,30
PT201307,3,2026-04-19,OZEM,30
PT201307,4,2026-05-19,OZEM,90
PT201307,5,2026-08-17,OZEM,90
PT201308,1,2025-10-15,TRUL,30
PT201308,2,2025-11-14,TRUL,30
PT201308,3,2025-12-14,TRUL,90
PT201308,4,2026-03-14,TRUL,90
PT201308,5,2026-06-15,MOUN,30
PT201308,6,2026-07-22,MOUN,30
PT201308,7,2026-08-21,MOUN,90
PT201309,1,2024-12-01,OZEM,30
PT201309,2,2024-12-31,OZEM,30
PT201309,3,2025-01-30,OZEM,90
PT201309,4,2025-04-30,OZEM,90
PT201309,5,2025-07-29,OZEM,90
PT201309,6,2025-11-03,OZEM,90
PT201309,7,2026-02-16,OZEM,90
PT201309,8,2026-05-17,OZEM,90
PT201309,9,2026-08-15,OZEM,90
PT201310,1,2026-03-21,OZEM,30
PT201310,2,2026-05-05,OZEM,30
PT201310,3,2026-06-04,OZEM,90
PT201311,1,2025-02-06,TRUL,30
PT201311,2,2025-03-08,TRUL,30
PT201311,3,2025-04-07,TRUL,90
PT201311,4,2025-07-06,MOUN,30
PT201311,5,2025-08-05,MOUN,30
PT201311,6,2025-09-11,MOUN,90
PT201312,1,2025-08-25,MOUN,30
PT201312,2,2025-09-24,MOUN,30
PT201312,3,2025-10-24,MOUN,90
PT201312,4,2026-01-22,MOUN,30
PT201312,5,2026-02-21,MOUN,90
PT201312,6,2026-05-22,MOUN,90
PT201312,7,2026-08-20,MOUN,90
PT201313,1,2026-02-03,MOUN,30
PT201313,2,2026-03-05,MOUN,30
PT201313,3,2026-04-04,MOUN,90
PT201313,4,2026-07-03,MOUN,30
PT201313,5,2026-08-02,MOUN,90
PT201314,1,2025-08-20,TRUL,30
PT201314,2,2025-09-19,TRUL,30
PT201314,3,2025-10-19,TRUL,90
PT201314,4,2026-01-17,TRUL,90
PT201314,5,2026-04-17,TRUL,30
PT201314,6,2026-05-17,TRUL,90
PT201314,7,2026-08-18,TRUL,30
PT201315,1,2025-05-02,OZEM,30
PT201315,2,2025-06-01,OZEM,30
PT201315,3,2025-07-01,OZEM,90
PT201315,4,2025-10-06,OZEM,90
PT201315,5,2026-01-04,OZEM,90
PT201315,6,2026-04-04,OZEM,30
PT201315,7,2026-05-04,OZEM,30
PT201315,8,2026-06-03,OZEM,90
PT201316,1,2025-01-22,TRUL,30
PT201316,2,2025-02-21,TRUL,30
PT201316,3,2025-03-23,TRUL,90
PT201316,4,2025-06-21,TRUL,90
PT201317,1,2025-09-08,OZEM,30
PT201319,1,2025-06-21,MOUN,30
PT201319,2,2025-07-21,MOUN,30
PT201319,3,2025-08-20,MOUN,90
PT201319,4,2025-11-21,MOUN,90
PT201319,5,2026-02-19,MOUN,30
PT201319,6,2026-03-24,MOUN,30
PT201319,7,2026-04-23,MOUN,90
PT201319,8,2026-07-22,MOUN,30
PT201319,9,2026-08-21,MOUN,90
PT201320,1,2024-11-30,TRUL,30
PT201320,2,2025-01-14,TRUL,30
PT201320,3,2025-02-13,TRUL,90
PT201320,4,2025-05-14,TRUL,90
PT201320,5,2025-08-19,TRUL,30
PT201320,6,2025-09-18,TRUL,30
PT201320,7,2025-11-02,OZEM,90
PT201320,8,2026-02-03,OZEM,90
PT201320,9,2026-05-04,OZEM,30
PT201320,10,2026-06-18,OZEM,90
PT201321,1,2025-08-12,OZEM,30
PT201321,2,2025-09-11,OZEM,30
PT201321,3,2025-10-11,OZEM,90
PT201321,4,2026-01-09,OZEM,30
PT201321,5,2026-02-08,OZEM,30
PT201322,1,2025-03-11,MOUN,30
PT201322,2,2025-04-10,MOUN,30
PT201322,3,2025-05-10,MOUN,30
PT201322,4,2025-06-09,MOUN,90
PT201322,5,2025-09-07,MOUN,90
PT201322,6,2025-12-06,MOUN,90
PT201323,1,2024-11-20,MOUN,30
PT201324,1,2024-11-05,OZEM,30
PT201324,2,2024-12-05,OZEM,30
PT201325,1,2024-10-18,RYBL,30
PT201327,1,2025-09-22,TRUL,30
PT201327,2,2025-10-22,TRUL,30
PT201327,3,2025-11-21,TRUL,90
PT201328,1,2024-12-30,MOUN,30
PT201328,2,2025-02-01,MOUN,30
PT201328,3,2025-03-03,MOUN,30
PT201328,4,2025-04-05,MOUN,90
PT201328,5,2025-07-04,MOUN,30
PT201328,6,2025-08-03,MOUN,30
PT201328,7,2025-09-02,MOUN,90
PT201328,8,2025-12-01,MOUN,30
PT201328,9,2025-12-31,MOUN,30
PT201328,10,2026-02-14,MOUN,90
PT201328,11,2026-05-15,MOUN,30
PT201329,1,2024-11-10,MOUN,30
PT201329,2,2024-12-10,MOUN,30
PT201330,1,2025-07-11,OZEM,30
PT201330,2,2025-07-22,OZEM,30
PT201330,3,2025-08-21,OZEM,90
PT201331,1,2025-05-31,TRUL,30
PT201331,2,2025-07-07,TRUL,30
PT201331,3,2025-08-21,TRUL,90
PT201331,4,2025-11-19,TRUL,30
PT201331,5,2025-12-19,TRUL,90
PT201331,6,2026-03-19,TRUL,30
PT201331,7,2026-04-18,TRUL,30
PT201331,8,2026-05-18,TRUL,30
PT201331,9,2026-06-17,TRUL,90
PT201332,1,2026-02-22,MOUN,30
PT201332,2,2026-03-24,MOUN,30
PT201332,3,2026-04-23,MOUN,90
PT201332,4,2026-07-22,MOUN,90
PT201333,1,2025-10-09,TRUL,30
PT201333,2,2025-11-08,TRUL,30
PT201333,3,2025-12-08,TRUL,30
PT201333,4,2026-01-07,TRUL,90
PT201334,1,2025-08-26,OZEM,30
PT201334,2,2025-09-25,OZEM,30
PT201334,3,2025-11-01,OZEM,30
PT201334,4,2025-12-16,OZEM,90
PT201334,5,2026-03-16,OZEM,30
PT201334,6,2026-04-22,OZEM,90
PT201334,7,2026-07-24,OZEM,90
PT201335,1,2024-12-30,OZEM,30
PT201335,2,2025-01-29,OZEM,30
PT201335,3,2025-02-28,OZEM,30
PT201335,4,2025-04-02,OZEM,90
PT201335,5,2025-07-04,OZEM,90
PT201335,6,2025-10-02,OZEM,90
PT201335,7,2025-12-31,OZEM,90
PT201335,8,2026-03-31,OZEM,90
PT201335,9,2026-06-29,OZEM,90
PT201336,1,2025-11-03,RYBL,30
PT201336,2,2025-12-03,RYBL,30
PT201336,3,2026-01-02,RYBL,90
PT201336,4,2026-04-02,RYBL,90
PT201336,5,2026-07-01,RYBL,30
PT201336,6,2026-07-31,RYBL,90
PT201337,1,2024-11-02,MOUN,30
PT201337,2,2024-12-02,MOUN,30
PT201337,3,2025-01-01,MOUN,90
PT201337,4,2025-04-01,MOUN,90
PT201337,5,2025-06-30,MOUN,90
PT201337,6,2025-07-15,MOUN,30
PT201337,7,2025-08-17,MOUN,90
PT201337,8,2025-11-15,MOUN,90
PT201337,9,2026-02-13,MOUN,90
PT201337,10,2026-05-14,RYBL,90
PT201337,11,2026-08-12,RYBL,90
PT201338,1,2024-10-03,MOUN,30
PT201338,2,2024-11-05,MOUN,30
PT201338,3,2024-12-05,MOUN,30
PT201339,1,2026-02-07,MOUN,30
PT201339,2,2026-03-09,MOUN,30
PT201339,3,2026-04-08,MOUN,90
PT201339,4,2026-07-07,MOUN,90
PT201340,1,2024-09-09,OZEM,30
PT201340,2,2024-10-09,OZEM,30
PT201340,3,2024-10-24,OZEM,90
PT201341,1,2025-09-10,MOUN,30
PT201341,2,2025-10-10,MOUN,30
PT201341,3,2025-11-12,MOUN,30
PT201341,4,2025-11-30,MOUN,90
PT201341,5,2026-02-28,MOUN,30
PT201341,6,2026-03-30,MOUN,90
PT201341,7,2026-06-28,MOUN,30
PT201341,8,2026-07-28,MOUN,90
PT201342,1,2025-10-05,RYBL,30
PT201342,2,2025-11-04,RYBL,30
PT201342,3,2025-12-04,RYBL,30
PT201342,4,2026-01-03,RYBL,90
PT201342,5,2026-04-03,RYBL,90
PT201342,6,2026-07-02,RYBL,30
PT201342,7,2026-08-08,RYBL,30
PT201343,1,2025-10-18,TRUL,30
PT201343,2,2025-11-17,TRUL,30
PT201343,3,2025-12-17,TRUL,30
PT201343,4,2026-01-16,TRUL,90
PT201343,5,2026-04-16,TRUL,30
PT201343,6,2026-05-19,TRUL,30
PT201343,7,2026-06-18,TRUL,90
PT201344,1,2024-12-28,RYBL,30
PT201344,2,2025-01-27,RYBL,30
PT201344,3,2025-02-26,RYBL,90
PT201344,4,2025-05-27,RYBL,90
PT201344,5,2025-08-25,RYBL,90
PT201344,6,2025-11-26,RYBL,90
PT201345,1,2026-02-27,TRUL,30
PT201345,2,2026-03-29,MOUN,30
PT201345,3,2026-04-28,MOUN,90
PT201345,4,2026-07-27,MOUN,90
PT201346,1,2024-12-09,TRUL,30
PT201346,2,2025-01-15,TRUL,30
PT201347,1,2024-12-06,MOUN,30
PT201347,2,2025-01-05,MOUN,30
PT201347,3,2025-02-04,MOUN,90
PT201347,4,2025-05-05,MOUN,90
PT201347,5,2025-08-03,MOUN,90
PT201347,6,2025-11-01,MOUN,90
PT201347,7,2026-01-30,MOUN,90
PT201347,8,2026-05-03,MOUN,30
PT201347,9,2026-06-02,OZEM,90
PT201348,1,2025-11-29,MOUN,30
PT201348,2,2025-12-29,MOUN,30
PT201348,3,2026-01-28,MOUN,30
PT201348,4,2026-02-27,MOUN,30
PT201348,5,2026-03-29,MOUN,90
PT201348,6,2026-07-12,MOUN,90
PT201349,1,2026-03-06,MOUN,30
PT201350,1,2025-10-21,MOUN,30
PT201350,2,2025-11-20,MOUN,30
PT201350,3,2025-12-20,MOUN,90
PT201350,4,2026-03-23,MOUN,30
PT201351,1,2025-05-11,OZEM,30
PT201351,2,2025-06-10,OZEM,30
PT201351,3,2025-07-10,OZEM,90
PT201351,4,2025-10-23,OZEM,30
PT201351,5,2025-11-22,OZEM,30
PT201351,6,2025-12-22,OZEM,30
PT201352,1,2025-08-02,MOUN,30
PT201352,2,2025-09-01,MOUN,30
PT201352,3,2025-10-01,MOUN,90
PT201352,4,2025-12-30,MOUN,30
PT201352,5,2026-01-29,MOUN,30
PT201352,6,2026-02-13,MOUN,90
PT201352,7,2026-05-17,MOUN,90
PT201352,8,2026-08-15,MOUN,30
PT201353,1,2025-01-04,TRUL,30
PT201353,2,2025-02-18,TRUL,30
PT201353,3,2025-03-23,TRUL,90
PT201353,4,2025-06-21,TRUL,90
PT201353,5,2025-09-19,TRUL,30
PT201353,6,2025-10-22,TRUL,30
PT201353,7,2025-11-28,TRUL,30
PT201353,8,2025-12-28,TRUL,90
PT201353,9,2026-03-28,TRUL,90
PT201353,10,2026-06-26,TRUL,90
PT201354,1,2026-03-02,OZEM,30
PT201354,2,2026-04-01,OZEM,30
PT201354,3,2026-05-01,OZEM,90
PT201354,4,2026-07-30,OZEM,30
PT201354,5,2026-08-29,MOUN,30
PT201355,1,2025-04-24,OZEM,30
PT201355,2,2025-05-24,OZEM,30
PT201355,3,2025-06-23,OZEM,90
PT201355,4,2025-09-21,OZEM,90
PT201355,5,2025-12-20,OZEM,30
PT201355,6,2026-01-19,OZEM,90
PT201355,7,2026-04-19,OZEM,90
PT201355,8,2026-07-18,OZEM,90
PT201356,1,2024-09-17,TRUL,30
PT201356,2,2024-10-17,TRUL,30
PT201356,3,2024-11-23,TRUL,90
PT201356,4,2025-02-21,TRUL,90
PT201356,5,2025-05-22,TRUL,90
PT201356,6,2025-08-20,TRUL,90
PT201357,1,2026-02-03,OZEM,30
PT201357,2,2026-03-12,OZEM,30
PT201357,3,2026-03-28,OZEM,90
PT201357,4,2026-06-26,OZEM,90
PT201358,1,2025-04-14,MOUN,30
PT201360,1,2024-09-04,MOUN,30
PT201360,2,2024-10-04,MOUN,30
PT201360,3,2024-11-03,MOUN,30
PT201360,4,2024-12-03,MOUN,30
PT201360,5,2025-01-05,MOUN,90
PT201360,6,2025-04-05,MOUN,90
PT201360,7,2025-07-04,MOUN,30
PT201360,8,2025-08-06,MOUN,90
PT201360,9,2025-11-04,MOUN,90
PT201361,1,2024-11-14,RYBL,30
PT201361,2,2024-12-14,RYBL,30
PT201362,1,2024-11-24,MOUN,30
PT201362,2,2024-12-24,MOUN,30
PT201362,3,2025-01-23,MOUN,90
PT201362,4,2025-04-23,MOUN,90
PT201362,5,2025-07-22,MOUN,30
PT201362,6,2025-08-21,MOUN,90
PT201362,7,2025-11-19,MOUN,30
PT201362,8,2025-12-19,MOUN,90
PT201362,9,2026-03-19,MOUN,30
PT201363,1,2026-03-04,MOUN,30
PT201363,2,2026-04-03,MOUN,30
PT201363,3,2026-05-03,MOUN,30
PT201363,4,2026-06-02,MOUN,90
PT201364,1,2025-03-02,OZEM,30
PT201364,2,2025-04-01,OZEM,30
PT201364,3,2025-05-08,OZEM,30
PT201364,4,2025-06-07,OZEM,90
PT201364,5,2025-09-05,OZEM,90
PT201364,6,2025-12-19,OZEM,90
PT201365,1,2025-12-09,OZEM,30
PT201365,2,2026-01-08,OZEM,30
PT201365,3,2026-01-24,OZEM,30
PT201365,4,2026-02-23,OZEM,30
PT201365,5,2026-03-28,OZEM,90
PT201365,6,2026-06-26,OZEM,30
PT201365,7,2026-07-26,OZEM,90
PT201366,1,2025-10-13,OZEM,30
PT201366,2,2025-11-12,OZEM,30
PT201366,3,2025-12-12,OZEM,30
PT201366,4,2026-01-11,OZEM,90
PT201366,5,2026-04-11,OZEM,30
PT201366,6,2026-05-11,OZEM,90
PT201366,7,2026-08-09,OZEM,30
PT201367,1,2025-11-20,MOUN,30
PT201367,2,2025-12-20,MOUN,30
PT201367,3,2026-02-03,MOUN,90
PT201367,4,2026-05-04,MOUN,90
PT201367,5,2026-08-02,MOUN,90
PT201368,1,2025-04-05,MOUN,30
PT201368,2,2025-05-05,MOUN,30
PT201368,3,2025-06-04,MOUN,30
PT201368,4,2025-07-04,MOUN,90
PT201368,5,2025-10-02,MOUN,90
PT201368,6,2026-01-07,MOUN,90
PT201368,7,2026-04-07,MOUN,90
PT201369,1,2026-03-09,OZEM,30
PT201369,2,2026-04-08,OZEM,30
PT201369,3,2026-04-23,OZEM,90
PT201369,4,2026-07-22,OZEM,90
PT201370,1,2025-05-26,OZEM,30
PT201370,2,2025-06-25,OZEM,30
PT201370,3,2025-07-25,OZEM,90
PT201370,4,2025-10-23,OZEM,30
PT201371,1,2024-11-21,TRUL,30
PT201371,2,2024-12-24,TRUL,30
PT201372,1,2025-01-26,OZEM,30
PT201372,2,2025-02-28,OZEM,30
PT201372,3,2025-04-02,OZEM,90
PT201372,4,2025-07-01,OZEM,90
PT201373,1,2025-09-03,MOUN,30
PT201373,2,2025-10-18,MOUN,30
PT201373,3,2025-11-17,MOUN,90
PT201373,4,2025-11-28,MOUN,90
PT201373,5,2026-02-26,MOUN,90
PT201373,6,2026-05-27,MOUN,90
PT201373,7,2026-08-28,OZEM,30
PT201374,1,2024-10-26,MOUN,30
PT201374,2,2024-11-28,MOUN,30
PT201374,3,2024-12-28,MOUN,90
PT201375,1,2026-01-04,MOUN,30
PT201375,2,2026-02-03,MOUN,30
PT201375,3,2026-03-05,MOUN,30
PT201375,4,2026-04-04,MOUN,90
PT201375,5,2026-07-06,MOUN,90
PT201377,1,2025-11-16,OZEM,30
PT201377,2,2025-12-16,OZEM,30
PT201377,3,2026-01-22,OZEM,90
PT201377,4,2026-04-22,OZEM,30
PT201377,5,2026-05-22,OZEM,90
PT201377,6,2026-08-20,OZEM,90
PT201378,1,2025-05-11,RYBL,30
PT201378,2,2025-06-10,RYBL,30
PT201380,1,2025-04-02,MOUN,30
PT201380,2,2025-05-02,MOUN,30
PT201380,3,2025-06-01,MOUN,90
PT201380,4,2025-08-30,OZEM,90
PT201380,5,2025-12-13,OZEM,30
PT201380,6,2026-01-19,OZEM,90
PT201380,7,2026-04-19,OZEM,90
PT201381,1,2024-10-06,MOUN,30
PT201381,2,2024-11-08,MOUN,30
PT201382,1,2025-03-29,OZEM,30
PT201382,2,2025-04-28,OZEM,30
PT201382,3,2025-05-28,OZEM,90
PT201382,4,2025-08-26,OZEM,30
PT201382,5,2025-09-25,OZEM,90
PT201382,6,2025-12-24,OZEM,90
PT201382,7,2026-03-24,OZEM,30
PT201382,8,2026-04-23,OZEM,30
PT201383,1,2024-11-04,OZEM,30
PT201383,2,2024-12-04,OZEM,30
PT201383,3,2025-01-03,OZEM,30
PT201383,4,2025-02-02,OZEM,30
PT201383,5,2025-03-04,OZEM,90
PT201383,6,2025-06-02,OZEM,90
PT201383,7,2025-09-07,OZEM,30
PT201383,8,2025-10-07,OZEM,90
PT201383,9,2026-01-05,OZEM,90
PT201383,10,2026-04-12,OZEM,90
PT201383,11,2026-07-11,OZEM,90
PT201384,1,2026-01-09,RYBL,30
PT201384,2,2026-02-08,RYBL,30
PT201385,1,2025-04-25,TRUL,30
PT201385,2,2025-05-25,TRUL,30
PT201385,3,2025-06-24,TRUL,30
PT201385,4,2025-07-27,MOUN,30
PT201385,5,2025-09-02,MOUN,90
PT201385,6,2025-12-01,MOUN,30
PT201385,7,2026-01-07,MOUN,90
PT201386,1,2025-03-30,MOUN,30
PT201386,2,2025-04-29,MOUN,30
PT201386,3,2025-05-29,OZEM,90
PT201386,4,2025-08-27,OZEM,90
PT201386,5,2025-11-25,MOUN,30
PT201386,6,2025-12-25,MOUN,90
PT201386,7,2026-04-01,TRUL,90
PT201386,8,2026-06-30,TRUL,30
PT201386,9,2026-07-30,TRUL,30
PT201387,1,2025-02-22,MOUN,30
PT201387,2,2025-03-24,MOUN,30
PT201387,3,2025-04-23,MOUN,90
PT201387,4,2025-07-22,MOUN,90
PT201387,5,2025-10-20,MOUN,90
PT201388,1,2025-08-01,MOUN,30
PT201389,1,2024-09-17,MOUN,30
PT201389,2,2024-10-17,MOUN,30
PT201389,3,2024-11-16,MOUN,90
PT201389,4,2025-02-14,MOUN,90
PT201389,5,2025-05-15,MOUN,90
PT201390,1,2025-01-29,RYBL,30
PT201390,2,2025-03-03,RYBL,30
PT201390,3,2025-04-02,RYBL,90
PT201390,4,2025-07-08,RYBL,90
PT201390,5,2025-10-06,RYBL,90
PT201390,6,2026-01-07,RYBL,90
PT201390,7,2026-04-07,RYBL,90
PT201390,8,2026-07-06,RYBL,30
PT201390,9,2026-08-08,RYBL,30
PT201392,1,2025-08-25,MOUN,30
PT201392,2,2025-09-24,MOUN,30
PT201392,3,2025-10-31,MOUN,90
PT201392,4,2026-01-29,MOUN,90
PT201392,5,2026-05-06,MOUN,30
PT201392,6,2026-06-05,MOUN,90
PT201393,1,2025-08-11,TRUL,30
PT201393,2,2025-09-10,TRUL,30
PT201393,3,2025-10-10,TRUL,90
PT201393,4,2026-01-11,TRUL,90
PT201393,5,2026-04-11,TRUL,90
PT201393,6,2026-07-10,TRUL,90
PT201395,1,2026-01-12,MOUN,30
PT201395,2,2026-02-11,TRUL,30
PT201396,1,2025-12-22,MOUN,30
PT201396,2,2026-01-21,MOUN,30
PT201396,3,2026-02-23,MOUN,30
PT201396,4,2026-03-25,MOUN,30
PT201396,5,2026-04-24,MOUN,90
PT201396,6,2026-07-23,MOUN,30
PT201396,7,2026-08-22,MOUN,30
PT201397,1,2024-09-16,TRUL,30
PT201398,1,2024-09-23,TRUL,30
PT201398,2,2024-10-23,TRUL,30
PT201398,3,2024-11-25,TRUL,90
PT201398,4,2025-02-23,TRUL,90
PT201398,5,2025-05-24,TRUL,30
PT201398,6,2025-06-26,TRUL,90
PT201398,7,2025-09-24,TRUL,90
PT201398,8,2025-12-23,TRUL,90
PT201399,1,2025-04-14,MOUN,30
PT201399,2,2025-05-14,MOUN,30
PT201399,3,2025-06-13,MOUN,30
PT201399,4,2025-07-13,MOUN,90
PT201399,5,2025-10-11,MOUN,30
PT201399,6,2025-11-25,MOUN,90
PT201399,7,2026-02-26,MOUN,90
PT201399,8,2026-05-27,MOUN,30
PT201399,9,2026-06-29,MOUN,30
PT201399,10,2026-08-01,MOUN,30
PT201400,1,2025-08-03,TRUL,30
PT201400,2,2025-09-02,TRUL,30
PT201400,3,2025-10-02,TRUL,30
PT201400,4,2025-11-01,TRUL,90
PT201400,5,2026-01-30,TRUL,90
PT201400,6,2026-04-30,TRUL,90
PT201400,7,2026-07-29,TRUL,90
PT201401,1,2025-12-14,OZEM,30
PT201401,2,2026-01-13,OZEM,30
PT201401,3,2026-02-12,OZEM,90
PT201402,1,2025-12-17,MOUN,30
PT201402,2,2026-01-16,MOUN,30
PT201402,3,2026-02-15,MOUN,30
PT201402,4,2026-03-17,MOUN,30
PT201402,5,2026-04-16,MOUN,30
PT201402,6,2026-05-16,MOUN,90
PT201402,7,2026-08-14,MOUN,30
PT201404,1,2025-03-04,OZEM,30
PT201404,2,2025-04-03,OZEM,30
PT201404,3,2025-05-03,OZEM,90
PT201404,4,2025-08-01,OZEM,30
PT201404,5,2025-08-31,OZEM,90
PT201404,6,2025-11-29,OZEM,90
PT201404,7,2026-02-27,TRUL,90
PT201404,8,2026-05-28,TRUL,30
PT201404,9,2026-06-27,TRUL,30
PT201404,10,2026-07-27,TRUL,90
PT201405,1,2025-02-03,TRUL,30
PT201405,2,2025-03-05,TRUL,30
PT201405,3,2025-04-04,TRUL,90
PT201405,4,2025-07-03,TRUL,90
PT201405,5,2025-10-01,TRUL,30
PT201405,6,2025-10-31,TRUL,90
PT201405,7,2026-01-29,TRUL,90
PT201405,8,2026-04-29,TRUL,90
PT201405,9,2026-07-28,TRUL,30
PT201406,1,2026-01-11,TRUL,30
PT201406,2,2026-02-10,TRUL,30
PT201406,3,2026-03-12,MOUN,90
PT201406,4,2026-06-10,MOUN,90
PT201407,1,2025-05-27,TRUL,30
PT201407,2,2025-07-11,TRUL,30
PT201407,3,2025-08-10,TRUL,30
PT201407,4,2025-09-09,TRUL,90
PT201407,5,2025-12-08,TRUL,90
PT201407,6,2026-03-15,MOUN,90
PT201408,1,2025-06-03,TRUL,30
PT201408,2,2025-07-10,TRUL,30
PT201408,3,2025-08-09,TRUL,90
PT201408,4,2025-11-07,TRUL,30
PT201408,5,2025-12-14,TRUL,90
PT201408,6,2026-03-14,TRUL,90
PT201408,7,2026-06-12,TRUL,90
PT201409,1,2025-03-03,TRUL,30
PT201409,2,2025-04-02,TRUL,30
PT201409,3,2025-05-02,TRUL,30
PT201409,4,2025-06-04,TRUL,90
PT201409,5,2025-09-02,TRUL,90
PT201409,6,2025-12-16,TRUL,90
PT201409,7,2026-03-16,TRUL,30
PT201409,8,2026-04-22,TRUL,90
PT201409,9,2026-07-21,MOUN,90
PT201410,1,2025-08-20,MOUN,30
PT201411,1,2025-12-02,MOUN,30
PT201411,2,2026-01-01,MOUN,30
PT201411,3,2026-01-31,MOUN,30
PT201411,4,2026-03-02,MOUN,90
PT201411,5,2026-06-15,MOUN,30
PT201411,6,2026-07-15,MOUN,30
PT201411,7,2026-08-14,MOUN,30
PT201412,1,2026-03-18,OZEM,30
PT201412,2,2026-04-17,OZEM,30
PT201412,3,2026-05-17,OZEM,30
PT201412,4,2026-07-01,OZEM,90
PT201413,1,2025-05-18,RYBL,30
PT201413,2,2025-06-17,RYBL,30
PT201413,3,2025-07-17,RYBL,90
PT201413,4,2025-10-15,RYBL,90
PT201413,5,2026-01-13,RYBL,90
PT201413,6,2026-04-28,RYBL,90
PT201413,7,2026-07-27,RYBL,90
PT201414,1,2025-08-20,TRUL,30
PT201414,2,2025-09-22,TRUL,30
PT201414,3,2025-10-22,TRUL,90
PT201414,4,2026-02-04,TRUL,90
PT201414,5,2026-05-05,TRUL,90
PT201414,6,2026-08-03,TRUL,30
PT201415,1,2024-12-05,RYBL,30
PT201415,2,2025-01-04,RYBL,30
PT201415,3,2025-02-10,RYBL,90
PT201415,4,2025-02-24,RYBL,90
PT201415,5,2025-05-25,TRUL,90
PT201415,6,2025-08-30,TRUL,90
PT201415,7,2025-11-28,TRUL,90
PT201415,8,2026-03-05,TRUL,30
PT201415,9,2026-04-04,TRUL,90
PT201415,10,2026-07-03,TRUL,90
PT201416,1,2025-08-25,RYBL,30
PT201416,2,2025-09-24,RYBL,30
PT201418,1,2025-12-10,TRUL,30
PT201418,2,2026-01-09,TRUL,30
PT201418,3,2026-02-08,TRUL,90
PT201418,4,2026-05-09,TRUL,90
PT201418,5,2026-08-07,TRUL,90
PT201419,1,2025-02-12,RYBL,30
PT201419,2,2025-03-14,RYBL,30
PT201419,3,2025-04-13,RYBL,30
PT201419,4,2025-05-13,RYBL,90
PT201419,5,2025-08-11,RYBL,30
PT201419,6,2025-09-10,RYBL,90
PT201419,7,2025-12-12,RYBL,90
PT201419,8,2026-03-12,RYBL,90
PT201419,9,2026-06-10,RYBL,30
PT201419,10,2026-07-10,RYBL,30
PT201419,11,2026-08-09,RYBL,90
PT201420,1,2025-07-28,TRUL,30
PT201420,2,2025-09-03,TRUL,30
PT201420,3,2025-10-03,TRUL,90
PT201421,1,2025-02-14,TRUL,30
PT201421,2,2025-03-16,TRUL,30
PT201421,3,2025-04-15,TRUL,90
PT201421,4,2025-07-14,TRUL,30
PT201421,5,2025-08-28,TRUL,30
PT201421,6,2025-09-27,TRUL,90
PT201421,7,2025-12-26,TRUL,90
PT201421,8,2026-03-26,TRUL,30
PT201421,9,2026-04-25,MOUN,90
PT201422,1,2025-06-30,TRUL,30
PT201422,2,2025-07-30,TRUL,30
PT201422,3,2025-08-29,TRUL,30
PT201422,4,2025-09-28,TRUL,30
PT201422,5,2025-10-28,TRUL,90
PT201423,1,2024-12-14,OZEM,30
PT201423,2,2025-01-13,OZEM,30
PT201423,3,2025-02-12,OZEM,90
PT201423,4,2025-05-13,OZEM,90
PT201423,5,2025-08-11,OZEM,90
PT201423,6,2025-11-09,OZEM,90
PT201423,7,2026-02-14,OZEM,90
PT201423,8,2026-05-15,OZEM,90
PT201423,9,2026-08-13,OZEM,90
PT201424,1,2025-08-01,OZEM,30
PT201424,2,2025-08-31,OZEM,30
PT201424,3,2025-09-30,OZEM,30
PT201424,4,2025-10-30,OZEM,90
PT201425,1,2024-12-21,TRUL,30
PT201425,2,2025-01-20,TRUL,30
PT201426,1,2026-03-01,TRUL,30
PT201426,2,2026-03-31,TRUL,30
PT201426,3,2026-04-30,TRUL,90
PT201426,4,2026-07-29,TRUL,90
PT201427,1,2025-06-19,OZEM,30
PT201427,2,2025-07-22,OZEM,30
PT201427,3,2025-08-24,OZEM,90
PT201427,4,2025-11-25,OZEM,30
PT201427,5,2025-12-25,OZEM,90
PT201427,6,2026-03-25,OZEM,90
PT201427,7,2026-06-23,OZEM,90
PT201428,1,2026-02-22,TRUL,30
PT201428,2,2026-03-24,TRUL,30
PT201428,3,2026-04-23,TRUL,90
PT201428,4,2026-07-22,TRUL,30
PT201428,5,2026-08-21,TRUL,30
PT201429,1,2025-04-13,RYBL,30
PT201429,2,2025-05-13,RYBL,30
PT201429,3,2025-06-12,RYBL,90
PT201429,4,2025-09-10,RYBL,90
PT201429,5,2025-12-12,RYBL,90
PT201429,6,2026-03-12,RYBL,90
PT201429,7,2026-06-13,RYBL,90
PT201430,1,2026-02-23,TRUL,30
PT201430,2,2026-03-25,MOUN,30
PT201430,3,2026-04-24,MOUN,90
PT201430,4,2026-07-23,MOUN,90
PT201431,1,2024-10-07,OZEM,30
PT201431,2,2024-11-06,OZEM,30
PT201431,3,2024-12-06,RYBL,90
PT201431,4,2025-03-06,RYBL,30
PT201431,5,2025-04-05,RYBL,90
PT201431,6,2025-07-04,RYBL,90
PT201431,7,2025-10-02,RYBL,30
PT201431,8,2025-11-01,RYBL,90
PT201431,9,2026-01-30,RYBL,90
PT201431,10,2026-04-30,RYBL,30
PT201431,11,2026-05-30,RYBL,90
PT201431,12,2026-08-28,RYBL,90
PT201432,1,2025-11-14,OZEM,30
PT201432,2,2025-12-29,OZEM,30
PT201432,3,2026-01-28,OZEM,90
PT201432,4,2026-04-28,OZEM,30
PT201432,5,2026-05-28,OZEM,90
PT201433,1,2026-01-03,MOUN,30
PT201433,2,2026-02-02,MOUN,30
PT201433,3,2026-03-04,MOUN,90
PT201433,4,2026-06-02,MOUN,90
PT201435,1,2026-01-09,MOUN,30
PT201435,2,2026-02-08,MOUN,30
PT201435,3,2026-03-17,MOUN,30
PT201435,4,2026-04-23,MOUN,90
PT201435,5,2026-07-22,MOUN,90
PT201436,1,2025-10-18,TRUL,30
PT201436,2,2025-11-17,TRUL,30
PT201436,3,2025-12-17,TRUL,30
PT201436,4,2026-01-23,TRUL,90
PT201436,5,2026-04-26,TRUL,90
PT201436,6,2025-09-17,TRUL,90
PT201437,1,2024-12-02,MOUN,30
PT201437,2,2025-01-04,MOUN,30
PT201438,1,2025-07-12,TRUL,30
PT201438,2,2025-08-14,TRUL,30
PT201438,3,2025-09-13,TRUL,90
PT201438,4,2025-12-12,TRUL,90
PT201438,5,2026-03-27,TRUL,90
PT201438,6,2026-06-25,MOUN,30
PT201438,7,2026-07-25,MOUN,30
PT201438,8,2026-08-24,MOUN,90
PT201439,1,2025-08-25,MOUN,30
PT201439,2,2025-09-24,MOUN,30
PT201439,3,2025-10-24,MOUN,90
PT201439,4,2026-02-06,MOUN,90
PT201439,5,2026-05-07,MOUN,90
PT201439,6,2026-08-05,MOUN,90
PT201440,1,2025-12-22,MOUN,30
PT201440,2,2026-01-21,MOUN,30
PT201440,3,2026-02-20,MOUN,30
PT201440,4,2026-03-22,MOUN,90
PT201440,5,2026-06-20,MOUN,30
PT201440,6,2026-07-20,MOUN,90
PT201441,1,2025-04-25,TRUL,30
PT201441,2,2025-06-01,TRUL,30
PT201441,3,2025-07-01,TRUL,90
PT201441,4,2025-09-29,TRUL,30
PT201442,1,2025-12-31,RYBL,30
PT201442,2,2026-01-30,RYBL,30
PT201442,3,2026-03-04,RYBL,90
PT201443,1,2025-05-12,OZEM,30
PT201444,1,2025-08-15,OZEM,30
PT201444,2,2025-09-14,OZEM,30
PT201444,3,2025-10-21,OZEM,90
PT201444,4,2026-01-19,OZEM,90
PT201444,5,2026-04-22,OZEM,90
PT201444,6,2026-07-21,OZEM,90
PT201445,1,2025-01-24,RYBL,30
PT201445,2,2025-02-23,RYBL,30
PT201445,3,2025-03-25,RYBL,90
PT201445,4,2025-06-23,RYBL,90
PT201445,5,2025-09-21,RYBL,90
PT201445,6,2025-10-02,RYBL,90
PT201445,7,2025-12-31,RYBL,30
PT201445,8,2026-01-30,RYBL,90
PT201445,9,2026-04-30,RYBL,90
PT201445,10,2026-08-01,RYBL,90
PT201446,1,2024-12-23,MOUN,30
PT201446,2,2025-01-22,MOUN,30
PT201446,3,2025-02-21,MOUN,90
PT201446,4,2025-05-22,MOUN,90
PT201446,5,2025-08-20,MOUN,30
PT201447,1,2025-10-25,TRUL,30
PT201447,2,2025-11-24,TRUL,30
PT201447,3,2025-12-24,MOUN,30
PT201447,4,2026-01-23,MOUN,90
PT201447,5,2026-04-23,MOUN,30
PT201448,1,2025-09-01,TRUL,30
PT201448,2,2025-10-08,TRUL,30
PT201448,3,2025-11-07,TRUL,30
PT201448,4,2025-12-07,TRUL,30
PT201448,5,2026-01-06,TRUL,90
PT201448,6,2026-04-13,TRUL,90
PT201448,7,2026-07-12,TRUL,90
PT201449,1,2025-01-07,OZEM,30
PT201449,2,2025-02-06,OZEM,30
PT201449,3,2025-03-08,OZEM,90
PT201449,4,2025-06-06,OZEM,30
PT201449,5,2025-07-06,OZEM,30
PT201449,6,2025-08-05,OZEM,30
PT201449,7,2025-09-04,OZEM,90
PT201449,8,2025-12-03,OZEM,90
PT201449,9,2026-03-03,OZEM,90
PT201450,1,2024-10-25,OZEM,30
PT201450,2,2024-11-24,OZEM,30
PT201450,3,2024-12-10,OZEM,90
PT201450,4,2025-03-17,OZEM,30
PT201450,5,2025-05-01,OZEM,30
PT201450,6,2025-05-31,OZEM,30
PT201450,7,2025-06-30,OZEM,90
PT201450,8,2025-09-28,OZEM,90
PT201450,9,2025-12-27,OZEM,90
PT201450,10,2026-03-27,OZEM,90
PT201450,11,2026-06-28,OZEM,90
PT201451,1,2025-09-29,MOUN,30
PT201451,2,2025-10-29,MOUN,30
PT201451,3,2025-11-28,MOUN,90
PT201451,4,2026-03-05,MOUN,30
PT201451,5,2026-04-04,MOUN,90
PT201451,6,2026-07-03,OZEM,30
PT201451,7,2026-08-02,OZEM,90
PT201453,1,2026-02-01,TRUL,30
PT201453,2,2026-03-03,TRUL,30
PT201453,3,2026-04-09,TRUL,90
PT201454,1,2025-12-14,MOUN,30
PT201454,2,2026-01-16,MOUN,30
PT201454,3,2026-02-15,MOUN,90
PT201454,4,2026-05-16,MOUN,90
PT201454,5,2026-08-14,MOUN,30
PT201455,1,2025-08-08,MOUN,30
PT201455,2,2025-09-07,MOUN,30
PT201455,3,2025-10-07,MOUN,90
PT201455,4,2026-01-05,MOUN,90
PT201455,5,2026-04-05,MOUN,30
PT201455,6,2026-05-05,TRUL,30
PT201455,7,2026-06-04,TRUL,90
PT201456,1,2025-10-05,MOUN,30
PT201456,2,2025-11-04,MOUN,30
PT201456,3,2025-12-04,MOUN,90
PT201456,4,2026-03-11,MOUN,30
PT201456,5,2026-04-10,MOUN,90
PT201456,6,2026-07-09,MOUN,30
PT201456,7,2026-08-08,MOUN,30
PT201457,1,2025-03-24,OZEM,30
PT201457,2,2025-04-23,OZEM,30
PT201457,3,2025-05-23,OZEM,90
PT201458,1,2025-09-02,MOUN,30
PT201458,2,2025-10-17,MOUN,30
PT201458,3,2025-11-16,MOUN,90
PT201458,4,2026-02-21,MOUN,90
PT201458,5,2026-05-22,MOUN,30
PT201458,6,2026-06-21,MOUN,90
PT201459,1,2025-06-19,OZEM,30
PT201459,2,2025-07-19,OZEM,30
PT201459,3,2025-08-18,OZEM,90
PT201459,4,2025-11-19,OZEM,90
PT201459,5,2026-02-17,OZEM,90
PT201460,1,2024-12-29,MOUN,30
PT201460,2,2025-02-12,MOUN,30
PT201460,3,2025-03-14,MOUN,90
PT201460,4,2025-06-12,MOUN,90
PT201460,5,2025-09-10,MOUN,90
PT201460,6,2025-12-09,RYBL,90
PT201460,7,2026-03-09,RYBL,90
PT201460,8,2026-06-07,RYBL,30
PT201460,9,2026-07-07,RYBL,30
PT201460,10,2026-08-06,RYBL,90
PT201461,1,2024-10-01,MOUN,30
PT201461,2,2024-10-31,MOUN,30
PT201461,3,2024-11-30,MOUN,90
PT201461,4,2025-03-03,MOUN,90
PT201461,5,2025-06-01,MOUN,90
PT201461,6,2025-08-30,MOUN,90
PT201461,7,2025-11-28,MOUN,90
PT201461,8,2025-12-14,MOUN,90
PT201461,9,2026-03-14,MOUN,90
PT201461,10,2026-06-12,MOUN,90
PT201462,1,2025-04-16,TRUL,30
PT201462,2,2025-05-16,OZEM,30
PT201462,3,2025-06-15,OZEM,90
PT201462,4,2025-09-13,OZEM,30
PT201462,5,2025-10-13,OZEM,90
PT201462,6,2026-01-11,OZEM,90
PT201462,7,2026-04-11,OZEM,90
PT201462,8,2026-07-10,OZEM,30
PT201462,9,2026-08-09,OZEM,90
PT201463,1,2025-01-20,TRUL,30
PT201463,2,2025-02-19,TRUL,30
PT201463,3,2025-03-28,TRUL,90
PT201463,4,2025-06-29,TRUL,90
PT201463,5,2025-10-12,TRUL,90
PT201463,6,2026-01-10,TRUL,90
PT201463,7,2026-04-10,TRUL,90
PT201463,8,2026-07-09,TRUL,30
PT201463,9,2026-08-08,TRUL,90
PT201464,1,2026-03-18,OZEM,30
PT201464,2,2026-04-17,OZEM,30
PT201464,3,2026-05-17,OZEM,90
PT201464,4,2026-08-22,OZEM,90
PT201465,1,2026-01-15,OZEM,30
PT201465,2,2026-02-14,OZEM,30
PT201465,3,2026-03-16,OZEM,90
PT201465,4,2026-06-14,OZEM,30
PT201465,5,2026-07-14,MOUN,90
PT201466,1,2024-11-12,OZEM,30
PT201466,2,2024-12-12,OZEM,30
PT201466,3,2025-01-11,OZEM,90
PT201466,4,2025-04-11,OZEM,90
PT201466,5,2025-07-10,OZEM,90
PT201466,6,2025-10-08,OZEM,30
PT201466,7,2025-11-22,OZEM,30
PT201466,8,2025-12-22,OZEM,30
PT201466,9,2026-01-21,OZEM,90
PT201466,10,2026-04-21,OZEM,30
PT201466,11,2026-05-21,OZEM,90
PT201466,12,2026-08-19,OZEM,90
PT201467,1,2025-09-06,MOUN,30
PT201467,2,2025-10-06,MOUN,30
PT201467,3,2025-11-05,MOUN,30
PT201467,4,2025-12-05,MOUN,90
PT201467,5,2026-03-05,MOUN,90
PT201467,6,2026-06-03,MOUN,90
PT201468,1,2025-10-16,OZEM,30
PT201468,2,2025-11-15,MOUN,30
PT201468,3,2025-12-15,MOUN,30
PT201468,4,2026-01-14,MOUN,30
PT201468,5,2026-02-13,MOUN,30
PT201468,6,2026-03-30,MOUN,90
PT201468,7,2026-06-28,MOUN,30
PT201468,8,2026-07-31,MOUN,90
PT201471,1,2024-10-07,OZEM,30
PT201471,2,2024-11-06,OZEM,30
PT201471,3,2024-12-06,OZEM,90
PT201471,4,2025-03-06,OZEM,90
PT201471,5,2025-06-04,OZEM,90
PT201471,6,2025-09-17,OZEM,90
PT201471,7,2025-12-16,OZEM,30
PT201471,8,2026-01-15,OZEM,90
PT201471,9,2026-04-15,OZEM,30
PT201471,10,2026-05-15,OZEM,30
PT201472,1,2025-11-18,MOUN,30
PT201472,2,2025-12-18,MOUN,30
PT201472,3,2026-01-17,MOUN,90
PT201472,4,2026-04-17,MOUN,90
PT201472,5,2026-07-16,MOUN,90
PT201473,1,2025-09-23,MOUN,30
PT201473,2,2025-10-23,MOUN,30
PT201474,1,2025-04-06,TRUL,30
PT201474,2,2025-05-06,TRUL,30
PT201474,3,2025-06-05,OZEM,90
PT201475,1,2025-04-09,TRUL,30
PT201475,2,2025-05-09,TRUL,30
PT201475,3,2025-06-08,TRUL,90
PT201475,4,2025-09-06,TRUL,30
PT201475,5,2025-10-06,TRUL,90
PT201475,6,2026-01-19,OZEM,90
PT201475,7,2026-04-19,OZEM,90
PT201477,1,2024-11-10,TRUL,30
PT201477,2,2024-12-17,TRUL,30
PT201478,1,2025-01-22,OZEM,30
PT201478,2,2025-02-21,OZEM,30
PT201479,1,2025-01-23,OZEM,30
PT201479,2,2025-02-22,OZEM,30
PT201480,1,2026-01-12,MOUN,30
PT201480,2,2026-02-11,MOUN,30
PT201482,1,2025-05-08,OZEM,30
PT201482,2,2025-06-07,OZEM,30
PT201482,3,2025-07-10,OZEM,90
PT201482,4,2025-10-08,OZEM,90
PT201482,5,2026-01-06,OZEM,90
PT201482,6,2026-04-06,OZEM,30
PT201482,7,2026-05-06,OZEM,30
PT201482,8,2026-06-12,OZEM,90
PT201483,1,2024-11-25,MOUN,30
PT201483,2,2024-12-25,MOUN,30
PT201483,3,2025-01-27,MOUN,30
PT201483,4,2025-02-26,MOUN,90
PT201483,5,2025-05-27,MOUN,90
PT201483,6,2025-08-25,MOUN,90
PT201483,7,2025-11-26,MOUN,90
PT201483,8,2026-02-24,MOUN,30
PT201483,9,2026-03-26,MOUN,90
PT201484,1,2025-01-03,OZEM,30
PT201486,1,2025-04-11,OZEM,30
PT201486,2,2025-05-11,OZEM,30
PT201486,3,2025-06-10,OZEM,90
PT201486,4,2025-09-08,MOUN,30
PT201486,5,2025-10-08,MOUN,90
PT201487,1,2025-07-23,TRUL,30
PT201487,2,2025-08-22,TRUL,30
PT201487,3,2025-09-21,TRUL,30
PT201487,4,2025-10-21,OZEM,90
PT201487,5,2026-01-19,OZEM,90
PT201487,6,2026-04-19,OZEM,90
PT201487,7,2026-07-18,OZEM,90
PT201488,1,2025-02-21,OZEM,30
PT201488,2,2025-03-26,OZEM,30
PT201488,3,2025-04-25,OZEM,90
PT201488,4,2025-07-24,OZEM,90
PT201488,5,2025-10-22,OZEM,30
PT201488,6,2025-11-21,OZEM,30
PT201488,7,2025-12-24,OZEM,90
PT201488,8,2026-03-24,OZEM,90
PT201488,9,2026-06-22,OZEM,30
PT201488,10,2026-07-22,OZEM,90
PT201489,1,2025-05-05,MOUN,30
PT201489,2,2025-06-04,MOUN,30
PT201489,3,2025-07-04,MOUN,90
PT201489,4,2025-10-05,MOUN,30
PT201489,5,2025-11-19,MOUN,90
PT201489,6,2026-02-17,MOUN,90
PT201489,7,2026-05-18,MOUN,90
PT201489,8,2026-08-16,MOUN,30
PT201490,1,2025-07-25,MOUN,30
PT201490,2,2025-08-24,MOUN,30
PT201490,3,2025-09-23,MOUN,30
PT201492,1,2026-02-26,OZEM,30
PT201492,2,2026-03-31,OZEM,30
PT201492,3,2026-04-30,OZEM,90
PT201492,4,2026-07-29,OZEM,90
PT201493,1,2025-10-29,TRUL,30
PT201493,2,2025-11-28,TRUL,30
PT201493,3,2025-12-28,TRUL,90
PT201493,4,2026-03-28,TRUL,90
PT201493,5,2026-06-26,TRUL,90
PT201494,1,2025-02-02,MOUN,30
PT201494,2,2025-03-04,MOUN,30
PT201494,3,2025-04-03,MOUN,90
PT201494,4,2025-07-05,MOUN,90
PT201495,1,2025-06-19,OZEM,30
PT201495,2,2025-07-19,OZEM,30
PT201495,3,2025-08-03,OZEM,90
PT201495,4,2025-11-01,OZEM,90
PT201495,5,2026-01-30,OZEM,90
PT201495,6,2026-04-30,OZEM,90
PT201496,1,2025-06-02,TRUL,30
PT201496,2,2025-07-02,TRUL,30
PT201496,3,2025-08-01,MOUN,90
PT201496,4,2025-10-30,MOUN,90
PT201496,5,2026-01-28,MOUN,30
PT201496,6,2026-02-27,MOUN,90
PT201496,7,2026-05-28,MOUN,30
PT201496,8,2026-06-27,MOUN,30
PT201496,9,2026-07-27,MOUN,90
PT201498,1,2025-05-09,MOUN,30
PT201498,2,2025-05-21,MOUN,30
PT201498,3,2025-06-20,MOUN,90
PT201498,4,2025-09-18,MOUN,30
PT201498,5,2025-10-18,MOUN,90
PT201498,6,2026-01-16,OZEM,90
PT201498,7,2026-04-16,OZEM,90
PT201498,8,2026-07-15,OZEM,30
PT201498,9,2026-08-14,OZEM,30
PT201499,1,2026-02-09,OZEM,30
PT201499,2,2026-03-11,OZEM,30
PT201499,3,2026-04-10,OZEM,30
PT201499,4,2026-05-17,OZEM,30
PT201499,5,2026-06-16,OZEM,90
PT201500,1,2025-03-27,MOUN,30
PT201500,2,2025-04-26,MOUN,30
PT201500,3,2025-05-29,MOUN,30
PT201500,4,2025-06-28,MOUN,90
PT201500,5,2025-07-11,MOUN,30
PT201500,6,2025-08-13,MOUN,90
PT201500,7,2025-11-11,MOUN,90
PT201500,8,2026-02-12,MOUN,30
PT201500,9,2026-03-14,MOUN,30
PT201500,10,2026-04-13,MOUN,90
PT201500,11,2026-07-12,MOUN,30
PT201500,12,2026-08-11,MOUN,30
PT201501,1,2025-04-12,OZEM,30
PT201501,2,2025-05-12,OZEM,30
PT201501,3,2025-05-30,OZEM,90
PT201501,4,2025-08-28,OZEM,90
PT201501,5,2025-11-26,OZEM,90
PT201501,6,2026-02-24,OZEM,90
PT201501,7,2026-05-25,OZEM,30
PT201501,8,2026-06-24,OZEM,90
PT201502,1,2025-04-29,TRUL,30
PT201502,2,2025-06-01,TRUL,30
PT201502,3,2025-07-01,MOUN,30
PT201502,4,2025-07-31,MOUN,30
PT201502,5,2025-08-30,MOUN,30
PT201502,6,2025-09-29,MOUN,90
PT201502,7,2025-12-28,MOUN,30
PT201502,8,2026-01-27,MOUN,90
PT201502,9,2026-04-27,MOUN,90
PT201502,10,2026-07-26,MOUN,90
PT201503,1,2024-09-19,OZEM,30
PT201503,2,2024-10-19,OZEM,30
PT201503,3,2024-11-18,OZEM,90
PT201505,1,2025-03-17,TRUL,30
PT201505,2,2025-04-16,TRUL,30
PT201505,3,2025-05-16,TRUL,30
PT201505,4,2025-06-15,TRUL,90
PT201505,5,2025-09-16,TRUL,90
PT201505,6,2025-12-15,TRUL,90
PT201505,7,2026-03-15,TRUL,90
PT201505,8,2026-06-13,TRUL,90
PT201506,1,2025-08-08,OZEM,30
PT201506,2,2025-09-14,OZEM,30
PT201506,3,2025-10-29,OZEM,90
PT201507,1,2024-12-17,MOUN,30
PT201507,2,2025-01-16,MOUN,30
PT201507,3,2025-02-15,MOUN,30
PT201507,4,2025-03-17,MOUN,90
PT201507,5,2025-06-18,MOUN,30
PT201507,6,2025-07-21,MOUN,90
PT201507,7,2025-10-19,MOUN,90
PT201507,8,2026-01-20,MOUN,90
PT201507,9,2026-05-05,MOUN,90
PT201507,10,2026-08-18,MOUN,90
PT201510,1,2025-08-21,TRUL,30
PT201510,2,2025-09-20,TRUL,30
PT201510,3,2025-10-20,TRUL,30
PT201511,1,2026-02-02,MOUN,30
PT201511,2,2026-03-07,MOUN,30
PT201511,3,2026-04-13,MOUN,90
PT201512,1,2024-10-29,MOUN,30
PT201512,2,2024-11-28,MOUN,30
PT201512,3,2024-12-28,OZEM,30
PT201512,4,2025-01-27,OZEM,90
PT201512,5,2025-02-07,OZEM,30
PT201512,6,2025-03-09,OZEM,90
PT201512,7,2025-06-07,OZEM,30
PT201512,8,2025-07-07,OZEM,90
PT201512,9,2025-10-05,OZEM,90
PT201512,10,2026-01-03,OZEM,30
PT201512,11,2026-02-02,OZEM,30
PT201513,1,2025-10-14,MOUN,30
PT201513,2,2025-11-13,MOUN,30
PT201513,3,2025-12-13,MOUN,90
PT201513,4,2026-03-13,MOUN,90
PT201513,5,2026-06-11,MOUN,90
PT201514,1,2026-01-23,TRUL,30
PT201514,2,2026-02-22,TRUL,30
PT201514,3,2026-03-27,TRUL,30
PT201515,1,2025-05-08,MOUN,30
PT201515,2,2025-06-07,MOUN,30
PT201515,3,2025-07-07,MOUN,90
PT201515,4,2025-10-05,MOUN,90
PT201515,5,2026-01-03,MOUN,90
PT201515,6,2026-04-10,MOUN,30
PT201515,7,2026-05-10,MOUN,90
PT201515,8,2026-08-08,MOUN,30
PT201516,1,2025-05-30,MOUN,30
PT201516,2,2025-06-29,MOUN,30
PT201516,3,2025-07-29,MOUN,30
PT201516,4,2025-08-28,MOUN,90
PT201516,5,2025-11-26,TRUL,30
PT201516,6,2025-12-26,TRUL,30
PT201516,7,2026-01-28,RYBL,30
PT201516,8,2026-02-27,RYBL,90
PT201516,9,2026-05-28,RYBL,90
PT201516,10,2026-08-26,RYBL,30
PT201517,1,2026-02-15,OZEM,30
PT201517,2,2026-03-20,OZEM,30
PT201517,3,2026-04-19,OZEM,30
PT201517,4,2026-05-19,MOUN,30
PT201517,5,2026-06-18,MOUN,30
PT201518,1,2025-01-30,TRUL,30
PT201518,2,2025-03-01,TRUL,30
PT201519,1,2025-11-01,OZEM,30
PT201519,2,2025-12-01,OZEM,30
PT201519,3,2025-12-31,OZEM,30
PT201519,4,2026-01-30,OZEM,90
PT201519,5,2026-05-03,OZEM,30
PT201519,6,2026-06-02,OZEM,30
PT201519,7,2026-07-17,TRUL,30
PT201519,8,2026-08-23,TRUL,90
PT201520,1,2025-02-03,OZEM,30
PT201520,2,2025-03-05,OZEM,30
PT201520,3,2025-04-04,OZEM,90
PT201520,4,2025-07-03,OZEM,90
PT201521,1,2025-10-13,OZEM,30
PT201521,2,2025-11-12,OZEM,30
PT201521,3,2025-12-12,OZEM,90
PT201522,1,2026-03-05,MOUN,30
PT201522,2,2026-04-07,MOUN,30
PT201522,3,2026-05-07,MOUN,90
PT201522,4,2026-08-05,MOUN,90
PT201523,1,2025-10-07,OZEM,30
PT201523,2,2025-11-06,OZEM,30
PT201523,3,2025-12-06,OZEM,90
PT201523,4,2026-03-06,OZEM,90
PT201523,5,2026-06-04,TRUL,90
PT201524,1,2025-08-12,MOUN,30
PT201524,2,2025-09-11,MOUN,30
PT201524,3,2025-10-11,MOUN,90
PT201525,1,2024-11-04,OZEM,30
PT201525,2,2024-12-04,OZEM,30
PT201525,3,2025-01-18,OZEM,90
PT201525,4,2025-04-18,OZEM,30
PT201525,5,2025-05-18,OZEM,90
PT201525,6,2025-08-16,OZEM,90
PT201525,7,2025-11-14,OZEM,90
PT201525,8,2026-02-12,OZEM,90
PT201525,9,2026-05-13,OZEM,90
PT201525,10,2026-08-18,OZEM,90
PT201526,1,2025-05-17,MOUN,30
PT201526,2,2025-06-16,MOUN,30
PT201527,1,2024-11-02,MOUN,30
PT201527,2,2024-12-02,MOUN,30
PT201527,3,2025-01-01,MOUN,90
PT201527,4,2025-04-01,MOUN,90
PT201527,5,2025-07-15,MOUN,30
PT201527,6,2025-08-14,MOUN,30
PT201527,7,2025-09-16,MOUN,90
PT201527,8,2025-12-15,MOUN,90
PT201527,9,2026-03-22,MOUN,90
PT201527,10,2026-06-20,MOUN,90
PT201528,1,2024-12-16,OZEM,30
PT201528,2,2025-01-15,OZEM,30
PT201529,1,2025-05-28,RYBL,30
PT201529,2,2025-06-27,RYBL,30
PT201530,1,2025-07-28,MOUN,30
PT201530,2,2025-09-03,MOUN,30
PT201530,3,2025-10-03,MOUN,90
PT201530,4,2026-01-01,MOUN,90
PT201530,5,2026-04-04,MOUN,30
PT201530,6,2026-05-04,MOUN,90
PT201530,7,2026-08-02,MOUN,30
PT201531,1,2025-11-07,MOUN,30
PT201531,2,2025-12-07,MOUN,30
PT201532,1,2024-11-18,OZEM,30
PT201532,2,2024-12-18,OZEM,30
PT201532,3,2025-01-17,OZEM,90
PT201533,1,2024-10-14,OZEM,30
PT201533,2,2024-11-13,OZEM,30
PT201533,3,2024-12-13,OZEM,30
PT201533,4,2025-01-12,OZEM,90
PT201533,5,2025-04-15,OZEM,90
PT201533,6,2025-07-14,OZEM,30
PT201533,7,2025-08-13,OZEM,90
PT201533,8,2025-11-18,OZEM,90
PT201533,9,2026-03-03,OZEM,90
PT201533,10,2026-06-01,OZEM,30
PT201533,11,2026-07-01,OZEM,90
PT201534,1,2025-10-30,RYBL,30
PT201534,2,2025-11-29,RYBL,30
PT201534,3,2025-12-29,RYBL,90
PT201534,4,2026-03-29,RYBL,90
PT201534,5,2026-06-27,RYBL,30
PT201534,6,2026-07-27,RYBL,30
PT201535,1,2024-12-09,MOUN,30
PT201535,2,2025-01-08,MOUN,30
PT201535,3,2025-02-07,MOUN,30
PT201535,4,2025-03-09,MOUN,90
PT201535,5,2025-06-14,MOUN,90
PT201535,6,2025-09-12,MOUN,30
PT201536,1,2024-11-11,MOUN,30
PT201536,2,2024-12-11,MOUN,30
PT201536,3,2025-01-10,MOUN,90
PT201537,1,2025-10-16,MOUN,30
PT201537,2,2025-11-15,MOUN,30
PT201537,3,2025-12-15,MOUN,90
PT201537,4,2026-03-15,MOUN,90
PT201537,5,2026-06-16,MOUN,30
PT201538,1,2025-02-27,RYBL,30
PT201538,2,2025-03-29,RYBL,30
PT201538,3,2025-04-28,RYBL,90
PT201538,4,2025-07-27,RYBL,30
PT201538,5,2025-08-26,RYBL,90
PT201538,6,2025-11-24,RYBL,30
PT201538,7,2025-12-24,RYBL,90
PT201538,8,2026-03-27,RYBL,90
PT201538,9,2026-06-25,RYBL,90
PT201539,1,2025-04-17,TRUL,30
PT201540,1,2025-08-12,TRUL,30
PT201540,2,2025-09-11,TRUL,30
PT201540,3,2025-10-14,TRUL,90
PT201540,4,2026-01-12,TRUL,30
PT201540,5,2026-02-11,TRUL,90
PT201540,6,2026-05-12,TRUL,90
PT201540,7,2026-08-17,TRUL,90
PT201541,1,2024-09-30,MOUN,30
PT201541,2,2024-10-30,MOUN,30
PT201541,3,2024-11-29,MOUN,90
PT201541,4,2025-03-06,MOUN,90
PT201541,5,2025-06-04,MOUN,90
PT201541,6,2025-09-05,MOUN,90
PT201541,7,2025-12-04,MOUN,90
PT201542,1,2025-01-14,MOUN,30
PT201542,2,2025-02-13,MOUN,30
PT201542,3,2025-03-15,MOUN,90
PT201542,4,2025-06-16,MOUN,90
PT201542,5,2025-09-14,MOUN,30
PT201542,6,2025-10-14,MOUN,30
PT201542,7,2025-11-13,MOUN,30
PT201542,8,2025-12-13,MOUN,90
PT201542,9,2026-03-28,MOUN,90
PT201542,10,2026-06-26,MOUN,90
PT201543,1,2025-06-10,OZEM,30
PT201543,2,2025-07-10,OZEM,30
PT201543,3,2025-08-09,OZEM,90
PT201543,4,2025-11-07,OZEM,90
PT201544,1,2025-08-08,MOUN,30
PT201544,2,2025-09-07,MOUN,30
PT201544,3,2025-10-07,MOUN,90
PT201544,4,2026-01-05,MOUN,90
PT201545,1,2024-10-15,OZEM,30
PT201545,2,2024-11-14,OZEM,30
PT201545,3,2024-12-14,OZEM,30
PT201545,4,2025-01-13,OZEM,90
PT201545,5,2025-04-13,OZEM,90
PT201545,6,2025-07-12,OZEM,90
PT201547,1,2024-09-09,TRUL,30
PT201547,2,2024-10-09,TRUL,30
PT201547,3,2024-11-11,TRUL,90
PT201547,4,2025-02-09,TRUL,90
PT201547,5,2025-05-10,TRUL,90
PT201547,6,2025-08-08,TRUL,90
PT201547,7,2025-11-06,TRUL,90
PT201547,8,2026-02-04,TRUL,30
PT201547,9,2026-03-09,TRUL,30
PT201547,10,2026-04-08,TRUL,30
PT201547,11,2026-05-08,TRUL,90
PT201548,1,2025-08-05,MOUN,30
PT201548,2,2025-09-04,MOUN,30
PT201548,3,2025-10-04,MOUN,90
PT201548,4,2026-01-02,MOUN,90
PT201548,5,2026-04-02,MOUN,30
PT201548,6,2026-05-02,MOUN,90
PT201548,7,2026-07-31,MOUN,90
PT201550,1,2024-10-27,RYBL,30
PT201550,2,2024-11-26,RYBL,30
PT201551,1,2024-11-15,TRUL,30
PT201551,2,2024-12-18,TRUL,30
PT201551,3,2025-01-17,TRUL,30
PT201551,4,2025-02-16,TRUL,90
PT201551,5,2025-05-17,TRUL,90
PT201551,6,2025-08-18,OZEM,90
PT201552,1,2024-12-19,TRUL,30
PT201552,2,2025-01-18,TRUL,30
PT201552,3,2025-03-04,TRUL,90
PT201552,4,2025-06-02,TRUL,90
PT201552,5,2025-08-31,TRUL,90
PT201552,6,2025-11-29,TRUL,90
PT201552,7,2026-02-27,TRUL,90
PT201552,8,2026-05-28,TRUL,90
PT201552,9,2026-08-26,OZEM,30
PT201553,1,2024-12-26,TRUL,30
PT201553,2,2025-01-25,TRUL,30
PT201553,3,2025-02-24,TRUL,90
PT201553,4,2025-05-28,TRUL,90
PT201553,5,2025-09-02,TRUL,90
PT201553,6,2025-09-17,TRUL,90
PT201553,7,2025-12-16,TRUL,90
PT201553,8,2026-03-16,TRUL,30
PT201553,9,2026-04-22,TRUL,90
PT201553,10,2026-07-21,TRUL,90
PT201554,1,2025-08-30,TRUL,30
PT201554,2,2025-09-29,TRUL,30
PT201554,3,2025-10-29,TRUL,90
PT201554,4,2026-01-27,TRUL,90
PT201554,5,2026-04-27,TRUL,90
PT201554,6,2026-07-26,MOUN,90
PT201555,1,2025-11-20,TRUL,30
PT201555,2,2025-12-20,TRUL,30
PT201555,3,2026-01-19,TRUL,90
PT201555,4,2026-04-19,TRUL,90
PT201555,5,2026-07-18,TRUL,30
PT201555,6,2026-08-20,TRUL,30
PT201557,1,2025-08-11,OZEM,30
PT201557,2,2025-09-10,OZEM,30
PT201557,3,2025-10-10,OZEM,90
PT201557,4,2026-01-08,OZEM,30
PT201557,5,2026-02-07,OZEM,90
PT201557,6,2026-05-08,OZEM,90
PT201557,7,2026-08-06,OZEM,30
PT201558,1,2025-01-06,TRUL,30
PT201558,2,2025-02-05,TRUL,30
PT201558,3,2025-03-07,TRUL,90
PT201558,4,2025-06-05,TRUL,30
PT201558,5,2025-07-05,TRUL,90
PT201558,6,2025-10-03,TRUL,30
PT201558,7,2025-11-17,TRUL,90
PT201558,8,2026-03-02,TRUL,90
PT201558,9,2026-05-31,TRUL,90
PT201559,1,2026-01-27,MOUN,30
PT201559,2,2026-02-26,MOUN,30
PT201559,3,2026-03-31,MOUN,30
PT201559,4,2025-12-22,MOUN,90
PT201559,5,2026-07-29,MOUN,30
PT201559,6,2026-08-28,MOUN,90
PT201560,1,2026-03-16,MOUN,30
PT201560,2,2026-04-15,MOUN,30
PT201560,3,2026-05-15,MOUN,30
PT201560,4,2026-06-17,MOUN,30
PT201560,5,2026-07-17,MOUN,30
PT201560,6,2026-08-19,MOUN,30
PT201561,1,2026-02-04,MOUN,30
PT201562,1,2024-12-09,MOUN,30
PT201562,2,2025-01-08,MOUN,30
PT201562,3,2025-02-07,MOUN,90
PT201562,4,2025-05-08,MOUN,90
PT201562,5,2025-08-06,MOUN,90
PT201563,1,2024-10-28,OZEM,30
PT201563,2,2024-11-27,OZEM,30
PT201563,3,2024-12-27,OZEM,90
PT201563,4,2025-03-27,OZEM,90
PT201563,5,2025-06-25,OZEM,90
PT201563,6,2025-09-23,OZEM,90
PT201563,7,2025-12-22,TRUL,30
PT201563,8,2026-01-24,TRUL,90
PT201563,9,2026-04-24,TRUL,90
PT201563,10,2026-07-23,RYBL,90
PT201564,1,2025-03-31,MOUN,30
PT201564,2,2025-05-03,MOUN,30
PT201564,3,2025-06-02,MOUN,90
PT201564,4,2025-08-31,MOUN,90
PT201564,5,2025-11-29,MOUN,90
PT201564,6,2026-02-27,MOUN,90
PT201564,7,2026-05-28,MOUN,90
PT201564,8,2026-08-26,MOUN,90
PT201565,1,2025-02-13,OZEM,30
PT201565,2,2025-03-15,OZEM,30
PT201565,3,2025-03-30,OZEM,30
PT201565,4,2025-05-02,OZEM,30
PT201565,5,2025-06-01,OZEM,30
PT201565,6,2025-07-01,OZEM,90
PT201566,1,2025-11-29,MOUN,30
PT201566,2,2025-12-29,MOUN,30
PT201566,3,2026-01-28,MOUN,90
PT201566,4,2026-04-28,MOUN,90
PT201566,5,2026-07-27,MOUN,90
PT201568,1,2025-11-22,RYBL,30
PT201568,2,2025-12-22,RYBL,30
PT201570,1,2024-09-12,MOUN,30
PT201570,2,2024-10-12,MOUN,30
PT201570,3,2024-11-18,MOUN,90
PT201570,4,2025-02-16,MOUN,90
PT201570,5,2025-05-17,MOUN,90
PT201570,6,2025-08-22,TRUL,90
PT201570,7,2025-11-20,TRUL,30
PT201570,8,2025-12-20,TRUL,90
PT201571,1,2025-11-17,MOUN,30
PT201571,2,2025-12-17,MOUN,30
PT201571,3,2026-01-19,MOUN,30
PT201571,4,2026-02-18,MOUN,30
PT201571,5,2026-03-20,MOUN,90
PT201571,6,2026-06-18,MOUN,90
PT201572,1,2025-08-08,MOUN,30
PT201572,2,2025-09-07,MOUN,30
PT201572,3,2025-10-07,MOUN,30
PT201572,4,2025-11-06,MOUN,30
PT201572,5,2025-12-09,MOUN,30
PT201572,6,2026-01-08,MOUN,90
PT201572,7,2026-04-08,MOUN,30
PT201574,1,2026-02-05,MOUN,30
PT201574,2,2026-03-07,MOUN,30
PT201574,3,2026-04-06,MOUN,90
PT201574,4,2026-07-20,MOUN,90
PT201575,1,2025-08-25,MOUN,30
PT201576,1,2024-12-06,OZEM,30
PT201576,2,2025-01-05,OZEM,30
PT201576,3,2025-02-04,OZEM,30
PT201576,4,2025-03-06,OZEM,90
PT201576,5,2025-06-04,OZEM,30
PT201577,1,2025-09-19,TRUL,30
PT201577,2,2025-10-19,TRUL,30
PT201577,3,2025-11-25,TRUL,90
PT201578,1,2025-11-18,MOUN,30
PT201578,2,2025-12-18,MOUN,30
PT201578,3,2026-01-17,MOUN,30
PT201578,4,2026-02-23,MOUN,90
PT201578,5,2026-06-08,MOUN,30
PT201578,6,2026-07-08,MOUN,30
PT201578,7,2026-08-14,MOUN,90
PT201579,1,2025-03-25,TRUL,30
PT201579,2,2025-04-24,TRUL,30
PT201579,3,2025-05-24,TRUL,30
PT201579,4,2025-06-23,TRUL,90
PT201579,5,2025-09-24,TRUL,90
PT201579,6,2025-12-23,TRUL,90
PT201579,7,2026-03-23,TRUL,90
PT201579,8,2026-06-21,TRUL,90
PT201580,1,2025-07-09,TRUL,30
PT201580,2,2025-08-08,RYBL,30
PT201580,3,2025-09-07,RYBL,30
PT201580,4,2025-10-07,RYBL,90
PT201581,1,2025-08-19,TRUL,30
PT201581,2,2025-09-18,TRUL,30
PT201581,3,2025-10-18,TRUL,90
PT201582,1,2026-01-02,MOUN,30
PT201582,2,2026-02-01,MOUN,30
PT201582,3,2026-03-03,MOUN,30
PT201582,4,2026-04-05,MOUN,90
PT201582,5,2026-07-04,MOUN,90
PT201582,6,2026-07-17,MOUN,30
PT201582,7,2026-08-16,MOUN,90
PT201583,1,2026-01-25,TRUL,30
PT201583,2,2026-02-27,TRUL,30
PT201583,3,2026-03-29,TRUL,30
PT201585,1,2025-02-10,MOUN,30
PT201585,2,2025-03-19,MOUN,30
PT201585,3,2025-04-18,MOUN,90
PT201585,4,2025-07-17,MOUN,30
PT201586,1,2026-03-10,OZEM,30
PT201586,2,2026-04-09,OZEM,30
PT201586,3,2026-05-09,OZEM,90
PT201586,4,2026-08-10,OZEM,30
PT201587,1,2025-05-06,OZEM,30
PT201587,2,2025-06-05,OZEM,30
PT201587,3,2025-06-21,OZEM,90
PT201587,4,2025-09-19,OZEM,90
PT201587,5,2025-12-18,OZEM,30
PT201589,1,2025-03-12,OZEM,30
PT201589,2,2025-04-11,OZEM,30
PT201589,3,2025-05-11,OZEM,90
PT201589,4,2025-08-09,MOUN,30
PT201589,5,2025-09-08,MOUN,90
PT201589,6,2025-12-07,MOUN,30
PT201589,7,2026-01-06,MOUN,30
PT201590,1,2026-03-17,MOUN,30
PT201590,2,2026-04-16,MOUN,30
PT201591,1,2025-11-25,MOUN,30
PT201591,2,2025-12-25,MOUN,30
PT201591,3,2026-01-24,MOUN,30
PT201591,4,2026-02-23,MOUN,90
PT201591,5,2026-05-24,MOUN,30
PT201591,6,2026-06-23,MOUN,30
PT201591,7,2026-07-23,MOUN,30
PT201591,8,2026-08-22,MOUN,30
PT201592,1,2026-01-17,MOUN,30
PT201592,2,2026-02-16,MOUN,30
PT201592,3,2026-03-18,MOUN,30
PT201592,4,2026-04-17,MOUN,90
PT201593,1,2024-09-10,MOUN,30
PT201594,1,2025-09-24,OZEM,30
PT201594,2,2025-10-24,OZEM,30
PT201594,3,2025-11-23,OZEM,90
PT201594,4,2026-02-21,OZEM,90
PT201594,5,2026-05-25,OZEM,90
PT201594,6,2026-08-23,OZEM,90
PT201595,1,2024-12-06,MOUN,30
PT201595,2,2025-01-05,MOUN,30
PT201595,3,2025-02-04,MOUN,90
PT201595,4,2025-05-05,MOUN,90
PT201595,5,2025-08-03,MOUN,30
PT201595,6,2025-09-02,MOUN,90
PT201595,7,2025-12-01,MOUN,90
PT201595,8,2026-03-01,MOUN,90
PT201595,9,2026-05-30,MOUN,90
PT201596,1,2025-05-26,MOUN,30
PT201596,2,2025-06-28,MOUN,30
PT201596,3,2025-07-28,MOUN,90
PT201596,4,2025-10-26,MOUN,30
PT201596,5,2025-11-25,MOUN,90
PT201596,6,2026-02-23,MOUN,90
PT201596,7,2026-05-24,MOUN,90
PT201596,8,2026-08-22,MOUN,90
PT201597,1,2024-11-09,TRUL,30
PT201597,2,2024-12-09,TRUL,30
PT201597,3,2025-01-08,TRUL,30
PT201597,4,2025-02-07,TRUL,30
PT201597,5,2025-03-09,TRUL,30
PT201597,6,2025-04-08,TRUL,30
PT201597,7,2025-05-08,TRUL,90
PT201597,8,2025-08-06,TRUL,90
PT201597,9,2025-11-11,TRUL,90
PT201597,10,2026-02-09,TRUL,30
PT201597,11,2026-03-11,TRUL,90
PT201597,12,2026-06-09,TRUL,90
PT201598,1,2024-11-26,TRUL,30
PT201598,2,2024-12-26,TRUL,30
PT201598,3,2025-01-25,TRUL,30
PT201598,4,2025-02-24,TRUL,30
PT201598,5,2025-03-26,TRUL,30
PT201598,6,2025-04-25,TRUL,30
PT201598,7,2025-05-25,TRUL,30
PT201598,8,2025-06-24,RYBL,90
PT201598,9,2025-09-22,MOUN,90
PT201599,1,2025-05-19,MOUN,30
PT201599,2,2025-06-18,MOUN,30
PT201599,3,2025-07-18,MOUN,90
PT201599,4,2025-08-02,MOUN,90
PT201599,5,2025-11-03,MOUN,90
PT201599,6,2026-02-01,MOUN,90
PT201599,7,2026-05-02,MOUN,90
PT201599,8,2026-07-31,MOUN,30
PT201599,9,2026-08-30,MOUN,90
PT201600,1,2025-08-04,TRUL,30
PT201600,2,2025-09-03,TRUL,30
PT201600,3,2025-10-03,TRUL,90
PT201600,4,2026-01-01,TRUL,90
PT201600,5,2026-04-01,RYBL,30
PT201600,6,2026-05-01,RYBL,30
PT201600,7,2026-06-03,RYBL,90
PT201603,1,2025-01-02,TRUL,30
PT201603,2,2025-02-04,TRUL,30
PT201603,3,2025-03-09,TRUL,90
PT201603,4,2025-06-07,TRUL,30
PT201603,5,2025-07-07,TRUL,90
PT201603,6,2025-10-05,TRUL,30
PT201603,7,2025-11-04,TRUL,90
PT201603,8,2026-02-02,TRUL,90
PT201604,1,2025-10-16,TRUL,30
PT201604,2,2025-11-15,TRUL,30
PT201604,3,2025-12-15,TRUL,30
PT201604,4,2026-01-14,TRUL,90
PT201604,5,2026-04-14,OZEM,30
PT201604,6,2026-05-14,OZEM,30
PT201604,7,2026-06-16,OZEM,90
PT201605,1,2025-06-16,OZEM,30
PT201605,2,2025-07-16,OZEM,30
PT201605,3,2025-08-15,OZEM,90
PT201605,4,2025-11-13,OZEM,90
PT201605,5,2026-02-11,OZEM,30
PT201605,6,2026-03-13,OZEM,30
PT201608,1,2024-12-28,MOUN,30
PT201608,2,2025-01-27,MOUN,30
PT201608,3,2025-02-26,MOUN,90
PT201608,4,2025-05-27,TRUL,90
PT201608,5,2025-08-25,TRUL,90
PT201608,6,2025-12-08,TRUL,90
PT201608,7,2026-03-08,TRUL,30
PT201608,8,2026-04-07,MOUN,30
PT201609,1,2024-11-09,MOUN,30
PT201609,2,2024-12-09,MOUN,30
PT201609,3,2024-12-25,MOUN,90
PT201609,4,2025-03-28,MOUN,90
PT201609,5,2025-06-26,MOUN,30
PT201609,6,2025-07-26,MOUN,30
PT201609,7,2025-08-25,MOUN,90
PT201609,8,2025-11-23,MOUN,90
PT201609,9,2026-02-21,MOUN,90
PT201609,10,2026-05-22,MOUN,90
PT201611,1,2025-09-07,MOUN,30
PT201611,2,2025-10-10,MOUN,30
PT201611,3,2025-11-09,MOUN,90
PT201611,4,2026-02-07,MOUN,30
PT201611,5,2026-03-24,MOUN,30
PT201612,1,2024-11-07,MOUN,30
PT201612,2,2024-12-07,MOUN,30
PT201612,3,2025-01-09,MOUN,90
PT201612,4,2025-04-09,MOUN,90
PT201612,5,2025-07-08,MOUN,90
PT201613,1,2026-03-14,MOUN,30
PT201613,2,2026-04-13,MOUN,30
PT201613,3,2026-05-13,MOUN,90
PT201613,4,2026-08-11,MOUN,30
PT201614,1,2025-09-22,RYBL,30
PT201614,2,2025-10-25,RYBL,30
PT201614,3,2025-12-01,RYBL,30
PT201614,4,2025-12-31,RYBL,90
PT201614,5,2026-04-03,RYBL,30
PT201614,6,2026-05-10,RYBL,90
PT201614,7,2026-08-08,RYBL,90
PT201615,1,2024-12-05,TRUL,30
PT201615,2,2025-01-04,TRUL,30
PT201615,3,2025-02-03,TRUL,90
PT201615,4,2025-05-07,TRUL,90
PT201615,5,2025-05-23,TRUL,90
PT201615,6,2025-08-21,TRUL,90
PT201615,7,2025-11-19,TRUL,90
PT201615,8,2026-02-17,TRUL,90
PT201615,9,2026-05-18,TRUL,30
PT201615,10,2026-06-17,TRUL,90
PT201616,1,2025-03-16,OZEM,30
PT201617,1,2025-01-11,MOUN,30
PT201617,2,2025-02-10,MOUN,30
PT201617,3,2025-03-12,MOUN,90
PT201617,4,2025-06-10,MOUN,30
PT201617,5,2025-07-10,MOUN,90
PT201617,6,2025-10-11,MOUN,30
PT201617,7,2025-11-10,MOUN,90
PT201617,8,2026-02-08,MOUN,90
PT201617,9,2026-05-16,MOUN,30
PT201617,10,2026-06-22,MOUN,90
PT201618,1,2025-01-22,RYBL,30
PT201618,2,2025-02-21,RYBL,30
PT201618,3,2025-03-23,RYBL,30
PT201618,4,2025-04-22,RYBL,30
PT201618,5,2025-05-25,RYBL,30
PT201618,6,2025-06-24,RYBL,30
PT201618,7,2025-07-27,RYBL,90
PT201618,8,2025-10-25,RYBL,90
PT201618,9,2026-01-23,RYBL,30
PT201618,10,2026-02-22,RYBL,90
PT201618,11,2026-05-23,RYBL,90
PT201618,12,2026-08-21,RYBL,30
PT201619,1,2025-09-30,TRUL,30
PT201619,2,2025-11-06,MOUN,30
PT201619,3,2025-12-21,MOUN,90
PT201619,4,2026-03-21,MOUN,90
PT201619,5,2026-06-19,MOUN,90
PT201620,1,2026-02-16,TRUL,30
PT201620,2,2026-03-18,TRUL,30
PT201621,1,2025-11-29,TRUL,30
PT201621,2,2025-12-29,TRUL,30
PT201621,3,2026-01-28,TRUL,30
PT201621,4,2026-03-06,TRUL,90
PT201621,5,2026-06-04,TRUL,90
PT201622,1,2025-05-11,MOUN,30
PT201622,2,2025-06-10,MOUN,30
PT201622,3,2025-07-10,MOUN,90
PT201622,4,2025-10-23,MOUN,90
PT201622,5,2026-01-21,MOUN,30
PT201623,1,2025-03-23,OZEM,30
PT201623,2,2025-04-22,OZEM,30
PT201623,3,2025-05-09,OZEM,90
PT201623,4,2025-08-07,OZEM,90
PT201623,5,2025-11-05,OZEM,30
PT201623,6,2025-12-05,OZEM,30
PT201623,7,2026-01-11,OZEM,90
PT201623,8,2026-04-11,OZEM,90
PT201623,9,2026-07-10,OZEM,90
PT201624,1,2025-10-10,RYBL,30
PT201624,2,2025-11-09,RYBL,30
PT201625,1,2025-08-04,RYBL,30
PT201625,2,2025-09-03,RYBL,30
PT201625,3,2025-10-03,RYBL,30
PT201625,4,2025-11-17,RYBL,90
PT201625,5,2026-02-15,RYBL,90
PT201625,6,2026-05-16,RYBL,90
PT201625,7,2026-08-14,RYBL,90
PT201626,1,2026-03-05,MOUN,30
PT201626,2,2026-04-04,MOUN,30
PT201626,3,2026-05-07,MOUN,30
PT201626,4,2026-06-09,MOUN,30
PT201626,5,2026-07-09,MOUN,30
PT201626,6,2026-08-08,MOUN,90
PT201627,1,2025-10-09,MOUN,30
PT201627,2,2025-11-23,MOUN,30
PT201627,3,2025-12-23,MOUN,90
PT201628,1,2025-02-08,TRUL,30
PT201628,2,2025-03-10,TRUL,30
PT201628,3,2025-04-09,TRUL,30
PT201628,4,2025-05-09,TRUL,90
PT201628,5,2025-08-07,TRUL,90
PT201628,6,2025-11-05,TRUL,90
PT201628,7,2026-02-03,TRUL,30
PT201628,8,2026-03-05,TRUL,90
PT201628,9,2026-06-03,TRUL,90
PT201629,1,2025-12-07,OZEM,30
PT201629,2,2026-01-06,OZEM,30
PT201629,3,2026-02-20,OZEM,90
PT201629,4,2026-05-24,OZEM,30
PT201629,5,2026-06-23,OZEM,90
PT201630,1,2026-03-22,MOUN,30
PT201630,2,2026-04-24,MOUN,30
PT201630,3,2026-05-24,MOUN,30
PT201630,4,2026-06-30,MOUN,90
PT201631,1,2025-02-01,RYBL,30
PT201631,2,2025-03-03,RYBL,30
PT201631,3,2025-04-02,RYBL,90
PT201631,4,2025-07-08,RYBL,90
PT201631,5,2025-10-06,RYBL,30
PT201631,6,2025-11-05,RYBL,90
PT201631,7,2026-02-06,RYBL,30
PT201631,8,2026-03-23,RYBL,90
PT201631,9,2026-06-21,RYBL,90
PT201632,1,2025-03-09,OZEM,30
PT201632,2,2025-04-15,OZEM,30
PT201632,3,2025-05-15,OZEM,30
PT201632,4,2025-06-17,OZEM,90
PT201632,5,2025-09-15,OZEM,90
PT201632,6,2025-12-14,OZEM,90
PT201633,1,2026-03-09,OZEM,30
PT201633,2,2026-04-08,OZEM,30
PT201633,3,2026-05-11,OZEM,90
PT201633,4,2026-08-09,OZEM,90
PT201634,1,2025-01-13,MOUN,30
PT201634,2,2025-02-12,MOUN,30
PT201634,3,2025-03-14,MOUN,30
PT201634,4,2025-04-13,MOUN,90
PT201634,5,2025-07-15,MOUN,90
PT201634,6,2025-10-16,MOUN,90
PT201634,7,2026-01-14,MOUN,30
PT201634,8,2026-02-13,MOUN,30
PT201634,9,2026-03-15,MOUN,90
PT201634,10,2026-06-13,MOUN,30
PT201634,11,2026-07-20,MOUN,90
PT201635,1,2025-08-29,RYBL,30
PT201635,2,2025-09-28,RYBL,30
PT201635,3,2025-10-28,RYBL,90
PT201635,4,2026-01-26,RYBL,30
PT201635,5,2026-02-25,RYBL,90
PT201636,1,2026-01-16,TRUL,30
PT201636,2,2026-02-15,TRUL,30
PT201636,3,2026-03-24,TRUL,90
PT201636,4,2026-06-25,TRUL,90
PT201637,1,2025-02-16,MOUN,30
PT201637,2,2025-03-18,MOUN,30
PT201637,3,2025-04-17,MOUN,90
PT201637,4,2025-07-16,MOUN,90
PT201637,5,2025-10-14,MOUN,30
PT201638,1,2024-11-17,MOUN,30
PT201638,2,2024-12-20,MOUN,30
PT201638,3,2025-01-19,MOUN,90
PT201638,4,2025-04-19,MOUN,90
PT201638,5,2025-07-18,MOUN,90
PT201638,6,2025-10-16,MOUN,90
PT201638,7,2026-01-14,MOUN,90
PT201638,8,2026-04-14,MOUN,90
PT201638,9,2026-07-13,MOUN,90
PT201639,1,2026-02-03,OZEM,30
PT201639,2,2026-03-08,OZEM,30
PT201639,3,2026-04-07,OZEM,90
PT201640,1,2024-10-14,TRUL,30
PT201640,2,2024-11-13,TRUL,30
PT201640,3,2024-12-16,TRUL,90
PT201640,4,2025-03-16,TRUL,90
PT201640,5,2025-06-14,TRUL,90
PT201640,6,2025-09-15,TRUL,90
PT201640,7,2025-12-14,TRUL,90
PT201640,8,2026-03-21,TRUL,90
PT201640,9,2026-06-19,TRUL,90
PT201641,1,2026-01-26,RYBL,30
PT201641,2,2026-02-28,RYBL,30
PT201641,3,2026-03-30,RYBL,30
PT201641,4,2026-04-29,RYBL,90
PT201641,5,2026-07-28,RYBL,30
PT201641,6,2026-08-27,RYBL,90
PT201642,1,2025-03-27,MOUN,30
PT201642,2,2025-04-29,MOUN,30
PT201642,3,2025-06-13,MOUN,90
PT201642,4,2025-09-11,MOUN,90
PT201642,5,2025-12-10,MOUN,90
PT201642,6,2026-03-10,MOUN,90
PT201642,7,2026-06-08,MOUN,30
PT201642,8,2026-07-08,MOUN,30
PT201642,9,2026-08-07,MOUN,90
PT201643,1,2025-11-24,MOUN,30
PT201643,2,2025-12-24,MOUN,30
PT201643,3,2026-01-23,MOUN,90
PT201643,4,2026-04-23,MOUN,30
PT201643,5,2026-05-30,MOUN,30
PT201643,6,2026-06-29,MOUN,90
PT201644,1,2026-02-23,MOUN,30
PT201644,2,2026-03-25,MOUN,30
PT201644,3,2026-04-24,MOUN,30
PT201644,4,2026-05-24,MOUN,30
PT201644,5,2026-06-23,MOUN,90
PT201645,1,2024-12-16,TRUL,30
PT201645,2,2025-01-15,TRUL,30
PT201645,3,2025-02-14,TRUL,30
PT201645,4,2025-03-31,TRUL,90
PT201645,5,2025-06-29,MOUN,30
PT201645,6,2025-07-29,MOUN,90
PT201645,7,2025-10-27,MOUN,90
PT201645,8,2026-01-25,MOUN,90
PT201645,9,2026-04-25,MOUN,90
PT201645,10,2026-07-24,MOUN,90
PT201646,1,2024-10-14,MOUN,30
PT201646,2,2024-11-13,MOUN,30
PT201646,3,2024-12-13,MOUN,90
PT201646,4,2025-03-13,MOUN,30
PT201646,5,2025-04-15,MOUN,90
PT201646,6,2025-07-14,MOUN,90
PT201646,7,2025-10-12,OZEM,90
PT201647,1,2026-03-02,MOUN,30
PT201647,2,2026-04-01,MOUN,30
PT201647,3,2026-05-01,MOUN,90
PT201647,4,2026-07-30,MOUN,90
PT201648,1,2026-01-22,RYBL,30
PT201648,2,2026-02-24,RYBL,30
PT201648,3,2026-03-26,RYBL,30
PT201648,4,2026-04-25,TRUL,90
PT201648,5,2026-07-24,TRUL,30
PT201648,6,2026-08-30,OZEM,30
PT201649,1,2024-09-29,TRUL,30
PT201649,2,2024-10-29,TRUL,30
PT201649,3,2024-11-28,RYBL,90
PT201649,4,2025-02-26,RYBL,90
PT201649,5,2025-05-27,RYBL,90
PT201650,1,2024-12-03,TRUL,30
PT201650,2,2025-01-02,TRUL,30
PT201650,3,2025-02-01,TRUL,90
PT201650,4,2025-05-02,TRUL,30
PT201650,5,2025-06-08,TRUL,30
PT201650,6,2025-07-08,TRUL,90
PT201650,7,2025-10-09,TRUL,90
PT201650,8,2026-01-07,TRUL,30
PT201651,1,2025-01-07,OZEM,30
PT201651,2,2025-02-06,OZEM,30
PT201651,3,2025-03-08,OZEM,90
PT201651,4,2025-06-06,OZEM,90
PT201651,5,2025-09-04,OZEM,90
PT201651,6,2025-12-18,OZEM,90
PT201651,7,2026-03-18,OZEM,90
PT201652,1,2024-10-21,MOUN,30
PT201652,2,2024-11-20,MOUN,30
PT201652,3,2024-12-20,MOUN,90
PT201652,4,2025-03-20,MOUN,90
PT201653,1,2025-12-29,MOUN,30
PT201653,2,2026-01-28,MOUN,30
PT201653,3,2026-02-27,MOUN,30
PT201653,4,2026-03-29,MOUN,30
PT201653,5,2026-04-28,MOUN,90
PT201654,1,2024-12-04,RYBL,30
PT201654,2,2025-01-06,RYBL,30
PT201654,3,2025-02-05,RYBL,90
PT201654,4,2025-05-06,RYBL,90
PT201654,5,2025-08-04,RYBL,90
PT201654,6,2025-11-02,RYBL,90
PT201654,7,2026-01-31,RYBL,30
PT201654,8,2026-03-02,RYBL,90
PT201654,9,2026-06-03,RYBL,30
PT201655,1,2025-05-19,OZEM,30
PT201655,2,2025-06-18,OZEM,30
PT201656,1,2026-02-01,MOUN,30
PT201656,2,2026-03-03,MOUN,30
PT201656,3,2026-04-17,MOUN,30
PT201656,4,2026-05-20,MOUN,90
PT201656,5,2026-08-18,MOUN,30
PT201657,1,2025-01-26,MOUN,30
PT201657,2,2025-02-25,MOUN,30
PT201657,3,2025-03-27,MOUN,90
PT201657,4,2025-06-25,MOUN,90
PT201658,1,2024-11-12,OZEM,30
PT201658,2,2024-12-15,OZEM,30
PT201658,3,2025-01-14,OZEM,90
PT201658,4,2025-04-14,OZEM,90
PT201658,5,2025-07-13,OZEM,90
PT201658,6,2025-10-14,TRUL,30
PT201658,7,2025-11-13,TRUL,90
PT201658,8,2026-02-11,TRUL,90
PT201658,9,2026-05-12,OZEM,90
PT201658,10,2026-08-10,OZEM,30
PT201660,1,2024-12-13,MOUN,30
PT201660,2,2025-01-12,MOUN,30
PT201660,3,2025-02-11,MOUN,30
PT201661,1,2024-11-11,RYBL,30
PT201661,2,2024-12-18,RYBL,30
PT201661,3,2025-01-17,RYBL,30
PT201661,4,2025-02-16,RYBL,30
PT201661,5,2025-03-25,RYBL,90
PT201661,6,2025-06-23,RYBL,90
PT201661,7,2025-09-28,MOUN,30
PT201661,8,2025-10-31,MOUN,90
PT201661,9,2026-01-29,MOUN,90
PT201662,1,2025-11-24,TRUL,30
PT201663,1,2024-10-11,OZEM,30
PT201663,2,2024-11-17,OZEM,30
PT201663,3,2024-12-04,OZEM,30
PT201663,4,2025-01-06,OZEM,30
PT201665,1,2024-10-20,TRUL,30
PT201665,2,2024-11-19,TRUL,30
PT201665,3,2024-12-19,TRUL,30
PT201665,4,2025-01-21,TRUL,30
PT201665,5,2025-02-20,TRUL,30
PT201665,6,2025-03-22,MOUN,30
PT201665,7,2025-04-28,MOUN,90
PT201665,8,2025-07-27,MOUN,90
PT201665,9,2025-10-25,MOUN,90
PT201665,10,2026-01-23,MOUN,90
PT201665,11,2026-04-23,MOUN,90
PT201665,12,2026-07-25,MOUN,30
PT201665,13,2026-08-24,MOUN,30
PT201666,1,2025-07-07,TRUL,30
PT201666,2,2025-08-06,TRUL,30
PT201666,3,2025-09-05,TRUL,90
PT201666,4,2025-12-04,TRUL,30
PT201667,1,2025-03-29,MOUN,30
PT201668,1,2025-12-01,TRUL,30
PT201668,2,2026-01-07,TRUL,30
PT201668,3,2026-02-06,TRUL,90
PT201668,4,2026-05-07,TRUL,90
PT201668,5,2026-08-05,TRUL,90
PT201669,1,2025-02-10,MOUN,30
PT201669,2,2025-03-12,MOUN,30
PT201669,3,2025-04-11,MOUN,90
PT201669,4,2025-07-10,MOUN,30
PT201669,5,2025-08-09,MOUN,90
PT201669,6,2025-11-07,MOUN,90
PT201669,7,2026-02-05,MOUN,90
PT201669,8,2026-05-06,MOUN,30
PT201669,9,2026-06-08,MOUN,90
PT201670,1,2025-06-06,OZEM,30
PT201670,2,2025-07-09,OZEM,30
PT201670,3,2025-08-23,RYBL,90
PT201670,4,2025-11-21,RYBL,90
PT201670,5,2026-02-19,RYBL,30
PT201670,6,2026-03-21,RYBL,90
PT201671,1,2024-12-02,MOUN,30
PT201671,2,2025-01-01,MOUN,30
PT201671,3,2025-01-31,MOUN,90
PT201671,4,2025-05-01,MOUN,90
PT201671,5,2025-07-30,MOUN,90
PT201671,6,2025-10-28,MOUN,90
PT201671,7,2026-01-26,MOUN,30
PT201671,8,2026-02-25,MOUN,90
PT201671,9,2026-05-26,MOUN,90
PT201671,10,2026-08-24,MOUN,90
PT201672,1,2024-10-26,MOUN,30
PT201672,2,2024-11-25,MOUN,30
PT201672,3,2024-12-25,MOUN,90
PT201672,4,2025-03-25,MOUN,30
PT201672,5,2025-04-24,MOUN,90
PT201672,6,2025-07-30,MOUN,90
PT201672,7,2025-10-31,MOUN,90
PT201672,8,2026-01-29,MOUN,30
PT201672,9,2026-02-28,MOUN,90
PT201672,10,2026-05-29,MOUN,30
PT201672,11,2026-06-28,MOUN,30
PT201672,12,2026-07-31,MOUN,90
PT201673,1,2025-04-21,OZEM,30
PT201673,2,2025-05-21,OZEM,30
PT201673,3,2025-06-20,OZEM,90
PT201673,4,2025-09-18,OZEM,90
PT201673,5,2025-12-20,OZEM,90
PT201674,1,2024-10-24,RYBL,30
PT201674,2,2024-11-30,MOUN,30
PT201674,3,2024-12-30,MOUN,90
PT201674,4,2025-04-02,MOUN,90
PT201674,5,2025-07-01,MOUN,30
PT201674,6,2025-07-31,MOUN,30
PT201674,7,2025-08-30,MOUN,30
PT201674,8,2025-09-29,MOUN,30
PT201674,9,2025-10-29,MOUN,90
PT201675,1,2025-07-27,MOUN,30
PT201675,2,2025-08-29,MOUN,30
PT201675,3,2025-09-28,MOUN,90
PT201675,4,2025-12-27,MOUN,90
PT201675,5,2026-03-27,MOUN,30
PT201675,6,2026-04-26,MOUN,30
PT201675,7,2026-05-26,MOUN,30
PT201675,8,2026-06-25,MOUN,30
PT201675,9,2026-08-09,MOUN,30
PT201676,1,2025-09-29,MOUN,30
PT201676,2,2025-10-29,MOUN,30
PT201676,3,2025-11-28,MOUN,90
PT201676,4,2026-02-26,MOUN,90
PT201676,5,2026-05-27,TRUL,90
PT201676,6,2026-08-28,RYBL,90
PT201678,1,2025-09-12,RYBL,30
PT201678,2,2025-10-12,RYBL,30
PT201678,3,2025-11-11,RYBL,30
PT201678,4,2025-12-11,RYBL,90
PT201678,5,2026-03-11,RYBL,30
PT201679,1,2026-02-01,MOUN,30
PT201679,2,2026-03-03,MOUN,30
PT201679,3,2026-04-05,TRUL,90
PT201679,4,2026-07-04,TRUL,30
PT201679,5,2026-08-03,MOUN,30
PT201680,1,2026-03-09,OZEM,30
PT201680,2,2026-04-08,OZEM,30
PT201680,3,2026-05-08,OZEM,90
PT201680,4,2026-08-06,OZEM,90
PT201681,1,2024-12-12,OZEM,30
PT201681,2,2025-01-11,OZEM,30
PT201681,3,2025-01-27,OZEM,90
PT201681,4,2025-05-04,OZEM,90
PT201681,5,2025-08-02,OZEM,30
PT201681,6,2025-09-01,MOUN,30
PT201681,7,2025-10-01,MOUN,90
PT201681,8,2025-12-30,MOUN,90
PT201681,9,2026-03-30,MOUN,90
PT201682,1,2025-05-22,TRUL,30
PT201682,2,2025-07-06,TRUL,30
PT201682,3,2025-08-05,TRUL,30
PT201682,4,2025-09-04,TRUL,30
PT201682,5,2025-10-04,TRUL,30
PT201682,6,2025-11-03,TRUL,30
PT201682,7,2025-12-03,TRUL,30
PT201682,8,2026-01-05,TRUL,30
PT201682,9,2026-02-07,TRUL,30
PT201682,10,2026-03-24,TRUL,30
PT201682,11,2026-04-23,TRUL,90
PT201682,12,2026-07-22,TRUL,30
PT201683,1,2025-12-30,TRUL,30
PT201684,1,2026-02-16,MOUN,30
PT201684,2,2026-03-18,MOUN,30
PT201684,3,2026-04-17,MOUN,90
PT201684,4,2026-07-19,MOUN,30
PT201684,5,2026-08-18,MOUN,90
PT201685,1,2025-04-26,TRUL,30
PT201685,2,2025-05-26,TRUL,30
PT201685,3,2025-06-25,TRUL,30
PT201685,4,2025-07-25,TRUL,90
PT201685,5,2025-10-23,TRUL,90
PT201685,6,2026-01-21,TRUL,90
PT201686,1,2025-08-07,MOUN,30
PT201686,2,2025-09-06,MOUN,30
PT201686,3,2025-10-06,MOUN,90
PT201686,4,2026-01-04,MOUN,90
PT201686,5,2026-04-04,MOUN,90
PT201686,6,2026-07-03,MOUN,90
PT201687,1,2025-07-20,MOUN,30
PT201687,2,2025-08-19,MOUN,30
PT201688,1,2026-01-26,RYBL,30
PT201688,2,2026-02-25,RYBL,30
PT201688,3,2026-03-27,RYBL,30
PT201688,4,2026-04-29,RYBL,30
PT201688,5,2026-05-29,RYBL,30
PT201688,6,2026-06-28,RYBL,30
PT201688,7,2026-07-28,RYBL,90
PT201689,1,2025-08-16,OZEM,30
PT201689,2,2025-09-18,OZEM,30
PT201689,3,2025-10-05,OZEM,90
PT201689,4,2026-01-03,OZEM,30
PT201689,5,2026-02-02,OZEM,90
PT201689,6,2026-05-03,OZEM,90
PT201689,7,2026-08-01,OZEM,30
PT201690,1,2026-03-10,OZEM,30
PT201690,2,2026-04-09,OZEM,30
PT201690,3,2026-05-09,OZEM,90
PT201690,4,2026-08-22,OZEM,90
PT201691,1,2025-01-24,OZEM,30
PT201691,2,2025-02-23,OZEM,30
PT201691,3,2025-03-11,OZEM,30
PT201692,1,2025-06-13,OZEM,30
PT201692,2,2025-07-13,OZEM,30
PT201692,3,2025-08-15,OZEM,90
PT201692,4,2025-11-13,OZEM,90
PT201692,5,2026-02-11,OZEM,30
PT201692,6,2026-03-13,OZEM,90
PT201692,7,2026-06-26,OZEM,90
PT201693,1,2026-01-18,OZEM,30
PT201693,2,2026-02-17,RYBL,30
PT201693,3,2026-03-26,RYBL,90
PT201693,4,2026-06-24,RYBL,90
PT201694,1,2025-07-28,OZEM,30
PT201694,2,2025-08-27,OZEM,30
PT201694,3,2025-09-26,OZEM,90
PT201694,4,2026-01-09,OZEM,90
PT201694,5,2026-04-09,OZEM,90
PT201695,1,2025-06-04,TRUL,30
PT201695,2,2025-07-04,RYBL,30
PT201695,3,2025-08-03,RYBL,90
PT201695,4,2025-11-01,RYBL,90
PT201695,5,2026-02-02,RYBL,90
PT201695,6,2026-05-18,RYBL,30
PT201695,7,2026-06-17,RYBL,30
PT201695,8,2026-07-17,RYBL,30
PT201695,9,2026-08-19,RYBL,30
PT201696,1,2026-03-09,OZEM,30
PT201696,2,2026-04-08,OZEM,30
PT201696,3,2026-04-23,OZEM,90
PT201696,4,2026-07-22,OZEM,90
PT201697,1,2025-04-21,OZEM,30
PT201697,2,2025-05-21,OZEM,30
PT201697,3,2025-06-20,OZEM,30
PT201697,4,2025-07-20,OZEM,90
PT201697,5,2025-10-18,OZEM,90
PT201697,6,2026-01-19,OZEM,90
PT201697,7,2026-04-19,OZEM,90
PT201697,8,2026-07-18,OZEM,30
PT201697,9,2026-08-17,OZEM,90
PT201698,1,2024-09-25,RYBL,30
PT201698,2,2024-10-25,RYBL,30
PT201698,3,2024-11-24,RYBL,90
PT201699,1,2025-03-10,TRUL,30
PT201699,2,2025-04-09,TRUL,30
PT201700,1,2025-12-01,OZEM,30
PT201700,2,2025-12-31,OZEM,30
PT201700,3,2026-02-06,OZEM,90
PT201700,4,2026-05-07,OZEM,90
PT201700,5,2026-08-05,OZEM,90
PT201701,1,2024-11-17,RYBL,30
PT201701,2,2024-12-24,RYBL,30
PT201701,3,2025-01-23,RYBL,90
PT201701,4,2025-04-23,RYBL,30
PT201702,1,2025-03-27,OZEM,30
PT201702,2,2025-04-26,OZEM,30
PT201702,3,2025-05-11,OZEM,90
PT201702,4,2025-08-12,OZEM,30
PT201702,5,2025-09-11,OZEM,90
PT201702,6,2025-12-10,OZEM,90
PT201702,7,2026-03-10,OZEM,90
PT201702,8,2026-06-23,OZEM,90
PT201703,1,2025-03-20,OZEM,30
PT201703,2,2025-04-19,OZEM,30
PT201703,3,2025-05-22,OZEM,90
PT201703,4,2025-08-20,OZEM,90
PT201704,1,2025-10-13,TRUL,30
PT201704,2,2025-11-12,TRUL,30
PT201704,3,2025-12-15,TRUL,30
PT201704,4,2026-01-14,TRUL,30
PT201704,5,2026-02-13,TRUL,90
PT201704,6,2026-05-14,OZEM,90
PT201704,7,2026-08-12,OZEM,90
PT201705,1,2025-06-02,OZEM,30
PT201705,2,2025-07-02,OZEM,30
PT201705,3,2025-08-01,MOUN,30
PT201705,4,2025-08-31,MOUN,90
PT201705,5,2025-11-29,MOUN,90
PT201705,6,2026-03-06,MOUN,90
PT201705,7,2026-06-04,MOUN,30
PT201705,8,2026-07-07,MOUN,90
PT201706,1,2025-04-06,MOUN,30
PT201706,2,2025-05-06,MOUN,30
PT201706,3,2025-06-05,MOUN,30
PT201706,4,2025-07-05,MOUN,90
PT201706,5,2025-10-03,OZEM,90
PT201706,6,2026-01-04,OZEM,90
PT201706,7,2026-04-19,OZEM,90
PT201706,8,2026-07-18,OZEM,30
PT201706,9,2026-08-17,OZEM,90
PT201707,1,2025-07-25,MOUN,30
PT201707,2,2025-08-24,MOUN,30
PT201707,3,2025-09-23,MOUN,90
PT201707,4,2025-12-22,MOUN,30
PT201707,5,2026-01-21,MOUN,90
PT201707,6,2026-04-21,MOUN,30
PT201707,7,2026-05-03,MOUN,90
PT201707,8,2026-08-01,MOUN,90
PT201708,1,2025-11-19,OZEM,30
PT201708,2,2025-12-19,OZEM,30
PT201708,3,2026-01-18,OZEM,30
PT201708,4,2026-02-17,OZEM,90
PT201709,1,2024-09-06,TRUL,30
PT201709,2,2024-10-06,TRUL,30
PT201709,3,2024-11-05,TRUL,30
PT201709,4,2024-12-05,TRUL,90
PT201710,1,2025-06-09,MOUN,30
PT201710,2,2025-07-09,MOUN,30
PT201710,3,2025-08-08,MOUN,90
PT201710,4,2025-11-06,MOUN,90
PT201711,1,2025-03-28,TRUL,30
PT201711,2,2025-04-27,TRUL,30
PT201711,3,2025-05-27,RYBL,90
PT201711,4,2025-08-25,RYBL,90
PT201711,5,2025-11-30,RYBL,90
PT201711,6,2026-02-28,RYBL,90
PT201711,7,2026-05-29,RYBL,30
PT201711,8,2026-07-01,RYBL,90
PT201712,1,2025-02-16,TRUL,30
PT201712,2,2025-03-18,TRUL,30
PT201712,3,2025-04-17,TRUL,90
PT201712,4,2025-07-16,RYBL,30
PT201712,5,2025-08-15,RYBL,90
PT201713,1,2025-01-07,OZEM,30
PT201713,2,2025-02-06,OZEM,30
PT201713,3,2025-03-08,OZEM,30
PT201713,4,2025-04-07,OZEM,90
PT201713,5,2025-07-06,OZEM,30
PT201714,1,2026-02-06,TRUL,30
PT201714,2,2026-03-08,TRUL,30
PT201714,3,2026-04-07,TRUL,90
PT201714,4,2026-07-06,TRUL,30
PT201714,5,2026-08-05,TRUL,90
PT201716,1,2025-12-13,MOUN,30
PT201716,2,2026-01-12,MOUN,30
PT201716,3,2026-02-26,MOUN,90
PT201716,4,2026-05-27,MOUN,90
PT201716,5,2026-08-25,MOUN,90
PT201717,1,2026-03-04,TRUL,30
PT201717,2,2026-04-03,TRUL,30
PT201717,3,2026-05-18,TRUL,90
PT201717,4,2026-08-19,TRUL,90
PT201719,1,2025-02-18,MOUN,30
PT201719,2,2025-03-20,MOUN,30
PT201719,3,2025-04-19,MOUN,30
PT201719,4,2025-05-19,RYBL,90
PT201719,5,2025-08-17,RYBL,30
PT201719,6,2025-09-16,RYBL,90
PT201719,7,2025-12-15,RYBL,90
PT201719,8,2026-03-18,RYBL,90
PT201719,9,2026-07-01,RYBL,90
PT201720,1,2026-01-16,OZEM,30
PT201720,2,2026-02-15,OZEM,30
PT201720,3,2026-03-17,OZEM,90
PT201721,1,2024-09-19,TRUL,30
PT201721,2,2024-10-19,TRUL,30
PT201721,3,2024-11-25,TRUL,90
PT201721,4,2025-02-23,TRUL,90
PT201721,5,2025-05-27,TRUL,90
PT201721,6,2025-08-25,TRUL,30
PT201721,7,2025-09-24,TRUL,90
PT201721,8,2025-12-23,TRUL,90
PT201722,1,2025-01-21,MOUN,30
PT201722,2,2025-02-20,MOUN,30
PT201722,3,2025-03-22,MOUN,90
PT201722,4,2025-06-20,MOUN,90
PT201722,5,2025-09-18,MOUN,30
PT201722,6,2025-10-25,MOUN,90
PT201722,7,2026-01-26,TRUL,30
PT201722,8,2026-02-25,TRUL,90
PT201722,9,2026-05-26,TRUL,90
PT201722,10,2026-08-24,TRUL,90
PT201723,1,2025-08-18,MOUN,30
PT201723,2,2025-09-17,MOUN,30
PT201723,3,2025-10-24,MOUN,90
PT201723,4,2026-01-22,MOUN,90
PT201723,5,2026-04-22,MOUN,30
PT201723,6,2026-05-22,MOUN,90
PT201723,7,2026-08-20,MOUN,30
PT201724,1,2026-01-12,MOUN,30
PT201725,1,2026-01-18,OZEM,30
PT201725,2,2026-02-17,OZEM,30
PT201725,3,2026-03-19,MOUN,90
PT201725,4,2026-06-17,MOUN,90
PT201726,1,2025-06-24,MOUN,30
PT201726,2,2025-07-24,MOUN,30
PT201726,3,2025-08-23,OZEM,90
PT201726,4,2025-11-21,OZEM,30
PT201726,5,2025-12-24,OZEM,90
PT201727,1,2025-02-23,OZEM,30
PT201727,2,2025-03-25,OZEM,30
PT201727,3,2025-05-01,OZEM,30
PT201727,4,2025-05-31,RYBL,90
PT201727,5,2025-09-01,RYBL,30
PT201727,6,2025-10-01,RYBL,30
PT201728,1,2025-12-15,MOUN,30
PT201728,2,2026-01-14,MOUN,30
PT201728,3,2026-02-13,MOUN,30
PT201728,4,2026-03-15,MOUN,30
PT201728,5,2026-04-14,MOUN,30
PT201728,6,2026-05-29,MOUN,90
PT201728,7,2026-08-27,MOUN,30
PT201729,1,2025-06-01,MOUN,30
PT201729,2,2025-07-04,MOUN,30
PT201729,3,2025-08-10,MOUN,30
PT201729,4,2025-09-09,MOUN,30
PT201729,5,2025-10-09,MOUN,90
PT201729,6,2025-10-26,MOUN,90
PT201729,7,2026-01-24,MOUN,90
PT201729,8,2026-04-24,MOUN,30
PT201729,9,2026-05-31,MOUN,90
PT201731,1,2024-09-10,OZEM,30
PT201731,2,2024-10-10,OZEM,30
PT201731,3,2024-11-09,OZEM,90
PT201731,4,2025-02-07,OZEM,90
PT201731,5,2025-05-08,OZEM,90
PT201731,6,2025-08-06,OZEM,30
PT201732,1,2025-08-09,OZEM,30
PT201732,2,2025-09-08,OZEM,30
PT201732,3,2025-10-08,OZEM,30
PT201732,4,2025-11-07,TRUL,30
PT201733,1,2025-08-13,TRUL,30
PT201733,2,2025-09-12,TRUL,30
PT201733,3,2025-10-12,TRUL,30
PT201733,4,2025-11-11,TRUL,90
PT201733,5,2026-02-09,TRUL,90
PT201733,6,2026-05-10,TRUL,30
PT201733,7,2026-06-09,RYBL,30
PT201733,8,2026-07-12,RYBL,90
PT201734,1,2024-11-04,OZEM,30
PT201734,2,2024-12-04,OZEM,30
PT201734,3,2025-01-03,OZEM,90
PT201734,4,2025-04-03,OZEM,30
PT201734,5,2025-05-03,OZEM,90
PT201734,6,2025-08-04,OZEM,90
PT201734,7,2025-11-02,OZEM,90
PT201735,1,2025-10-27,MOUN,30
PT201735,2,2025-11-26,MOUN,30
PT201736,1,2025-09-17,RYBL,30
PT201736,2,2025-10-17,RYBL,30
PT201736,3,2025-11-16,RYBL,30
PT201737,1,2025-09-30,OZEM,30
PT201737,2,2025-10-30,OZEM,30
PT201737,3,2025-11-29,OZEM,90
PT201737,4,2026-02-27,OZEM,90
PT201737,5,2026-05-28,OZEM,90
PT201737,6,2026-08-26,OZEM,90
PT201738,1,2024-12-20,RYBL,30
PT201738,2,2025-01-19,RYBL,30
PT201738,3,2025-02-18,RYBL,90
PT201738,4,2025-05-19,RYBL,90
PT201738,5,2025-08-17,RYBL,30
PT201738,6,2025-09-16,RYBL,90
PT201738,7,2025-12-15,RYBL,90
PT201738,8,2026-03-15,RYBL,30
PT201738,9,2026-04-14,RYBL,90
PT201738,10,2026-07-13,RYBL,30
PT201738,11,2026-08-12,RYBL,90
PT201739,1,2025-01-26,TRUL,30
PT201739,2,2025-02-25,TRUL,30
PT201739,3,2025-03-27,OZEM,90
PT201739,4,2025-06-28,OZEM,90
PT201739,5,2025-09-26,OZEM,90
PT201739,6,2025-12-25,OZEM,30
PT201739,7,2026-01-24,OZEM,30
PT201739,8,2026-02-23,OZEM,90
PT201739,9,2026-05-27,OZEM,90
PT201739,10,2026-08-28,OZEM,90
PT201740,1,2025-03-18,OZEM,30
PT201740,2,2025-04-17,OZEM,30
PT201740,3,2025-05-17,OZEM,90
PT201740,4,2025-08-30,OZEM,90
PT201740,5,2025-11-28,OZEM,30
PT201740,6,2025-12-28,OZEM,30
PT201740,7,2026-01-27,OZEM,90
PT201740,8,2026-04-27,OZEM,30
PT201740,9,2026-05-27,OZEM,90
PT201742,1,2025-05-12,MOUN,30
PT201742,2,2025-06-11,MOUN,30
PT201742,3,2025-07-11,MOUN,30
PT201742,4,2025-08-10,MOUN,90
PT201742,5,2025-11-08,MOUN,90
PT201743,1,2025-09-01,RYBL,30
PT201743,2,2025-10-01,RYBL,30
PT201743,3,2025-10-31,RYBL,90
PT201743,4,2025-11-10,RYBL,90
PT201743,5,2026-02-08,RYBL,90
PT201743,6,2026-05-09,RYBL,90
PT201743,7,2026-08-07,RYBL,30
PT201744,1,2025-09-06,OZEM,30
PT201744,2,2025-10-06,OZEM,30
PT201744,3,2025-10-23,OZEM,90
PT201744,4,2026-01-21,OZEM,90
PT201744,5,2026-04-21,OZEM,30
PT201744,6,2026-05-21,OZEM,30
PT201744,7,2026-06-23,OZEM,90
PT201745,1,2025-02-01,OZEM,30
PT201745,2,2025-03-03,OZEM,30
PT201745,3,2025-04-05,OZEM,90
PT201745,4,2025-07-04,OZEM,30
PT201745,5,2025-08-03,OZEM,90
PT201745,6,2025-11-01,OZEM,30
PT201745,7,2025-12-01,OZEM,30
PT201746,1,2025-04-23,RYBL,30
PT201746,2,2025-05-23,RYBL,30
PT201746,3,2025-06-22,RYBL,90
PT201746,4,2025-09-20,RYBL,30
PT201746,5,2025-10-23,RYBL,30
PT201747,1,2025-03-21,MOUN,30
PT201747,2,2025-04-20,MOUN,30
PT201747,3,2025-05-20,MOUN,90
PT201747,4,2025-08-18,MOUN,90
PT201747,5,2025-11-16,MOUN,90
PT201748,1,2026-03-06,TRUL,30
PT201748,2,2026-04-05,TRUL,30
PT201748,3,2026-05-05,TRUL,30
PT201748,4,2026-06-07,TRUL,30
PT201748,5,2026-07-07,MOUN,90
PT201749,1,2026-01-21,MOUN,30
PT201749,2,2026-02-20,MOUN,30
PT201749,3,2026-03-22,MOUN,30
PT201749,4,2026-04-21,MOUN,90
PT201749,5,2026-07-20,MOUN,30
PT201749,6,2026-08-19,MOUN,90
PT201750,1,2025-03-21,TRUL,30
PT201751,1,2025-07-31,MOUN,30
PT201751,2,2025-08-30,MOUN,30
PT201751,3,2025-09-29,MOUN,30
PT201751,4,2025-10-29,MOUN,30
PT201751,5,2025-11-28,MOUN,90
PT201751,6,2026-02-26,MOUN,90
PT201751,7,2026-05-27,MOUN,90
PT201751,8,2026-08-25,MOUN,90
PT201752,1,2025-07-17,MOUN,30
PT201753,1,2025-03-15,RYBL,30
PT201753,2,2025-04-14,RYBL,30
PT201753,3,2025-05-14,MOUN,30
PT201753,4,2025-06-20,MOUN,30
PT201753,5,2025-07-20,MOUN,90
PT201753,6,2025-10-25,MOUN,90
PT201753,7,2026-01-23,MOUN,30
PT201753,8,2026-02-22,MOUN,90
PT201753,9,2026-05-26,MOUN,90
PT201753,10,2026-08-24,MOUN,90
PT201754,1,2025-12-18,OZEM,30
PT201754,2,2026-01-17,OZEM,30
PT201754,3,2026-02-04,OZEM,30
PT201754,4,2026-03-06,OZEM,90
PT201754,5,2026-06-04,OZEM,90
PT201755,1,2025-03-25,OZEM,30
PT201756,1,2025-11-26,MOUN,30
PT201756,2,2025-12-26,MOUN,30
PT201756,3,2026-01-25,MOUN,90
PT201756,4,2026-05-02,MOUN,30
PT201756,5,2026-06-01,MOUN,90
PT201757,1,2025-02-03,OZEM,30
PT201757,2,2025-03-08,OZEM,30
PT201757,3,2025-04-07,OZEM,30
PT201757,4,2025-05-07,OZEM,30
PT201758,1,2024-10-07,MOUN,30
PT201758,2,2024-11-06,MOUN,30
PT201758,3,2024-12-06,TRUL,30
PT201758,4,2025-01-05,TRUL,90
PT201758,5,2025-04-05,TRUL,30
PT201758,6,2025-05-05,TRUL,30
PT201758,7,2025-06-04,TRUL,90
PT201758,8,2025-09-02,TRUL,90
PT201758,9,2025-12-01,TRUL,90
PT201758,10,2026-03-01,TRUL,30
PT201759,1,2025-07-27,TRUL,30
PT201759,2,2025-08-26,TRUL,30
PT201759,3,2025-09-25,TRUL,90
PT201759,4,2025-12-24,TRUL,90
PT201759,5,2026-03-24,TRUL,30
PT201759,6,2026-04-23,TRUL,30
PT201759,7,2026-05-23,TRUL,30
PT201759,8,2026-06-25,TRUL,90
PT201760,1,2024-11-29,MOUN,30
PT201760,2,2024-12-29,MOUN,30
PT201760,3,2025-01-31,MOUN,90
PT201760,4,2025-05-16,MOUN,30
PT201761,1,2024-10-23,MOUN,30
PT201761,2,2024-11-25,MOUN,30
PT201761,3,2025-01-01,MOUN,90
PT201761,4,2025-04-04,MOUN,30
PT201761,5,2025-05-04,MOUN,90
PT201761,6,2025-08-02,MOUN,90
PT201761,7,2025-10-31,MOUN,30
PT201761,8,2025-11-30,MOUN,90
PT201761,9,2026-03-03,MOUN,90
PT201761,10,2026-06-08,MOUN,90
PT201762,1,2025-07-30,TRUL,30
PT201762,2,2025-08-29,TRUL,30
PT201762,3,2025-09-28,TRUL,90
PT201763,1,2026-01-15,MOUN,30
PT201763,2,2026-02-14,MOUN,30
PT201764,1,2024-11-19,OZEM,30
PT201764,2,2025-01-03,OZEM,30
PT201764,3,2025-01-18,OZEM,90
PT201764,4,2025-04-18,OZEM,90
PT201764,5,2025-07-17,OZEM,90
PT201764,6,2025-10-18,OZEM,30
PT201764,7,2025-11-17,OZEM,90
PT201764,8,2026-02-15,OZEM,30
PT201764,9,2026-03-17,OZEM,90
PT201765,1,2025-12-02,MOUN,30
PT201765,2,2026-01-08,MOUN,30
PT201765,3,2026-02-07,MOUN,90
PT201766,1,2025-08-19,MOUN,30
PT201766,2,2025-09-18,MOUN,30
PT201766,3,2025-10-18,MOUN,90
PT201766,4,2026-01-16,MOUN,90
PT201766,5,2026-04-16,MOUN,90
PT201766,6,2026-07-15,MOUN,30
PT201766,7,2026-08-14,MOUN,90
PT201767,1,2026-03-19,MOUN,30
PT201767,2,2026-04-25,MOUN,30
PT201767,3,2026-05-25,MOUN,90
PT201767,4,2026-08-23,MOUN,90
PT201768,1,2025-09-03,OZEM,30
PT201768,2,2025-10-03,OZEM,30
PT201768,3,2025-11-17,OZEM,90
PT201768,4,2026-02-15,OZEM,90
PT201768,5,2026-05-23,OZEM,90
PT201768,6,2026-08-24,OZEM,30
PT201769,1,2025-03-10,RYBL,30
PT201769,2,2025-04-09,RYBL,30
PT201769,3,2025-05-09,RYBL,90
PT201769,4,2025-08-07,RYBL,90
PT201769,5,2025-11-05,RYBL,90
PT201769,6,2026-02-03,RYBL,90
PT201769,7,2026-05-04,RYBL,90
PT201769,8,2026-08-02,RYBL,30
PT201770,1,2024-11-02,RYBL,30
PT201770,2,2024-12-02,RYBL,30
PT201770,3,2025-01-04,RYBL,30
PT201770,4,2025-02-03,RYBL,90
PT201770,5,2025-05-04,RYBL,30
PT201770,6,2025-06-03,RYBL,90
PT201770,7,2025-09-04,RYBL,30
PT201770,8,2025-10-07,RYBL,90
PT201771,1,2025-11-20,MOUN,30
PT201771,2,2025-12-20,OZEM,30
PT201771,3,2026-01-19,OZEM,90
PT201771,4,2026-04-19,OZEM,30
PT201771,5,2026-05-19,OZEM,90
PT201771,6,2026-08-17,OZEM,90
PT201772,1,2025-08-04,TRUL,30
PT201772,2,2025-09-06,TRUL,30
PT201772,3,2025-10-06,TRUL,30
PT201772,4,2025-11-08,TRUL,30
PT201772,5,2025-12-08,TRUL,90
PT201772,6,2026-03-15,TRUL,30
PT201772,7,2026-04-14,TRUL,90
PT201772,8,2026-07-13,TRUL,30
PT201773,1,2026-01-21,MOUN,30
PT201773,2,2026-02-23,MOUN,30
PT201773,3,2026-03-28,MOUN,90
PT201773,4,2026-06-26,MOUN,90
PT201774,1,2025-09-20,MOUN,30
PT201774,2,2025-10-23,MOUN,30
PT201774,3,2025-11-22,MOUN,90
PT201774,4,2026-02-20,MOUN,90
PT201774,5,2026-05-21,MOUN,90
PT201774,6,2026-08-19,MOUN,30
PT201775,1,2025-05-01,OZEM,30
PT201775,2,2025-05-31,OZEM,30
PT201775,3,2025-06-30,OZEM,90
PT201775,4,2025-09-28,OZEM,30
PT201775,5,2025-10-28,OZEM,90
PT201775,6,2026-01-29,OZEM,30
PT201775,7,2026-02-28,OZEM,90
PT201775,8,2026-06-13,OZEM,30
PT201775,9,2026-07-13,OZEM,90
PT201776,1,2025-05-19,TRUL,30
PT201776,2,2025-06-25,TRUL,30
PT201776,3,2025-07-25,TRUL,30
PT201776,4,2025-08-24,TRUL,90
PT201776,5,2025-11-22,TRUL,30
PT201776,6,2025-12-22,TRUL,30
PT201776,7,2026-01-21,TRUL,90
PT201776,8,2026-04-21,TRUL,90
PT201776,9,2026-07-20,TRUL,90
PT201777,1,2025-06-24,RYBL,30
PT201777,2,2025-07-24,RYBL,30
PT201777,3,2025-08-23,RYBL,30
PT201778,1,2025-11-16,OZEM,30
PT201778,2,2025-12-16,OZEM,30
PT201778,3,2026-01-15,OZEM,90
PT201778,4,2026-04-18,OZEM,90
PT201778,5,2026-07-17,OZEM,90
PT201779,1,2026-02-04,TRUL,30
PT201779,2,2026-03-06,TRUL,30
PT201779,3,2026-04-05,TRUL,90
PT201779,4,2026-07-11,TRUL,90
PT201780,1,2025-09-22,MOUN,30
PT201780,2,2025-10-22,MOUN,30
PT201780,3,2025-11-28,MOUN,30
PT201780,4,2025-12-31,MOUN,30
PT201780,5,2026-01-30,MOUN,30
PT201780,6,2026-03-01,MOUN,90
PT201781,1,2025-02-06,MOUN,30
PT201781,2,2025-03-11,MOUN,30
PT201781,3,2025-04-17,MOUN,90
PT201781,4,2025-07-16,MOUN,90
PT201781,5,2025-10-14,MOUN,90
PT201781,6,2026-01-12,MOUN,90
PT201782,1,2024-11-06,MOUN,30
PT201782,2,2024-12-13,MOUN,30
PT201782,3,2025-01-12,MOUN,90
PT201782,4,2025-04-12,MOUN,90
PT201782,5,2025-07-11,MOUN,30
PT201782,6,2025-08-10,MOUN,30
PT201782,7,2025-09-09,MOUN,90
PT201782,8,2025-12-08,MOUN,30
PT201782,9,2026-01-07,MOUN,30
PT201782,10,2026-02-06,MOUN,30
PT201782,11,2026-03-11,MOUN,90
PT201782,12,2026-06-09,MOUN,90
PT201783,1,2025-08-20,MOUN,30
PT201783,2,2025-09-22,MOUN,30
PT201783,3,2025-10-22,MOUN,90
PT201783,4,2026-01-20,MOUN,90
PT201783,5,2026-04-20,MOUN,90
PT201783,6,2026-07-19,MOUN,30
PT201783,7,2026-08-18,MOUN,90
PT201785,1,2025-02-03,RYBL,30
PT201785,2,2025-03-05,RYBL,30
PT201785,3,2025-04-04,RYBL,30
PT201785,4,2025-05-04,RYBL,90
PT201785,5,2025-08-02,RYBL,90
PT201785,6,2025-10-31,RYBL,90
PT201785,7,2026-02-01,RYBL,90
PT201785,8,2026-05-02,RYBL,30
PT201785,9,2026-06-01,RYBL,90
PT201785,10,2026-08-30,RYBL,90
PT201786,1,2025-03-21,RYBL,30
PT201787,1,2025-10-06,MOUN,30
PT201787,2,2025-11-05,MOUN,30
PT201787,3,2025-12-05,OZEM,30
PT201787,4,2026-01-07,OZEM,30
PT201787,5,2026-02-06,OZEM,30
PT201787,6,2026-03-08,OZEM,90
PT201787,7,2026-06-09,OZEM,30
PT201787,8,2026-07-16,OZEM,30
PT201787,9,2026-08-15,OZEM,90
PT201789,1,2025-10-26,OZEM,30
PT201789,2,2025-11-25,OZEM,30
PT201789,3,2025-12-25,OZEM,90
PT201789,4,2026-03-25,OZEM,30
PT201789,5,2026-04-24,OZEM,90
PT201789,6,2026-07-30,OZEM,90
PT201790,1,2025-02-13,MOUN,30
PT201790,2,2025-03-15,MOUN,30
PT201790,3,2025-04-14,MOUN,30
PT201790,4,2025-05-14,MOUN,90
PT201790,5,2025-08-12,MOUN,30
PT201791,1,2024-12-13,TRUL,30
PT201792,1,2025-11-06,MOUN,30
PT201792,2,2025-12-06,MOUN,30
PT201792,3,2026-01-05,MOUN,30
PT201792,4,2026-02-04,MOUN,90
PT201792,5,2026-05-05,MOUN,30
PT201792,6,2026-06-04,MOUN,90
PT201793,1,2025-01-25,TRUL,30
PT201793,2,2025-03-03,TRUL,30
PT201793,3,2025-04-02,TRUL,90
PT201793,4,2025-07-01,TRUL,30
PT201793,5,2025-07-31,TRUL,90
PT201793,6,2025-10-29,TRUL,90
PT201793,7,2026-01-27,TRUL,30
PT201793,8,2026-02-26,TRUL,30
PT201795,1,2024-12-30,RYBL,30
PT201795,2,2025-01-29,RYBL,30
PT201795,3,2025-02-28,RYBL,90
PT201795,4,2025-05-29,RYBL,90
PT201795,5,2025-09-11,RYBL,90
PT201795,6,2025-12-10,RYBL,30
PT201795,7,2026-01-16,RYBL,30
PT201795,8,2026-02-15,RYBL,90
PT201796,1,2025-11-15,MOUN,30
PT201796,2,2025-12-15,MOUN,30
PT201796,3,2026-01-21,MOUN,30
PT201796,4,2026-02-20,MOUN,90
PT201797,1,2026-03-15,RYBL,30
PT201797,2,2026-04-14,RYBL,30
PT201797,3,2026-05-17,RYBL,90
PT201797,4,2026-08-18,RYBL,30
PT201798,1,2025-01-30,OZEM,30
PT201798,2,2025-03-01,TRUL,30
PT201798,3,2025-04-07,TRUL,90
PT201799,1,2024-11-26,MOUN,30
PT201799,2,2024-12-26,MOUN,30
PT201799,3,2025-01-25,MOUN,90
PT201799,4,2025-04-28,MOUN,90
PT201801,1,2025-04-12,TRUL,30
PT201801,2,2025-05-12,TRUL,30
PT201801,3,2025-06-11,TRUL,90
PT201801,4,2025-09-09,RYBL,30
PT201801,5,2025-10-09,RYBL,30
PT201801,6,2025-11-08,RYBL,30
PT201801,7,2025-12-11,RYBL,90
PT201801,8,2026-03-11,RYBL,90
PT201802,1,2024-09-23,MOUN,30
PT201802,2,2024-10-23,MOUN,30
PT201802,3,2024-11-22,MOUN,90
PT201802,4,2025-02-20,MOUN,30
PT201803,1,2024-12-09,MOUN,30
PT201803,2,2025-01-08,MOUN,30
PT201803,3,2025-02-14,MOUN,90
PT201803,4,2025-05-15,MOUN,90
PT201803,5,2025-08-16,MOUN,30
PT201803,6,2025-09-03,MOUN,30
PT201803,7,2025-10-03,MOUN,30
PT201804,1,2025-04-20,OZEM,30
PT201805,1,2025-05-22,MOUN,30
PT201805,2,2025-06-21,MOUN,30
PT201805,3,2025-07-28,MOUN,90
PT201805,4,2025-10-26,MOUN,90
PT201805,5,2026-01-24,OZEM,90
PT201805,6,2026-04-24,OZEM,90
PT201805,7,2026-07-23,OZEM,30
PT201805,8,2026-08-22,OZEM,90
PT201806,1,2025-11-23,MOUN,30
PT201807,1,2025-05-17,RYBL,30
PT201807,2,2025-06-16,RYBL,30
PT201807,3,2025-07-16,RYBL,90
PT201807,4,2025-10-17,RYBL,90
PT201807,5,2026-01-15,RYBL,90
PT201807,6,2026-04-18,RYBL,30
PT201808,1,2024-10-16,TRUL,30
PT201808,2,2024-11-15,TRUL,30
PT201808,3,2024-12-15,TRUL,90
PT201808,4,2025-03-15,TRUL,30
PT201808,5,2025-04-14,TRUL,30
PT201808,6,2025-05-14,TRUL,30
PT201808,7,2025-06-13,TRUL,30
PT201808,8,2025-07-13,TRUL,90
PT201809,1,2025-09-24,TRUL,30
PT201809,2,2025-10-24,TRUL,30
PT201809,3,2025-11-23,TRUL,90
PT201809,4,2026-02-28,MOUN,30
PT201809,5,2026-03-30,MOUN,90
PT201809,6,2026-06-28,MOUN,30
PT201809,7,2026-07-28,MOUN,90
PT201810,1,2025-07-10,MOUN,30
PT201810,2,2025-08-09,OZEM,30
PT201810,3,2025-09-08,OZEM,90
PT201810,4,2025-12-10,OZEM,90
PT201810,5,2026-03-13,OZEM,90
PT201810,6,2026-06-11,OZEM,90
PT201811,1,2025-09-24,MOUN,30
PT201811,2,2025-10-24,MOUN,30
PT201811,3,2025-11-23,MOUN,90
PT201811,4,2026-02-21,MOUN,90
PT201811,5,2026-05-22,MOUN,90
PT201811,6,2026-08-20,MOUN,90
PT201812,1,2025-04-10,TRUL,30
PT201812,2,2025-05-10,TRUL,30
PT201812,3,2025-06-09,TRUL,90
PT201812,4,2025-09-07,TRUL,90
PT201812,5,2025-12-06,TRUL,30
PT201812,6,2026-01-05,TRUL,90
PT201812,7,2026-04-12,TRUL,90
PT201812,8,2026-07-11,TRUL,30
PT201812,9,2026-08-10,TRUL,90
PT201813,1,2026-02-02,MOUN,30
PT201813,2,2026-03-04,MOUN,30
PT201814,1,2025-02-03,OZEM,30
PT201814,2,2025-03-08,OZEM,30
PT201814,3,2025-04-07,OZEM,30
PT201814,4,2025-05-07,OZEM,30
PT201814,5,2025-06-09,OZEM,90
PT201815,1,2026-02-12,MOUN,30
PT201815,2,2026-03-14,MOUN,30
PT201816,1,2024-09-20,OZEM,30
PT201816,2,2024-10-20,OZEM,30
PT201816,3,2024-11-19,OZEM,30
PT201816,4,2024-12-19,OZEM,90
PT201816,5,2025-03-19,OZEM,30
PT201816,6,2025-04-18,OZEM,90
PT201816,7,2025-07-17,OZEM,90
PT201817,1,2024-09-07,MOUN,30
PT201817,2,2024-10-07,MOUN,30
PT201817,3,2024-11-06,MOUN,30
PT201817,4,2024-12-06,MOUN,90
PT201818,1,2025-07-24,MOUN,30
PT201818,2,2025-08-23,MOUN,30
PT201818,3,2025-09-22,MOUN,90
PT201818,4,2025-12-21,MOUN,90
PT201818,5,2026-03-21,MOUN,90
PT201818,6,2026-06-19,MOUN,90
PT201819,1,2024-11-29,RYBL,30
PT201819,2,2024-12-29,RYBL,30
PT201819,3,2025-01-28,RYBL,90
PT201819,4,2025-04-28,RYBL,90
PT201819,5,2025-07-27,RYBL,90
PT201819,6,2025-10-28,RYBL,90
PT201819,7,2026-01-26,RYBL,90
PT201819,8,2026-04-26,RYBL,90
PT201819,9,2026-07-25,RYBL,90
PT201820,1,2026-01-28,MOUN,30
PT201820,2,2026-03-02,MOUN,30
PT201820,3,2026-04-01,MOUN,90
PT201820,4,2026-06-30,MOUN,90
PT201821,1,2025-06-19,OZEM,30
PT201821,2,2025-07-19,OZEM,30
PT201821,3,2025-08-18,OZEM,90
PT201821,4,2025-11-16,OZEM,90
PT201821,5,2026-02-14,OZEM,90
PT201821,6,2026-05-22,OZEM,90
PT201821,7,2026-08-20,OZEM,90
PT201822,1,2024-11-16,OZEM,30
PT201822,2,2024-10-07,OZEM,30
PT201822,3,2025-01-30,OZEM,30
PT201822,4,2025-03-01,OZEM,30
PT201822,5,2025-03-31,OZEM,30
PT201822,6,2025-04-30,TRUL,90
PT201822,7,2025-07-29,MOUN,30
PT201822,8,2025-09-04,MOUN,30
PT201822,9,2025-10-04,MOUN,90
PT201823,1,2025-09-24,TRUL,30
PT201823,2,2025-10-24,TRUL,30
PT201823,3,2025-11-23,TRUL,90
PT201823,4,2026-02-21,TRUL,30
PT201823,5,2026-03-23,TRUL,90
PT201823,6,2026-06-21,TRUL,90
PT201824,1,2025-01-09,TRUL,30
PT201824,2,2025-02-08,TRUL,30
PT201824,3,2025-03-10,TRUL,90
PT201824,4,2025-06-15,TRUL,90
PT201824,5,2025-09-13,TRUL,30
PT201824,6,2025-10-13,TRUL,90
PT201824,7,2026-01-11,TRUL,30
PT201825,1,2026-03-26,RYBL,30
PT201825,2,2026-04-25,RYBL,30
PT201825,3,2026-06-01,RYBL,90
PT201825,4,2026-08-30,RYBL,90
PT201826,1,2025-04-27,OZEM,30
PT201826,2,2025-05-27,OZEM,30
PT201826,3,2025-06-26,OZEM,90
PT201826,4,2025-09-24,OZEM,90
PT201826,5,2025-10-13,OZEM,30
PT201827,1,2025-12-16,MOUN,30
PT201827,2,2026-01-15,MOUN,30
PT201827,3,2026-02-14,MOUN,90
PT201827,4,2026-05-15,MOUN,90
PT201827,5,2026-08-13,MOUN,90
PT201828,1,2025-10-16,OZEM,30
PT201829,1,2025-04-09,TRUL,30
PT201829,2,2025-05-09,TRUL,30
PT201829,3,2025-06-08,TRUL,90
PT201829,4,2025-09-21,TRUL,90
PT201829,5,2025-12-20,TRUL,30
PT201829,6,2026-01-19,TRUL,30
PT201829,7,2026-02-18,TRUL,90
PT201829,8,2026-05-19,TRUL,90
PT201830,1,2025-09-14,OZEM,30
PT201830,2,2025-10-14,OZEM,30
PT201830,3,2025-11-13,OZEM,30
PT201830,4,2025-12-13,OZEM,90
PT201830,5,2026-03-13,OZEM,90
PT201830,6,2026-06-11,OZEM,30
PT201830,7,2026-07-11,OZEM,30
PT201830,8,2026-08-10,OZEM,30
PT201831,1,2024-11-04,MOUN,30
PT201831,2,2024-12-07,MOUN,30
PT201831,3,2025-01-06,MOUN,90
PT201831,4,2025-04-06,MOUN,90
PT201831,5,2025-07-05,MOUN,30
PT201831,6,2025-07-23,MOUN,90
PT201831,7,2025-10-21,MOUN,30
PT201832,1,2026-01-27,OZEM,30
PT201832,2,2026-02-26,OZEM,30
PT201832,3,2026-03-31,OZEM,30
PT201832,4,2026-05-03,OZEM,90
PT201832,5,2026-08-04,OZEM,30
PT201833,1,2026-01-23,MOUN,30
PT201833,2,2026-02-22,MOUN,30
PT201833,3,2026-03-24,MOUN,30
PT201833,4,2026-04-23,MOUN,30
PT201833,5,2026-06-07,MOUN,90
PT201834,1,2025-05-26,MOUN,30
PT201834,2,2025-06-25,MOUN,30
PT201834,3,2025-07-25,MOUN,30
PT201834,4,2025-08-24,OZEM,90
PT201834,5,2025-11-22,OZEM,90
PT201834,6,2026-02-20,OZEM,30
PT201834,7,2026-04-06,OZEM,30
PT201834,8,2026-05-06,OZEM,90
PT201836,1,2024-12-20,RYBL,30
PT201836,2,2025-01-19,RYBL,30
PT201836,3,2025-02-18,RYBL,30
PT201836,4,2025-03-23,RYBL,90
PT201836,5,2025-06-21,RYBL,90
PT201836,6,2025-09-19,RYBL,90
PT201836,7,2025-12-18,RYBL,30
PT201836,8,2026-01-17,RYBL,30
PT201836,9,2026-02-23,RYBL,90
PT201836,10,2026-05-24,RYBL,90
PT201836,11,2026-08-25,RYBL,90
PT201837,1,2025-01-20,RYBL,30
PT201837,2,2025-02-19,TRUL,30
PT201838,1,2025-07-04,TRUL,30
PT201838,2,2025-08-10,TRUL,30
PT201838,3,2025-09-16,TRUL,90
PT201838,4,2025-12-18,TRUL,30
PT201838,5,2026-01-17,TRUL,30
PT201839,1,2025-10-30,MOUN,30
PT201839,2,2025-11-29,MOUN,30
PT201839,3,2025-12-29,MOUN,90
PT201839,4,2026-04-13,MOUN,90
PT201839,5,2026-07-12,MOUN,30
PT201839,6,2026-08-11,MOUN,30
PT201840,1,2024-12-21,OZEM,30
PT201840,2,2025-02-04,OZEM,30
PT201840,3,2025-03-06,OZEM,30
PT201840,4,2025-04-05,OZEM,90
PT201840,5,2025-07-04,OZEM,30
PT201840,6,2025-08-03,MOUN,90
PT201840,7,2025-11-01,MOUN,90
PT201840,8,2026-01-30,MOUN,90
PT201840,9,2026-04-30,MOUN,90
PT201840,10,2026-07-29,MOUN,90
PT201842,1,2025-12-21,MOUN,30
PT201842,2,2026-02-04,MOUN,30
PT201843,1,2025-04-18,MOUN,30
PT201843,2,2025-05-18,MOUN,30
PT201843,3,2025-06-17,MOUN,90
PT201843,4,2025-09-15,MOUN,30
PT201843,5,2025-10-15,MOUN,90
PT201843,6,2026-01-13,MOUN,30
PT201843,7,2026-02-12,MOUN,90
PT201843,8,2026-05-13,MOUN,30
PT201843,9,2026-06-15,MOUN,90
PT201844,1,2024-09-28,RYBL,30
PT201844,2,2024-10-28,RYBL,30
PT201844,3,2024-11-30,RYBL,30
PT201844,4,2024-12-30,RYBL,90
PT201844,5,2025-04-02,RYBL,90
PT201844,6,2025-07-01,RYBL,90
PT201844,7,2025-09-29,RYBL,90
PT201844,8,2025-12-28,RYBL,90
PT201844,9,2026-03-28,RYBL,90
PT201844,10,2026-06-26,RYBL,90
PT201845,1,2025-12-11,MOUN,30
PT201845,2,2026-01-25,MOUN,30
PT201845,3,2026-02-24,MOUN,30
PT201845,4,2026-03-26,MOUN,90
PT201845,5,2026-06-24,MOUN,30
PT201845,6,2026-07-24,MOUN,30
PT201845,7,2026-08-23,MOUN,90
PT201846,1,2025-05-22,MOUN,30
PT201846,2,2025-06-21,MOUN,30
PT201846,3,2025-07-21,MOUN,90
PT201846,4,2025-10-19,MOUN,90
PT201846,5,2026-01-17,MOUN,30
PT201846,6,2026-02-16,MOUN,90
PT201846,7,2026-05-20,MOUN,90
PT201846,8,2026-08-18,MOUN,30
PT201847,1,2025-06-30,OZEM,30
PT201847,2,2025-07-30,OZEM,30
PT201847,3,2025-09-01,OZEM,90
PT201847,4,2025-11-30,OZEM,90
PT201847,5,2026-02-28,OZEM,90
PT201847,6,2026-06-05,OZEM,30
PT201847,7,2026-07-08,OZEM,90
PT201848,1,2026-03-23,MOUN,30
PT201848,2,2026-04-22,MOUN,30
PT201848,3,2026-05-22,MOUN,30
PT201848,4,2026-06-21,MOUN,30
PT201848,5,2026-07-21,MOUN,90
PT201849,1,2025-03-17,TRUL,30
PT201849,2,2025-04-16,TRUL,30
PT201850,1,2025-01-21,MOUN,30
PT201850,2,2025-02-20,MOUN,30
PT201850,3,2025-03-22,MOUN,30
PT201850,4,2025-04-24,MOUN,30
PT201850,5,2025-06-08,MOUN,90
PT201851,1,2025-08-10,OZEM,30
PT201851,2,2025-09-09,OZEM,30
PT201852,1,2025-10-27,TRUL,30
PT201852,2,2025-11-29,TRUL,30
PT201852,3,2025-12-29,TRUL,90
PT201852,4,2026-03-29,TRUL,30
PT201852,5,2026-04-28,TRUL,90
PT201852,6,2026-07-27,TRUL,30
PT201852,7,2026-08-29,TRUL,90
PT201853,1,2024-12-16,MOUN,30
PT201853,2,2025-01-15,MOUN,30
PT201853,3,2025-02-04,MOUN,30
PT201853,4,2025-03-06,MOUN,90
PT201853,5,2025-06-07,MOUN,90
PT201853,6,2025-09-05,MOUN,90
PT201854,1,2024-12-26,MOUN,30
PT201854,2,2025-02-01,MOUN,30
PT201854,3,2025-02-22,MOUN,90
PT201854,4,2025-05-23,MOUN,90
PT201854,5,2025-08-28,MOUN,30
PT201854,6,2025-09-27,MOUN,90
PT201854,7,2025-12-26,MOUN,90
PT201854,8,2026-03-26,MOUN,30
PT201858,1,2026-01-27,TRUL,30
PT201858,2,2026-03-13,TRUL,30
PT201858,3,2026-04-12,TRUL,90
PT201860,1,2025-05-15,MOUN,30
PT201860,2,2025-06-14,MOUN,30
PT201860,3,2025-07-14,MOUN,90
PT201860,4,2025-10-12,MOUN,90
PT201860,5,2026-01-10,MOUN,30
PT201860,6,2026-02-09,MOUN,90
PT201860,7,2026-05-13,MOUN,90
PT201860,8,2026-08-11,RYBL,30
PT201861,1,2025-05-08,MOUN,30
PT201861,2,2025-06-07,MOUN,30
PT201861,3,2025-07-22,MOUN,90
PT201861,4,2025-10-20,MOUN,90
PT201861,5,2026-01-18,MOUN,30
PT201861,6,2026-02-17,MOUN,90
PT201861,7,2026-05-18,MOUN,90
PT201861,8,2026-08-16,MOUN,90
PT201862,1,2025-02-04,TRUL,30
PT201862,2,2025-03-21,TRUL,30
PT201862,3,2025-04-20,TRUL,30
PT201862,4,2025-05-27,OZEM,90
PT201862,5,2025-08-25,OZEM,90
PT201862,6,2025-11-23,OZEM,90
PT201862,7,2026-02-21,OZEM,90
PT201862,8,2026-05-22,OZEM,30
PT201862,9,2026-06-21,OZEM,30
PT201862,10,2026-08-05,OZEM,30
PT201863,1,2026-02-14,TRUL,30
PT201863,2,2026-03-16,TRUL,30
PT201863,3,2026-04-15,TRUL,30
PT201863,4,2026-05-15,TRUL,90
PT201863,5,2026-08-13,OZEM,90
PT201865,1,2025-11-02,MOUN,30
PT201865,2,2025-12-02,MOUN,30
PT201865,3,2026-01-04,MOUN,30
PT201865,4,2026-02-03,MOUN,90
PT201865,5,2026-05-07,MOUN,90
PT201865,6,2026-08-05,MOUN,90
PT201866,1,2025-09-14,MOUN,30
PT201866,2,2025-10-14,MOUN,30
PT201866,3,2025-11-13,MOUN,90
PT201866,4,2026-02-11,MOUN,90
PT201866,5,2026-05-19,MOUN,90
PT201866,6,2026-08-17,MOUN,90
PT201868,1,2025-10-18,MOUN,30
PT201868,2,2025-11-17,MOUN,30
PT201868,3,2025-12-17,MOUN,90
PT201868,4,2026-03-17,RYBL,90
PT201868,5,2026-06-22,RYBL,30
PT201868,6,2026-07-22,RYBL,90
PT201869,1,2025-04-09,TRUL,30
PT201869,2,2025-05-12,TRUL,30
PT201869,3,2025-06-11,TRUL,90
PT201869,4,2025-09-09,TRUL,90
PT201869,5,2025-12-08,TRUL,90
PT201869,6,2026-03-08,TRUL,90
PT201869,7,2026-06-09,TRUL,90
PT201871,1,2025-03-04,MOUN,30
PT201872,1,2025-03-13,MOUN,30
PT201872,2,2025-04-15,MOUN,30
PT201872,3,2025-05-15,MOUN,90
PT201872,4,2025-08-13,MOUN,90
PT201872,5,2025-11-14,MOUN,90
PT201872,6,2026-02-12,MOUN,30
PT201873,1,2025-08-02,TRUL,30
PT201873,2,2025-09-01,TRUL,30
PT201873,3,2025-10-16,TRUL,30
PT201873,4,2025-11-15,MOUN,90
PT201873,5,2026-02-13,MOUN,90
PT201873,6,2026-05-14,MOUN,90
PT201873,7,2026-08-12,MOUN,90
PT201875,1,2025-04-26,OZEM,30
PT201875,2,2025-05-26,OZEM,30
PT201875,3,2025-06-25,OZEM,30
PT201875,4,2025-07-25,RYBL,90
PT201875,5,2025-10-23,RYBL,90
PT201875,6,2026-01-21,RYBL,90
PT201875,7,2026-04-28,TRUL,30
PT201875,8,2026-05-28,OZEM,30
PT201875,9,2026-06-27,OZEM,90
PT201876,1,2025-03-24,OZEM,30
PT201876,2,2025-04-23,OZEM,30
PT201876,3,2025-05-23,OZEM,90
PT201876,4,2025-08-28,OZEM,90
PT201877,1,2024-09-18,MOUN,30
PT201877,2,2024-10-18,MOUN,30
PT201877,3,2024-11-20,MOUN,90
PT201877,4,2025-02-18,MOUN,30
PT201877,5,2025-03-20,MOUN,30
PT201877,6,2025-04-19,MOUN,30
PT201878,1,2025-10-17,TRUL,30
PT201878,2,2025-11-16,TRUL,30
PT201878,3,2025-12-16,TRUL,90
PT201879,1,2024-12-22,TRUL,30
PT201879,2,2025-02-05,TRUL,30
PT201879,3,2025-03-07,TRUL,90
PT201880,1,2024-10-10,MOUN,30
PT201880,2,2024-11-09,MOUN,30
PT201880,3,2024-12-09,MOUN,90
PT201880,4,2025-03-09,MOUN,90
PT201880,5,2025-06-07,MOUN,30
PT201880,6,2025-07-10,MOUN,30
PT201880,7,2025-08-09,MOUN,30
PT201880,8,2025-09-08,MOUN,90
PT201880,9,2025-12-07,MOUN,90
PT201880,10,2026-03-07,MOUN,30
PT201880,11,2026-04-06,MOUN,90
PT201881,1,2026-03-04,RYBL,30
PT201881,2,2026-04-06,RYBL,30
PT201881,3,2026-05-06,RYBL,90
PT201881,4,2026-08-04,RYBL,30
PT201882,1,2025-03-06,OZEM,30
PT201882,2,2025-04-05,OZEM,30
PT201882,3,2025-05-05,OZEM,90
PT201882,4,2025-08-03,OZEM,90
PT201882,5,2025-11-04,OZEM,90
PT201882,6,2026-02-17,OZEM,90
PT201882,7,2026-05-18,OZEM,90
PT201882,8,2026-08-16,OZEM,90
PT201884,1,2025-02-12,OZEM,30
PT201884,2,2025-03-14,OZEM,30
PT201884,3,2025-04-13,OZEM,30
PT201884,4,2025-05-13,OZEM,90
PT201884,5,2025-08-11,OZEM,90
PT201884,6,2025-11-09,OZEM,30
PT201884,7,2025-12-09,OZEM,90
PT201884,8,2026-03-09,OZEM,90
PT201884,9,2026-06-07,OZEM,30
PT201885,1,2025-04-07,TRUL,30
PT201885,2,2025-05-07,TRUL,30
PT201885,3,2025-06-06,TRUL,30
PT201885,4,2025-07-06,TRUL,90
PT201885,5,2025-10-04,TRUL,90
PT201885,6,2026-01-02,TRUL,90
PT201885,7,2026-04-02,TRUL,90
PT201885,8,2026-07-01,TRUL,30
PT201885,9,2026-07-31,TRUL,30
PT201885,10,2026-08-30,TRUL,30
PT201886,1,2025-04-07,OZEM,30
PT201888,1,2025-11-09,OZEM,30
PT201888,2,2025-12-09,OZEM,30
PT201888,3,2026-01-08,OZEM,90
PT201888,4,2026-04-08,OZEM,30
PT201888,5,2026-05-15,OZEM,90
PT201888,6,2026-08-13,OZEM,30
PT201889,1,2026-03-01,RYBL,30
PT201889,2,2026-03-31,RYBL,30
PT201889,3,2026-04-30,RYBL,90
PT201889,4,2026-07-29,RYBL,90
PT201890,1,2024-11-30,MOUN,30
PT201890,2,2024-12-30,MOUN,30
PT201890,3,2025-01-29,MOUN,90
PT201890,4,2025-05-02,MOUN,90
PT201890,5,2025-07-31,MOUN,90
PT201890,6,2025-11-05,MOUN,30
PT201890,7,2025-12-05,MOUN,90
PT201890,8,2026-03-05,OZEM,30
PT201890,9,2026-04-19,OZEM,90
PT201891,1,2024-10-10,MOUN,30
PT201891,2,2024-11-09,MOUN,30
PT201891,3,2024-12-09,MOUN,30
PT201891,4,2025-01-08,MOUN,30
PT201891,5,2025-02-22,MOUN,30
PT201891,6,2025-03-31,MOUN,30
PT201891,7,2025-04-30,MOUN,30
PT201891,8,2025-06-02,MOUN,30
PT201891,9,2025-07-02,MOUN,90
PT201891,10,2025-09-30,MOUN,90
PT201891,11,2025-12-29,MOUN,30
PT201891,12,2026-01-28,MOUN,90
PT201891,13,2026-04-28,MOUN,90
PT201891,14,2026-07-27,MOUN,90
PT201892,1,2025-08-24,TRUL,30
PT201892,2,2025-09-23,TRUL,30
PT201892,3,2025-10-30,TRUL,90
PT201892,4,2026-01-28,TRUL,90
PT201892,5,2026-04-28,TRUL,90
PT201892,6,2026-07-27,TRUL,90
PT201893,1,2026-03-11,MOUN,30
PT201893,2,2026-04-25,MOUN,30
PT201893,3,2026-05-25,MOUN,90
PT201893,4,2026-08-23,MOUN,30
PT201895,1,2024-11-15,OZEM,30
PT201895,2,2024-12-22,TRUL,30
PT201895,3,2025-01-24,TRUL,90
PT201895,4,2025-04-24,TRUL,30
PT201895,5,2025-05-31,TRUL,30
PT201895,6,2025-06-30,TRUL,90
PT201896,1,2025-04-25,RYBL,30
PT201896,2,2025-05-25,RYBL,30
PT201896,3,2025-06-24,RYBL,30
PT201896,4,2025-07-24,RYBL,90
PT201896,5,2025-10-22,RYBL,30
PT201896,6,2025-11-21,RYBL,90
PT201896,7,2026-02-19,RYBL,30
PT201896,8,2026-03-21,OZEM,30
PT201896,9,2026-04-20,OZEM,90
PT201896,10,2026-07-19,OZEM,90
PT201897,1,2025-06-19,TRUL,30
PT201897,2,2025-07-19,TRUL,30
PT201897,3,2025-08-18,OZEM,90
PT201897,4,2025-11-16,OZEM,90
PT201897,5,2026-02-14,OZEM,90
PT201897,6,2026-05-15,OZEM,90
PT201897,7,2026-08-16,OZEM,90
PT201898,1,2025-11-15,MOUN,30
PT201898,2,2025-12-15,MOUN,30
PT201898,3,2026-01-14,MOUN,90
PT201898,4,2026-04-14,MOUN,30
PT201898,5,2026-05-14,MOUN,30
PT201898,6,2026-06-13,MOUN,30
PT201898,7,2026-07-13,MOUN,90
PT201899,1,2025-09-13,TRUL,30
PT201899,2,2025-10-13,TRUL,30
PT201901,1,2025-08-14,MOUN,30
PT201901,2,2025-09-13,MOUN,30
PT201901,3,2025-10-28,MOUN,30
PT201901,4,2025-11-27,MOUN,30
PT201901,5,2025-12-30,MOUN,30
PT201901,6,2026-01-29,MOUN,30
PT201901,7,2026-03-15,MOUN,90
PT201901,8,2026-06-13,MOUN,90
PT201902,1,2025-05-26,MOUN,30
PT201902,2,2025-06-25,MOUN,30
PT201902,3,2025-07-25,MOUN,90
PT201902,4,2025-10-23,MOUN,30
PT201902,5,2025-11-25,MOUN,90
PT201902,6,2026-02-23,MOUN,90
PT201902,7,2026-05-24,MOUN,30
PT201902,8,2026-06-23,MOUN,30
PT201902,9,2026-07-23,MOUN,90
PT201903,1,2025-09-12,MOUN,30
PT201903,2,2025-10-12,MOUN,30
PT201903,3,2025-11-11,MOUN,90
PT201903,4,2026-02-09,MOUN,90
PT201903,5,2026-05-10,MOUN,30
PT201903,6,2026-06-09,MOUN,90
PT201904,1,2025-10-25,RYBL,30
PT201904,2,2025-11-24,RYBL,30
PT201904,3,2025-12-24,RYBL,30
PT201904,4,2026-01-23,RYBL,90
PT201906,1,2024-10-01,OZEM,30
PT201906,2,2024-11-15,OZEM,30
PT201906,3,2024-12-15,OZEM,90
PT201906,4,2025-03-15,OZEM,90
PT201906,5,2025-06-13,OZEM,90
PT201907,1,2025-07-23,MOUN,30
PT201907,2,2025-08-29,MOUN,30
PT201907,3,2025-09-28,MOUN,90
PT201907,4,2025-12-27,MOUN,90
PT201908,1,2025-12-08,TRUL,30
PT201908,2,2026-01-07,TRUL,30
PT201908,3,2026-02-06,TRUL,90
PT201908,4,2026-05-07,TRUL,30
PT201908,5,2026-06-09,TRUL,90
PT201909,1,2024-12-22,MOUN,30
PT201910,1,2024-11-18,TRUL,30
PT201910,2,2024-12-25,TRUL,30
PT201910,3,2025-01-27,TRUL,90
PT201910,4,2025-04-27,TRUL,90
PT201910,5,2025-07-26,TRUL,90
PT201910,6,2025-10-24,TRUL,90
PT201910,7,2026-01-22,MOUN,30
PT201910,8,2026-02-21,MOUN,90
PT201910,9,2026-05-22,MOUN,90
PT201910,10,2026-08-27,MOUN,90
PT201911,1,2025-09-29,MOUN,30
PT201911,2,2025-10-29,MOUN,30
PT201911,3,2025-11-28,MOUN,90
PT201911,4,2026-02-26,MOUN,30
PT201911,5,2026-03-31,MOUN,90
PT201911,6,2026-06-29,MOUN,30
PT201912,1,2024-10-10,TRUL,30
PT201912,2,2024-11-09,TRUL,30
PT201912,3,2024-12-09,TRUL,90
PT201912,4,2025-03-09,TRUL,90
PT201913,1,2026-01-05,TRUL,30
PT201913,2,2026-02-04,TRUL,30
PT201913,3,2026-03-21,TRUL,90
PT201913,4,2026-06-19,TRUL,90
PT201914,1,2026-01-25,MOUN,30
PT201914,2,2026-02-24,MOUN,30
PT201914,3,2026-03-29,MOUN,90
PT201914,4,2026-06-27,MOUN,90
PT201915,1,2024-12-06,TRUL,30
PT201915,2,2025-01-05,TRUL,30
PT201915,3,2025-02-04,TRUL,90
PT201915,4,2025-05-05,TRUL,90
PT201915,5,2025-08-03,TRUL,90
PT201915,6,2025-11-04,TRUL,90
PT201915,7,2026-02-02,TRUL,90
PT201915,8,2026-05-03,TRUL,90
PT201915,9,2026-08-01,TRUL,90
PT201916,1,2025-11-06,MOUN,30
PT201916,2,2025-12-06,MOUN,30
PT201916,3,2026-01-05,MOUN,30
PT201916,4,2026-02-04,MOUN,30
PT201916,5,2026-03-06,MOUN,90
PT201916,6,2026-06-04,OZEM,90
PT201917,1,2024-10-01,RYBL,30
PT201917,2,2024-10-31,RYBL,30
PT201917,3,2024-12-15,RYBL,90
PT201917,4,2025-03-15,RYBL,90
PT201917,5,2025-06-13,RYBL,30
PT201917,6,2025-07-13,RYBL,30
PT201917,7,2025-08-27,TRUL,30
PT201917,8,2025-09-26,TRUL,30
PT201917,9,2025-10-29,TRUL,90
PT201917,10,2026-01-27,TRUL,30
PT201917,11,2026-02-26,TRUL,90
PT201917,12,2026-05-27,TRUL,90
PT201917,13,2026-08-25,TRUL,30
PT201918,1,2024-10-24,MOUN,30
PT201918,2,2024-11-23,MOUN,30
PT201918,3,2024-12-23,MOUN,90
PT201918,4,2025-03-23,MOUN,30
PT201918,5,2025-04-22,MOUN,30
PT201918,6,2025-05-22,MOUN,90
PT201918,7,2025-08-20,MOUN,90
PT201918,8,2025-11-21,MOUN,90
PT201918,9,2026-02-19,MOUN,90
PT201918,10,2026-05-20,MOUN,30
PT201918,11,2026-06-19,MOUN,90
PT201919,1,2025-02-12,OZEM,30
PT201919,2,2025-03-29,OZEM,30
PT201919,3,2025-04-13,OZEM,90
PT201919,4,2025-07-27,OZEM,30
PT201919,5,2025-08-26,OZEM,90
PT201919,6,2025-11-24,OZEM,30
PT201919,7,2025-12-31,OZEM,90
PT201919,8,2026-03-31,OZEM,90
PT201919,9,2026-06-29,OZEM,90
PT201920,1,2025-04-28,OZEM,30
PT201920,2,2025-06-04,OZEM,30
PT201920,3,2025-06-20,OZEM,30
PT201920,4,2025-07-20,OZEM,90
PT201920,5,2025-10-21,OZEM,30
PT201920,6,2025-11-20,OZEM,90
PT201920,7,2026-02-18,OZEM,30
PT201920,8,2026-03-20,MOUN,90
PT201920,9,2026-06-18,OZEM,90
PT201921,1,2024-12-28,TRUL,30
PT201921,2,2025-01-27,TRUL,30
PT201921,3,2025-03-13,TRUL,30
PT201921,4,2025-04-12,TRUL,30
PT201921,5,2025-05-12,TRUL,90
PT201921,6,2025-08-10,TRUL,90
PT201921,7,2025-11-08,TRUL,90
PT201921,8,2026-02-06,TRUL,90
PT201923,1,2025-04-27,MOUN,30
PT201923,2,2025-05-27,MOUN,30
PT201923,3,2025-06-26,MOUN,30
PT201923,4,2025-07-26,TRUL,90
PT201923,5,2025-10-24,TRUL,90
PT201923,6,2026-01-22,TRUL,30
PT201923,7,2026-02-21,TRUL,90
PT201923,8,2026-05-22,TRUL,90
PT201924,1,2026-03-20,OZEM,30
PT201924,2,2026-04-19,OZEM,30
PT201924,3,2026-05-06,OZEM,90
PT201924,4,2026-08-04,OZEM,90
PT201925,1,2024-10-31,OZEM,30
PT201925,2,2024-11-30,OZEM,30
PT201926,1,2026-02-04,MOUN,30
PT201926,2,2026-03-21,MOUN,30
PT201926,3,2026-04-20,MOUN,30
PT201927,1,2026-03-02,TRUL,30
PT201927,2,2026-04-04,TRUL,30
PT201927,3,2026-04-21,RYBL,30
PT201927,4,2026-05-21,RYBL,30
PT201927,5,2026-06-23,RYBL,90
PT201928,1,2024-11-15,TRUL,30
PT201928,2,2024-12-15,TRUL,30
PT201928,3,2025-01-14,TRUL,90
PT201928,4,2025-04-14,TRUL,30
PT201928,5,2025-05-14,TRUL,90
PT201928,6,2025-08-15,TRUL,30
PT201928,7,2025-09-14,TRUL,90
PT201928,8,2025-12-13,TRUL,90
PT201928,9,2026-03-13,TRUL,30
PT201928,10,2026-04-15,TRUL,90
PT201928,11,2026-07-14,TRUL,90
PT201929,1,2025-05-17,MOUN,30
PT201929,2,2025-06-16,MOUN,30
PT201929,3,2025-07-16,MOUN,90
PT201929,4,2025-10-14,MOUN,90
PT201929,5,2026-01-12,MOUN,90
PT201929,6,2026-04-15,MOUN,90
PT201929,7,2026-07-14,MOUN,90
PT201930,1,2026-01-24,MOUN,30
PT201930,2,2026-02-23,MOUN,30
PT201930,3,2026-03-25,MOUN,90
PT201931,1,2025-05-23,RYBL,30
PT201931,2,2025-06-29,RYBL,30
PT201931,3,2025-07-29,RYBL,30
PT201931,4,2025-08-28,RYBL,90
PT201931,5,2025-11-26,RYBL,90
PT201931,6,2026-02-24,RYBL,90
PT201932,1,2025-07-12,MOUN,30
PT201932,2,2025-08-11,MOUN,30
PT201932,3,2025-09-10,MOUN,90
PT201932,4,2025-12-09,MOUN,30
PT201932,5,2026-01-08,MOUN,90
PT201932,6,2026-04-08,MOUN,90
PT201932,7,2026-07-07,MOUN,90
PT201933,1,2026-01-11,OZEM,30
PT201933,2,2026-02-10,OZEM,30
PT201933,3,2026-03-12,OZEM,90
PT201933,4,2026-06-10,OZEM,30
PT201934,1,2025-03-09,RYBL,30
PT201934,2,2025-04-08,RYBL,30
PT201934,3,2025-05-08,RYBL,90
PT201935,1,2025-09-11,OZEM,30
PT201935,2,2025-10-11,OZEM,30
PT201935,3,2025-11-10,OZEM,90
PT201935,4,2026-02-08,OZEM,90
PT201935,5,2026-05-09,OZEM,90
PT201935,6,2026-08-07,OZEM,30
PT201936,1,2026-02-08,RYBL,30
PT201936,2,2026-03-10,RYBL,30
PT201936,3,2026-04-12,RYBL,30
PT201936,4,2026-05-12,RYBL,90
PT201936,5,2026-08-10,RYBL,90
PT201937,1,2025-07-18,OZEM,30
PT201937,2,2025-09-01,OZEM,30
PT201937,3,2025-10-01,OZEM,30
PT201937,4,2025-10-31,OZEM,90
PT201937,5,2026-01-29,OZEM,30
PT201937,6,2026-02-28,OZEM,30
PT201937,7,2026-03-30,OZEM,90
PT201937,8,2026-06-28,OZEM,90
PT201938,1,2025-06-26,OZEM,30
PT201938,2,2025-08-02,OZEM,30
PT201938,3,2025-09-01,OZEM,90
PT201938,4,2025-11-30,OZEM,90
PT201939,1,2025-06-08,TRUL,30
PT201939,2,2025-07-08,TRUL,30
PT201939,3,2025-07-19,TRUL,30
PT201939,4,2025-08-18,TRUL,90
PT201939,5,2025-11-16,TRUL,90
PT201939,6,2026-02-14,TRUL,90
PT201939,7,2026-05-15,TRUL,90
PT201939,8,2026-08-13,TRUL,90
PT201940,1,2025-02-27,OZEM,30
PT201940,2,2025-03-29,OZEM,30
PT201940,3,2025-04-28,OZEM,90
PT201940,4,2025-07-27,OZEM,30
PT201940,5,2025-08-26,OZEM,90
PT201940,6,2025-11-24,OZEM,90
PT201940,7,2026-02-22,OZEM,30
PT201940,8,2026-03-24,OZEM,90
PT201940,9,2026-06-29,OZEM,90
PT201941,1,2025-06-22,MOUN,30
PT201941,2,2025-07-22,MOUN,30
PT201941,3,2025-08-21,MOUN,90
PT201941,4,2025-11-19,MOUN,90
PT201941,5,2026-02-17,MOUN,30
PT201941,6,2026-03-19,MOUN,90
PT201942,1,2025-04-02,MOUN,30
PT201942,2,2025-05-02,OZEM,30
PT201942,3,2025-06-01,OZEM,90
PT201943,1,2025-01-19,TRUL,30
PT201943,2,2025-02-18,TRUL,30
PT201943,3,2025-03-20,TRUL,90
PT201943,4,2025-06-18,TRUL,90
PT201943,5,2025-09-16,TRUL,90
PT201943,6,2025-12-18,TRUL,30
PT201943,7,2026-01-17,TRUL,90
PT201943,8,2026-04-24,TRUL,30
PT201943,9,2026-05-24,TRUL,90
PT201943,10,2026-08-29,TRUL,30
PT201944,1,2025-11-09,MOUN,30
PT201945,1,2026-03-02,RYBL,30
PT201945,2,2026-04-04,RYBL,30
PT201945,3,2026-05-04,RYBL,30
PT201945,4,2026-06-03,RYBL,30
PT201945,5,2026-07-06,RYBL,90
PT201946,1,2025-12-29,MOUN,30
PT201946,2,2026-01-28,MOUN,30
PT201946,3,2026-03-14,MOUN,90
PT201946,4,2026-06-12,MOUN,90
PT201947,1,2024-10-21,TRUL,30
PT201947,2,2024-12-05,TRUL,30
PT201947,3,2025-01-04,TRUL,30
PT201947,4,2025-02-03,TRUL,30
PT201947,5,2025-03-05,TRUL,90
PT201947,6,2025-06-03,TRUL,90
PT201947,7,2025-09-16,TRUL,90
PT201947,8,2025-12-15,TRUL,30
PT201947,9,2026-01-14,TRUL,90
PT201948,1,2025-05-13,MOUN,30
PT201948,2,2025-06-12,MOUN,30
PT201948,3,2025-07-12,MOUN,30
PT201948,4,2025-08-11,MOUN,90
PT201950,1,2025-12-28,OZEM,30
PT201950,2,2026-02-03,OZEM,30
PT201950,3,2026-02-18,OZEM,90
PT201950,4,2026-05-19,OZEM,90
PT201950,5,2026-08-17,OZEM,90
PT201951,1,2025-07-07,TRUL,30
PT201951,2,2025-08-06,TRUL,30
PT201951,3,2025-09-05,TRUL,30
PT201951,4,2025-10-05,TRUL,30
PT201951,5,2025-11-11,TRUL,30
PT201951,6,2025-12-11,TRUL,90
PT201951,7,2026-03-14,TRUL,30
PT201951,8,2026-04-13,TRUL,90
PT201951,9,2026-07-15,RYBL,90
PT201952,1,2025-09-26,OZEM,30
PT201952,2,2025-10-29,OZEM,30
PT201952,3,2025-11-18,OZEM,90
PT201952,4,2026-02-16,OZEM,90
PT201952,5,2026-05-17,OZEM,90
PT201952,6,2026-08-18,OZEM,90
PT201953,1,2025-07-21,MOUN,30
PT201953,2,2025-08-20,MOUN,30
PT201954,1,2026-03-09,MOUN,30
PT201954,2,2026-04-08,MOUN,30
PT201954,3,2026-05-11,MOUN,30
PT201954,4,2026-06-10,MOUN,90
PT201955,1,2025-05-13,OZEM,30
PT201956,1,2024-11-25,MOUN,30
PT201956,2,2024-12-28,MOUN,30
PT201957,1,2024-11-26,MOUN,30
PT201957,2,2024-12-26,MOUN,30
PT201957,3,2025-01-25,MOUN,90
PT201957,4,2025-04-25,MOUN,90
PT201957,5,2025-07-24,MOUN,90
PT201957,6,2025-10-29,MOUN,30
PT201957,7,2025-11-28,MOUN,90
PT201957,8,2026-03-05,MOUN,30
PT201957,9,2026-04-11,MOUN,90
PT201957,10,2026-07-10,MOUN,90
PT201958,1,2025-11-19,MOUN,30
PT201958,2,2025-12-19,MOUN,30
PT201958,3,2026-01-18,MOUN,90
PT201958,4,2026-04-18,MOUN,90
PT201958,5,2026-07-17,MOUN,30
PT201958,6,2026-08-16,MOUN,30
PT201959,1,2025-10-10,MOUN,30
PT201959,2,2025-11-09,MOUN,30
PT201959,3,2025-12-09,MOUN,90
PT201959,4,2026-03-09,MOUN,30
PT201959,5,2026-04-08,MOUN,90
PT201959,6,2026-07-07,MOUN,30
PT201959,7,2026-08-06,MOUN,30
PT201960,1,2025-01-12,TRUL,30
PT201960,2,2025-02-11,TRUL,30
PT201960,3,2025-03-13,TRUL,90
PT201960,4,2025-06-11,TRUL,30
PT201960,5,2025-07-11,TRUL,30
PT201961,1,2025-06-17,OZEM,30
PT201961,2,2025-07-17,OZEM,30
PT201961,3,2025-08-19,OZEM,90
PT201961,4,2025-11-17,OZEM,30
PT201961,5,2025-12-17,OZEM,90
PT201962,1,2024-11-22,TRUL,30
PT201962,2,2024-12-25,TRUL,30
PT201962,3,2025-01-24,MOUN,30
PT201962,4,2025-03-02,MOUN,90
PT201962,5,2025-06-03,MOUN,90
PT201962,6,2025-09-08,MOUN,90
PT201962,7,2025-12-14,MOUN,90
PT201962,8,2026-03-14,MOUN,30
PT201962,9,2026-04-13,MOUN,90
PT201962,10,2026-07-12,MOUN,30
PT201962,11,2026-08-11,MOUN,90
PT201963,1,2025-05-13,TRUL,30
PT201963,2,2025-06-12,TRUL,30
PT201963,3,2025-07-27,TRUL,90
PT201963,4,2025-11-01,TRUL,30
PT201963,5,2025-12-01,TRUL,30
PT201963,6,2025-12-31,TRUL,30
PT201963,7,2026-01-30,TRUL,90
PT201963,8,2026-04-30,TRUL,30
PT201964,1,2025-04-03,RYBL,30
PT201964,2,2025-05-06,RYBL,30
PT201964,3,2025-06-20,RYBL,90
PT201964,4,2025-09-18,RYBL,90
PT201964,5,2025-12-17,RYBL,90
PT201964,6,2026-03-17,RYBL,30
PT201964,7,2026-04-16,RYBL,30
PT201964,8,2026-05-16,RYBL,90
PT201964,9,2026-08-21,RYBL,90
PT201965,1,2024-10-04,TRUL,30
PT201965,2,2024-11-03,TRUL,30
PT201965,3,2024-12-03,TRUL,90
PT201965,4,2025-03-03,TRUL,30
PT201965,5,2025-04-02,TRUL,90
PT201966,1,2026-01-04,MOUN,30
PT201966,2,2026-02-03,MOUN,30
PT201966,3,2026-03-05,MOUN,90
PT201966,4,2026-06-03,MOUN,30
PT201967,1,2025-12-07,OZEM,30
PT201967,2,2026-01-06,OZEM,30
PT201967,3,2026-02-05,OZEM,90
PT201967,4,2026-05-06,OZEM,30
PT201967,5,2026-06-05,OZEM,30
PT201967,6,2026-07-12,MOUN,90
PT201968,1,2026-03-05,RYBL,30
PT201968,2,2026-04-19,RYBL,30
PT201968,3,2026-05-19,RYBL,30
PT201968,4,2026-06-18,RYBL,90
PT201969,1,2025-06-10,MOUN,30
PT201969,2,2025-07-10,MOUN,30
PT201969,3,2025-08-09,MOUN,90
PT201969,4,2025-11-07,MOUN,30
PT201969,5,2025-12-07,MOUN,90
PT201969,6,2026-03-07,MOUN,90
PT201969,7,2026-06-05,MOUN,30
PT201969,8,2026-07-08,MOUN,90
PT201970,1,2025-01-13,MOUN,30
PT201970,2,2025-02-19,MOUN,30
PT201970,3,2025-03-21,MOUN,90
PT201970,4,2025-06-22,MOUN,90
PT201970,5,2025-09-20,MOUN,90
PT201971,1,2024-11-27,MOUN,30
PT201971,2,2024-12-30,MOUN,30
PT201972,1,2024-09-17,TRUL,30
PT201972,2,2024-10-17,TRUL,30
PT201972,3,2024-11-16,TRUL,90
PT201972,4,2025-02-21,TRUL,90
PT201972,5,2025-05-22,TRUL,90
PT201972,6,2025-08-20,TRUL,90
PT201973,1,2025-05-07,MOUN,30
PT201973,2,2025-06-06,MOUN,30
PT201973,3,2025-07-06,MOUN,90
PT201973,4,2025-10-04,MOUN,30
PT201973,5,2025-11-03,MOUN,30
PT201973,6,2025-12-03,MOUN,90
PT201973,7,2026-03-03,MOUN,90
PT201973,8,2026-06-01,MOUN,90
PT201973,9,2026-08-30,MOUN,90
PT201974,1,2025-12-01,MOUN,30
PT201974,2,2025-12-31,OZEM,30
PT201974,3,2026-01-30,OZEM,90
PT201974,4,2026-05-03,OZEM,90
PT201974,5,2026-08-01,OZEM,30
PT201975,1,2024-12-16,MOUN,30
PT201975,2,2025-01-15,MOUN,30
PT201975,3,2025-02-14,MOUN,90
PT201975,4,2025-05-15,MOUN,30
PT201975,5,2025-06-14,MOUN,90
PT201975,6,2025-09-19,MOUN,30
PT201975,7,2025-10-22,MOUN,90
PT201975,8,2026-01-20,MOUN,90
PT201975,9,2026-04-20,MOUN,30
PT201975,10,2026-05-23,MOUN,90
PT201975,11,2026-08-21,MOUN,30
PT201976,1,2025-05-31,MOUN,30
PT201976,2,2025-06-30,MOUN,30
PT201976,3,2025-07-30,MOUN,90
PT201976,4,2025-10-28,MOUN,90
PT201976,5,2026-01-26,MOUN,30
PT201976,6,2026-02-25,MOUN,30
PT201976,7,2026-04-03,OZEM,90
PT201976,8,2026-04-15,OZEM,30
PT201976,9,2026-05-15,MOUN,90
PT201976,10,2026-08-28,MOUN,90
PT201977,1,2026-01-04,TRUL,30
PT201977,2,2026-02-03,MOUN,30
PT201978,1,2024-10-31,RYBL,30
PT201978,2,2024-11-30,RYBL,30
PT201978,3,2024-12-30,RYBL,90
PT201978,4,2025-03-30,RYBL,90
PT201978,5,2025-06-28,RYBL,90
PT201978,6,2025-09-26,RYBL,90
PT201978,7,2026-01-01,RYBL,90
PT201978,8,2026-04-04,RYBL,90
PT201978,9,2026-07-03,RYBL,90
PT201979,1,2025-11-07,MOUN,30
PT201979,2,2025-11-25,MOUN,30
PT201979,3,2025-12-25,MOUN,30
PT201979,4,2026-01-27,MOUN,90
PT201979,5,2026-05-04,MOUN,90
PT201979,6,2026-08-02,MOUN,90
PT201980,1,2025-02-17,OZEM,30
PT201980,2,2025-03-19,OZEM,30
PT201981,1,2026-03-22,RYBL,30
PT201981,2,2026-04-28,RYBL,30
PT201981,3,2026-05-28,RYBL,90
PT201981,4,2026-08-26,RYBL,90
PT201982,1,2025-03-28,TRUL,30
PT201982,2,2025-04-30,TRUL,30
PT201982,3,2025-05-30,TRUL,90
PT201982,4,2025-08-28,TRUL,30
PT201984,1,2024-10-07,MOUN,30
PT201984,2,2024-11-06,MOUN,30
PT201984,3,2024-12-06,MOUN,90
PT201984,4,2025-03-21,MOUN,30
PT201984,5,2025-04-04,MOUN,90
PT201984,6,2025-07-03,MOUN,90
PT201984,7,2025-10-01,MOUN,90
PT201984,8,2026-01-14,MOUN,90
PT201984,9,2026-04-21,MOUN,30
PT201984,10,2026-05-28,MOUN,90
PT201984,11,2026-08-26,MOUN,90
PT201985,1,2025-05-13,OZEM,30
PT201985,2,2025-06-12,OZEM,30
PT201985,3,2025-07-12,OZEM,90
PT201985,4,2025-10-10,OZEM,90
PT201985,5,2026-01-08,OZEM,90
PT201985,6,2026-04-11,OZEM,90
PT201985,7,2026-07-13,OZEM,30
PT201986,1,2025-11-15,MOUN,30
PT201986,2,2025-12-15,MOUN,30
PT201986,3,2026-01-14,MOUN,30
PT201986,4,2026-02-28,MOUN,90
PT201986,5,2026-05-29,MOUN,90
PT201987,1,2024-11-25,TRUL,30
PT201987,2,2024-12-25,OZEM,30
PT201987,3,2025-01-24,OZEM,90
PT201987,4,2025-04-24,OZEM,30
PT201987,5,2025-05-24,OZEM,30
PT201987,6,2025-06-23,OZEM,30
PT201987,7,2025-07-23,OZEM,90
PT201987,8,2025-10-21,OZEM,90
PT201987,9,2026-01-19,OZEM,30
PT201988,1,2026-02-03,MOUN,30
PT201988,2,2026-03-08,MOUN,30
PT201988,3,2026-04-14,MOUN,90
PT201988,4,2026-07-13,MOUN,30
PT201988,5,2026-08-15,MOUN,90
PT201989,1,2026-01-09,MOUN,30
PT201989,2,2026-02-08,MOUN,30
PT201990,1,2026-01-10,OZEM,30
PT201990,2,2026-02-09,OZEM,30
PT201990,3,2026-03-26,OZEM,30
PT201990,4,2026-04-25,OZEM,30
PT201990,5,2026-05-25,OZEM,90
PT201990,6,2026-08-23,OZEM,30
PT201991,1,2025-01-01,MOUN,30
PT201991,2,2025-01-31,MOUN,30
PT201992,1,2025-06-22,RYBL,30
PT201992,2,2025-07-22,RYBL,30
PT201992,3,2025-08-21,RYBL,90
PT201992,4,2025-11-19,RYBL,90
PT201992,5,2026-02-17,RYBL,90
PT201994,1,2025-09-29,MOUN,30
PT201994,2,2025-10-29,MOUN,30
PT201994,3,2025-11-28,MOUN,90
PT201994,4,2026-03-01,MOUN,90
PT201994,5,2026-05-30,MOUN,90
PT201994,6,2026-08-28,MOUN,90
PT201995,1,2025-12-28,TRUL,30
PT201995,2,2026-02-03,TRUL,30
PT201995,3,2026-03-05,TRUL,90
PT201995,4,2026-06-03,TRUL,90
PT201997,1,2025-12-18,OZEM,30
PT201997,2,2026-01-17,OZEM,30
PT201997,3,2026-02-16,OZEM,30
PT201997,4,2026-03-18,OZEM,90
PT201997,5,2026-06-16,OZEM,90
PT201998,1,2025-09-11,OZEM,30
PT201998,2,2025-10-11,OZEM,30
PT201998,3,2025-11-10,OZEM,90
PT202000,1,2025-05-05,TRUL,30
PT202000,2,2025-06-04,TRUL,30
PT202000,3,2025-07-04,TRUL,30
PT202001,1,2025-02-11,TRUL,30
PT202001,2,2025-03-16,TRUL,30
PT202001,3,2025-04-15,TRUL,90
PT202001,4,2025-07-14,TRUL,30
PT202001,5,2025-08-13,MOUN,90
PT202001,6,2025-11-11,MOUN,30
PT202001,7,2025-12-11,MOUN,90
PT202001,8,2026-03-11,MOUN,30
PT202001,9,2026-04-10,MOUN,90
PT202002,1,2025-01-25,MOUN,30
PT202002,2,2025-02-24,MOUN,30
PT202002,3,2025-03-26,MOUN,30
PT202002,4,2025-04-25,MOUN,90
PT202002,5,2025-07-24,MOUN,30
PT202002,6,2025-08-23,MOUN,90
PT202002,7,2025-11-24,MOUN,90
PT202002,8,2026-02-22,MOUN,90
PT202002,9,2026-06-07,MOUN,90
PT202003,1,2025-08-26,MOUN,30
PT202003,2,2025-09-25,MOUN,30
PT202003,3,2025-10-25,MOUN,90
PT202003,4,2026-01-23,MOUN,90
PT202003,5,2026-05-08,MOUN,30
PT202004,1,2024-12-09,TRUL,30
PT202004,2,2025-01-11,TRUL,30
PT202004,3,2025-02-10,TRUL,90
PT202004,4,2025-05-11,TRUL,30
PT202004,5,2025-06-10,TRUL,90
PT202005,1,2025-11-02,MOUN,30
PT202005,2,2025-12-02,MOUN,30
PT202005,3,2026-01-01,MOUN,90
PT202005,4,2026-04-01,MOUN,30
PT202005,5,2026-05-01,MOUN,90
PT202005,6,2026-07-30,RYBL,90
PT202006,1,2026-03-09,MOUN,30
PT202008,1,2026-01-06,RYBL,30
PT202008,2,2026-02-08,RYBL,30
PT202008,3,2026-03-10,OZEM,30
PT202008,4,2026-04-09,OZEM,30
PT202008,5,2026-05-12,OZEM,30
PT202008,6,2026-06-14,OZEM,90
PT202009,1,2025-02-10,MOUN,30
PT202009,2,2025-03-27,MOUN,30
PT202009,3,2025-04-26,MOUN,90
PT202010,1,2024-10-28,MOUN,30
PT202011,1,2025-08-27,MOUN,30
PT202011,2,2025-09-29,MOUN,30
PT202011,3,2025-10-29,MOUN,90
PT202011,4,2026-02-03,MOUN,90
PT202011,5,2026-05-04,TRUL,90
PT202011,6,2026-08-05,TRUL,90
PT202012,1,2025-10-31,OZEM,30
PT202012,2,2025-12-15,OZEM,30
PT202013,1,2025-01-25,MOUN,30
PT202013,2,2025-02-24,MOUN,30
PT202013,3,2025-04-10,MOUN,90
PT202013,4,2025-07-09,TRUL,90
PT202013,5,2025-10-07,TRUL,30
PT202013,6,2025-11-06,TRUL,90
PT202014,1,2025-10-07,OZEM,30
PT202014,2,2025-11-21,OZEM,30
PT202014,3,2025-12-07,OZEM,90
PT202014,4,2026-03-14,OZEM,30
PT202014,5,2026-04-20,OZEM,90
PT202014,6,2026-07-22,OZEM,90
PT202015,1,2026-03-16,OZEM,30
PT202015,2,2026-04-15,OZEM,30
PT202015,3,2026-05-15,MOUN,90
PT202015,4,2026-08-16,MOUN,90
PT202016,1,2025-11-26,TRUL,30
PT202016,2,2025-12-26,TRUL,30
PT202016,3,2026-01-25,MOUN,30
PT202016,4,2026-02-27,MOUN,90
PT202016,5,2026-05-31,MOUN,90
PT202016,6,2026-08-29,MOUN,90
PT202017,1,2025-06-13,RYBL,30
PT202017,2,2025-07-13,RYBL,30
PT202017,3,2025-08-12,RYBL,30
PT202017,4,2025-09-11,RYBL,90
PT202017,5,2025-12-25,RYBL,30
PT202018,1,2024-12-30,TRUL,30
PT202018,2,2025-01-29,TRUL,30
PT202018,3,2025-02-28,MOUN,30
PT202018,4,2025-04-06,MOUN,30
PT202018,5,2025-05-06,MOUN,90
PT202018,6,2025-08-11,MOUN,90
PT202018,7,2025-11-09,MOUN,30
PT202018,8,2025-12-09,MOUN,90
PT202018,9,2026-03-09,TRUL,90
PT202018,10,2026-06-07,TRUL,90
PT202019,1,2025-06-11,MOUN,30
PT202019,2,2025-07-26,MOUN,30
PT202019,3,2025-09-01,MOUN,90
PT202019,4,2025-11-30,MOUN,90
PT202019,5,2026-02-28,MOUN,90
PT202019,6,2026-05-29,MOUN,90
PT202019,7,2026-08-30,MOUN,90
PT202020,1,2025-06-02,MOUN,30
PT202020,2,2025-07-02,MOUN,30
PT202020,3,2025-08-01,MOUN,30
PT202020,4,2025-08-31,MOUN,90
PT202020,5,2025-11-29,MOUN,90
PT202020,6,2026-03-06,MOUN,90
PT202021,1,2025-06-09,TRUL,30
PT202021,2,2025-07-12,TRUL,30
PT202021,3,2025-08-11,TRUL,30
PT202022,1,2025-02-25,RYBL,30
PT202022,2,2025-03-27,RYBL,30
PT202022,3,2025-04-26,RYBL,90
PT202022,4,2025-07-25,RYBL,30
PT202022,5,2025-08-27,RYBL,90
PT202022,6,2025-12-10,RYBL,30
PT202023,1,2025-05-31,MOUN,30
PT202023,2,2025-07-07,MOUN,30
PT202023,3,2025-08-06,MOUN,30
PT202024,1,2025-01-22,MOUN,30
PT202024,2,2025-02-21,MOUN,30
PT202025,1,2026-01-16,MOUN,30
PT202025,2,2026-02-18,MOUN,30
PT202025,3,2026-03-23,MOUN,90
PT202025,4,2026-06-21,MOUN,30
PT202025,5,2026-07-21,MOUN,90
PT202026,1,2025-11-20,OZEM,30
PT202026,2,2025-12-20,OZEM,30
PT202026,3,2026-01-06,OZEM,90
PT202026,4,2026-04-06,OZEM,90
PT202026,5,2026-07-05,OZEM,90
PT202027,1,2024-11-30,TRUL,30
PT202027,2,2024-12-30,TRUL,30
PT202027,3,2025-02-05,TRUL,90
PT202027,4,2025-05-06,TRUL,90
PT202027,5,2025-08-04,TRUL,90
PT202028,1,2025-08-01,RYBL,30
PT202028,2,2025-08-31,RYBL,30
PT202029,1,2025-02-22,MOUN,30
PT202029,2,2025-03-24,MOUN,30
PT202029,3,2025-04-23,MOUN,30
PT202029,4,2025-05-26,MOUN,90
PT202029,5,2025-08-24,MOUN,90
PT202029,6,2025-11-29,MOUN,90
PT202029,7,2026-03-14,MOUN,90
PT202029,8,2026-06-12,MOUN,90
PT202030,1,2025-09-17,TRUL,30
PT202030,2,2025-10-17,TRUL,30
PT202030,3,2025-11-16,TRUL,30
PT202030,4,2025-12-23,OZEM,30
PT202030,5,2026-01-22,OZEM,30
PT202030,6,2026-02-21,OZEM,30
PT202030,7,2026-03-23,OZEM,90
PT202030,8,2026-06-21,MOUN,90
PT202031,1,2026-01-20,OZEM,30
PT202031,2,2026-02-19,OZEM,30
PT202031,3,2026-03-08,OZEM,30
PT202031,4,2026-04-14,OZEM,90
PT202031,5,2026-07-13,OZEM,90
PT202032,1,2025-07-14,MOUN,30
PT202032,2,2025-08-13,MOUN,30
PT202032,3,2025-09-12,MOUN,30
PT202032,4,2025-10-12,MOUN,90
PT202032,5,2026-01-10,MOUN,90
PT202032,6,2026-04-10,MOUN,90
PT202034,1,2025-09-09,MOUN,30
PT202034,2,2025-10-12,TRUL,30
PT202034,3,2025-11-11,TRUL,90
PT202034,4,2026-02-09,TRUL,90
PT202034,5,2026-05-25,TRUL,90
PT202034,6,2026-08-23,TRUL,90
PT202035,1,2025-10-27,MOUN,30
PT202037,1,2025-07-06,RYBL,30
PT202037,2,2025-08-05,RYBL,30
PT202037,3,2025-09-04,RYBL,90
PT202037,4,2025-12-03,RYBL,30
PT202037,5,2026-01-17,RYBL,90
PT202037,6,2026-04-17,RYBL,90
PT202037,7,2026-07-16,RYBL,30
PT202037,8,2026-08-15,RYBL,90
PT202038,1,2024-11-05,OZEM,30
PT202038,2,2024-12-05,OZEM,30
PT202038,3,2025-01-07,OZEM,30
PT202038,4,2025-02-06,OZEM,90
PT202038,5,2025-05-07,OZEM,90
PT202038,6,2025-08-05,OZEM,90
PT202038,7,2025-11-03,OZEM,90
PT202039,1,2025-05-30,OZEM,30
PT202039,2,2025-07-06,OZEM,30
PT202039,3,2025-08-05,OZEM,90
PT202039,4,2025-11-03,OZEM,90
PT202039,5,2026-02-04,OZEM,90
PT202039,6,2026-05-05,OZEM,90
PT202039,7,2026-08-03,OZEM,90
PT202040,1,2024-11-11,TRUL,30
PT202040,2,2024-12-11,TRUL,30
PT202042,1,2025-12-29,OZEM,30
PT202042,2,2026-01-28,OZEM,30
PT202042,3,2026-02-15,OZEM,90
PT202042,4,2026-05-16,OZEM,90
PT202042,5,2026-08-14,OZEM,30
PT202043,1,2025-10-03,MOUN,30
PT202043,2,2025-11-02,MOUN,30
PT202043,3,2025-12-02,MOUN,90
PT202043,4,2026-03-02,MOUN,90
PT202043,5,2026-03-15,MOUN,90
PT202043,6,2026-06-13,MOUN,90
PT202044,1,2026-03-20,OZEM,30
PT202044,2,2026-04-22,OZEM,30
PT202044,3,2026-05-22,OZEM,30
PT202044,4,2026-06-24,OZEM,90
PT202045,1,2024-12-01,MOUN,30
PT202045,2,2024-12-31,MOUN,30
PT202045,3,2025-01-30,MOUN,30
PT202045,4,2025-03-01,MOUN,90
PT202045,5,2025-06-02,MOUN,30
PT202045,6,2025-07-02,MOUN,90
PT202045,7,2025-10-07,MOUN,30
PT202045,8,2025-11-06,MOUN,30
PT202045,9,2025-12-06,MOUN,90
PT202046,1,2024-12-26,OZEM,30
PT202046,2,2025-01-25,OZEM,30
PT202046,3,2025-02-12,OZEM,30
PT202046,4,2025-03-14,OZEM,90
PT202046,5,2025-06-12,OZEM,30
PT202046,6,2025-07-12,OZEM,30
PT202046,7,2025-08-11,OZEM,30
PT202047,1,2025-06-25,OZEM,30
PT202047,2,2025-08-01,OZEM,30
PT202047,3,2025-09-07,OZEM,90
PT202047,4,2025-12-06,OZEM,30
PT202047,5,2026-01-05,OZEM,30
PT202048,1,2025-09-14,OZEM,30
PT202048,2,2025-10-14,OZEM,30
PT202049,1,2025-12-22,MOUN,30
PT202049,2,2026-01-21,MOUN,30
PT202049,3,2026-02-20,MOUN,30
PT202049,4,2026-03-22,MOUN,30
PT202049,5,2026-04-21,MOUN,90
PT202049,6,2026-07-20,MOUN,90
PT202050,1,2025-12-23,TRUL,30
PT202050,2,2026-01-22,TRUL,30
PT202050,3,2026-02-21,TRUL,90
PT202050,4,2026-05-29,TRUL,90
PT202050,5,2026-08-27,TRUL,90
PT202051,1,2025-09-14,RYBL,30
PT202051,2,2025-10-14,RYBL,30
PT202051,3,2025-11-20,RYBL,90
PT202051,4,2025-12-09,RYBL,90
PT202051,5,2026-03-09,RYBL,90
PT202051,6,2026-06-07,RYBL,90
PT202052,1,2025-11-21,TRUL,30
PT202053,1,2024-10-29,MOUN,30
PT202053,2,2024-11-28,MOUN,30
PT202054,1,2024-10-15,OZEM,30
PT202054,2,2024-11-14,OZEM,30
PT202054,3,2024-12-14,OZEM,30
PT202054,4,2025-01-28,OZEM,30
PT202054,5,2025-02-27,OZEM,90
PT202054,6,2025-05-28,OZEM,90
PT202054,7,2025-08-26,OZEM,90
PT202054,8,2025-11-24,OZEM,90
PT202054,9,2026-02-22,OZEM,90
PT202055,1,2024-09-29,MOUN,30
PT202055,2,2024-10-29,MOUN,30
PT202055,3,2024-11-28,MOUN,30
PT202055,4,2024-12-28,MOUN,90
PT202055,5,2025-03-28,MOUN,30
PT202055,6,2025-04-27,MOUN,90
PT202055,7,2025-07-26,MOUN,30
PT202056,1,2025-08-21,TRUL,30
PT202056,2,2025-09-23,TRUL,30
PT202056,3,2025-10-23,TRUL,90
PT202056,4,2026-01-21,TRUL,30
PT202057,1,2025-07-19,MOUN,30
PT202057,2,2025-08-18,MOUN,30
PT202057,3,2025-09-17,MOUN,90
PT202057,4,2025-12-16,MOUN,90
PT202057,5,2026-03-16,MOUN,30
PT202057,6,2026-04-15,MOUN,30
PT202057,7,2026-05-18,MOUN,90
PT202058,1,2025-10-23,OZEM,30
PT202058,2,2025-11-22,OZEM,30
PT202059,1,2025-05-29,MOUN,30
PT202059,2,2025-06-28,MOUN,30
PT202059,3,2025-07-31,MOUN,90
PT202059,4,2025-11-13,MOUN,90
PT202059,5,2026-02-11,MOUN,30
PT202059,6,2026-03-13,MOUN,90
PT202060,1,2025-04-09,MOUN,30
PT202061,1,2025-04-01,TRUL,30
PT202061,2,2025-05-04,TRUL,30
PT202061,3,2025-06-03,TRUL,30
PT202061,4,2025-07-03,TRUL,90
PT202061,5,2025-10-01,TRUL,90
PT202061,6,2026-01-06,TRUL,30
PT202061,7,2026-02-05,TRUL,30
PT202061,8,2026-03-14,MOUN,90
PT202062,1,2025-03-13,OZEM,30
PT202062,2,2025-04-12,OZEM,30
PT202062,3,2025-05-15,OZEM,30
PT202062,4,2025-06-14,OZEM,30
PT202062,5,2025-07-14,OZEM,90
PT202062,6,2025-10-12,OZEM,90
PT202062,7,2026-01-17,OZEM,90
PT202062,8,2026-04-24,OZEM,90
PT202062,9,2026-07-23,MOUN,90
PT202063,1,2025-04-12,TRUL,30
PT202063,2,2025-05-12,TRUL,30
PT202063,3,2025-06-11,TRUL,90
PT202063,4,2025-09-09,TRUL,30
PT202063,5,2025-10-09,TRUL,90
PT202063,6,2026-01-07,TRUL,30
PT202063,7,2026-02-06,TRUL,30
PT202063,8,2026-03-08,OZEM,90
PT202063,9,2026-06-06,OZEM,90
PT202065,1,2026-02-08,RYBL,30
PT202065,2,2026-03-10,RYBL,30
PT202065,3,2026-04-09,RYBL,90
PT202066,1,2025-12-13,MOUN,30
PT202066,2,2026-01-19,MOUN,30
PT202066,3,2026-02-18,MOUN,90
PT202066,4,2026-05-19,MOUN,90
PT202066,5,2026-08-17,MOUN,90
PT202067,1,2025-08-18,RYBL,30
PT202067,2,2025-09-17,RYBL,30
PT202068,1,2025-02-01,TRUL,30
PT202068,2,2025-03-03,TRUL,30
PT202068,3,2025-04-02,TRUL,90
PT202068,4,2025-07-04,TRUL,90
PT202068,5,2025-10-02,TRUL,30
PT202068,6,2025-11-08,TRUL,30
PT202068,7,2025-12-11,TRUL,90
PT202068,8,2026-03-11,TRUL,90
PT202068,9,2026-06-09,RYBL,30
PT202068,10,2026-07-09,RYBL,90
PT202070,1,2025-08-28,MOUN,30
PT202070,2,2025-09-30,MOUN,30
PT202070,3,2025-10-30,MOUN,90
PT202070,4,2026-01-31,MOUN,30
PT202071,1,2025-09-02,TRUL,30
PT202071,2,2025-10-02,TRUL,30
PT202071,3,2025-11-01,MOUN,30
PT202071,4,2025-12-01,MOUN,90
PT202071,5,2026-03-01,MOUN,90
PT202071,6,2026-05-30,MOUN,90
PT202072,1,2025-06-25,TRUL,30
PT202072,2,2025-07-28,TRUL,30
PT202072,3,2025-08-27,OZEM,30
PT202072,4,2025-09-26,OZEM,90
PT202072,5,2025-12-25,OZEM,30
PT202072,6,2026-01-24,OZEM,30
PT202072,7,2026-02-26,OZEM,90
PT202072,8,2026-05-27,OZEM,90
PT202072,9,2026-08-25,OZEM,90
PT202073,1,2026-03-13,OZEM,30
PT202073,2,2026-04-12,OZEM,30
PT202073,3,2026-05-12,OZEM,90
PT202073,4,2026-08-10,OZEM,90
PT202074,1,2025-07-09,OZEM,30
PT202074,2,2025-08-08,OZEM,30
PT202074,3,2025-09-14,OZEM,30
PT202074,4,2025-10-17,OZEM,90
PT202074,5,2026-01-22,OZEM,90
PT202074,6,2026-04-22,OZEM,30
PT202074,7,2026-05-22,OZEM,30
PT202074,8,2026-06-21,OZEM,90
PT202076,1,2025-05-19,OZEM,30
PT202076,2,2025-06-18,OZEM,30
PT202076,3,2025-07-18,OZEM,30
PT202076,4,2025-09-01,OZEM,30
PT202076,5,2025-10-01,OZEM,90
PT202076,6,2025-12-30,OZEM,30
PT202076,7,2026-01-29,OZEM,30
PT202077,1,2026-02-03,MOUN,30
PT202077,2,2026-03-08,TRUL,30
PT202077,3,2026-04-10,TRUL,90
PT202077,4,2026-07-09,TRUL,30
PT202077,5,2026-08-23,TRUL,30
PT202078,1,2025-12-22,TRUL,30
PT202078,2,2026-01-21,TRUL,30
PT202078,3,2026-02-20,TRUL,90
PT202078,4,2026-05-21,TRUL,30
PT202080,1,2025-01-05,RYBL,30
PT202080,2,2025-02-04,RYBL,30
PT202080,3,2025-03-06,RYBL,30
PT202080,4,2025-04-05,RYBL,90
PT202080,5,2025-07-04,RYBL,90
PT202080,6,2025-10-02,RYBL,90
PT202080,7,2025-12-31,RYBL,90
PT202080,8,2026-03-31,RYBL,90
PT202080,9,2026-06-29,RYBL,90
PT202081,1,2025-08-16,OZEM,30
PT202081,2,2025-09-15,OZEM,30
PT202081,3,2025-10-15,OZEM,90
PT202081,4,2026-01-13,OZEM,90
PT202081,5,2026-04-16,OZEM,30
PT202081,6,2026-05-16,MOUN,30
PT202081,7,2026-06-15,MOUN,30
PT202081,8,2026-07-18,MOUN,90
PT202082,1,2025-04-16,MOUN,30
PT202082,2,2025-05-16,MOUN,30
PT202082,3,2025-06-15,MOUN,30
PT202082,4,2025-07-15,MOUN,90
PT202082,5,2025-10-13,MOUN,30
PT202082,6,2025-11-12,MOUN,30
PT202082,7,2025-12-12,MOUN,90
PT202082,8,2026-03-27,MOUN,90
PT202082,9,2026-06-25,MOUN,90
PT202083,1,2025-09-11,MOUN,30
PT202083,2,2025-10-11,MOUN,30
PT202083,3,2025-11-10,MOUN,30
PT202083,4,2025-12-10,MOUN,90
PT202083,5,2026-03-25,MOUN,30
PT202084,1,2025-09-17,TRUL,30
PT202084,2,2025-10-17,TRUL,30
PT202084,3,2025-11-16,TRUL,90
PT202084,4,2026-02-14,TRUL,90
PT202085,1,2025-07-11,RYBL,30
PT202085,2,2025-08-10,RYBL,30
PT202085,3,2025-09-12,RYBL,30
PT202085,4,2025-10-12,RYBL,30
PT202085,5,2025-11-18,RYBL,30
PT202085,6,2025-12-18,RYBL,90
PT202085,7,2026-03-18,RYBL,90
PT202085,8,2026-06-16,RYBL,90
PT202086,1,2025-09-03,MOUN,30
PT202086,2,2025-10-18,MOUN,30
PT202086,3,2025-11-17,MOUN,90
PT202086,4,2026-02-22,MOUN,90
PT202086,5,2026-05-30,MOUN,90
PT202086,6,2026-08-28,MOUN,90
PT202087,1,2026-01-28,RYBL,30
PT202087,2,2026-02-27,RYBL,30
PT202087,3,2026-03-29,RYBL,90
PT202087,4,2026-06-27,RYBL,90
PT202088,1,2025-04-19,MOUN,30
PT202088,2,2025-05-19,MOUN,30
PT202089,1,2026-03-04,TRUL,30
PT202089,2,2026-04-03,TRUL,30
PT202089,3,2026-05-06,TRUL,90
PT202089,4,2026-08-07,MOUN,90
PT202090,1,2025-03-05,TRUL,30
PT202090,2,2025-04-04,TRUL,30
PT202090,3,2025-05-04,TRUL,90
PT202090,4,2025-08-02,TRUL,90
PT202090,5,2025-10-31,TRUL,90
PT202090,6,2026-02-01,TRUL,90
PT202090,7,2026-05-02,TRUL,90
PT202090,8,2026-07-31,TRUL,90
PT202091,1,2026-01-09,RYBL,30
PT202091,2,2026-02-08,RYBL,30
PT202092,1,2024-11-29,MOUN,30
PT202092,2,2025-01-05,MOUN,30
PT202092,3,2025-02-19,MOUN,30
PT202092,4,2025-03-28,MOUN,30
PT202092,5,2025-04-27,MOUN,90
PT202092,6,2025-07-26,MOUN,90
PT202092,7,2025-10-24,MOUN,90
PT202092,8,2026-01-22,MOUN,90
PT202092,9,2026-04-22,MOUN,90
PT202092,10,2026-07-28,MOUN,90
PT202093,1,2025-01-23,TRUL,30
PT202093,2,2025-02-22,TRUL,30
PT202093,3,2025-03-24,TRUL,90
PT202093,4,2025-06-22,TRUL,30
PT202093,5,2025-07-22,TRUL,90
PT202093,6,2025-10-20,TRUL,90
PT202093,7,2026-02-02,TRUL,90
PT202093,8,2026-05-03,TRUL,90
PT202093,9,2026-08-04,TRUL,90
PT202094,1,2025-06-05,TRUL,30
PT202094,2,2025-07-05,TRUL,30
PT202094,3,2025-08-04,TRUL,90
PT202094,4,2025-11-02,TRUL,30
PT202094,5,2025-12-02,TRUL,90
PT202094,6,2026-03-02,TRUL,30
PT202094,7,2026-04-04,TRUL,30
PT202094,8,2026-05-04,TRUL,30
PT202094,9,2026-06-03,TRUL,30
PT202094,10,2026-07-03,TRUL,30
PT202094,11,2026-08-02,TRUL,90
PT202095,1,2024-11-14,OZEM,30
PT202096,1,2024-12-28,MOUN,30
PT202096,2,2025-01-27,MOUN,30
PT202096,3,2025-02-26,MOUN,90
PT202097,1,2024-12-17,MOUN,30
PT202097,2,2025-01-16,MOUN,30
PT202097,3,2025-02-15,MOUN,90
PT202097,4,2025-05-16,MOUN,90
PT202097,5,2025-08-14,MOUN,30
PT202097,6,2025-09-13,MOUN,30
PT202097,7,2025-10-16,MOUN,90
PT202098,1,2025-01-16,OZEM,30
PT202098,2,2025-02-15,OZEM,30
PT202098,3,2025-03-17,OZEM,90
PT202098,4,2025-06-15,OZEM,90
PT202098,5,2025-09-13,OZEM,90
PT202098,6,2025-12-12,OZEM,90
PT202098,7,2026-03-12,OZEM,90
PT202098,8,2026-06-13,OZEM,30
PT202098,9,2026-07-13,OZEM,90
PT202099,1,2026-01-12,MOUN,30
PT202099,2,2026-02-11,MOUN,30
PT202099,3,2026-03-13,TRUL,30
PT202099,4,2026-04-12,TRUL,90
PT202099,5,2026-07-11,TRUL,90
PT202099,6,2026-07-28,TRUL,30
PT202100,1,2024-10-03,TRUL,30
PT202100,2,2024-11-02,TRUL,30
PT202100,3,2024-12-02,TRUL,90
PT202100,4,2025-03-02,TRUL,30
PT202100,5,2025-04-08,TRUL,90
PT202100,6,2025-07-07,TRUL,30
PT202100,7,2025-08-09,TRUL,90
PT202100,8,2025-11-22,TRUL,30
PT202100,9,2025-12-25,TRUL,90
PT202100,10,2026-03-25,TRUL,90
PT202101,1,2025-02-28,TRUL,30
PT202101,2,2025-03-30,TRUL,30
PT202101,3,2025-04-29,TRUL,90
PT202101,4,2025-07-31,TRUL,30
PT202101,5,2025-09-02,TRUL,90
PT202101,6,2025-12-04,TRUL,90
PT202101,7,2026-03-04,TRUL,90
PT202101,8,2026-06-02,TRUL,30
PT202101,9,2026-07-17,TRUL,90
PT202102,1,2025-08-04,RYBL,30
PT202102,2,2025-09-10,RYBL,30
PT202102,3,2025-10-10,RYBL,30
PT202102,4,2025-11-09,RYBL,90
PT202102,5,2026-02-10,RYBL,90
PT202102,6,2026-05-11,RYBL,30
PT202102,7,2026-06-10,RYBL,30
PT202102,8,2026-07-10,RYBL,90
PT202103,1,2025-09-22,MOUN,30
PT202103,2,2025-10-22,MOUN,30
PT202103,3,2025-11-21,MOUN,30
PT202103,4,2025-12-21,MOUN,90
PT202103,5,2026-03-21,MOUN,90
PT202103,6,2026-06-19,TRUL,90
PT202104,1,2025-01-06,TRUL,30
PT202104,2,2025-02-08,TRUL,30
PT202104,3,2025-03-10,TRUL,30
PT202104,4,2025-04-09,TRUL,90
PT202104,5,2025-07-08,TRUL,90
PT202104,6,2025-10-06,TRUL,90
PT202104,7,2026-01-07,TRUL,30
PT202104,8,2026-02-06,TRUL,90
PT202104,9,2026-05-07,TRUL,90
PT202104,10,2026-08-05,TRUL,30
PT202106,1,2025-09-14,OZEM,30
PT202106,2,2025-10-17,OZEM,30
PT202106,3,2025-11-16,OZEM,90
PT202106,4,2026-03-01,OZEM,90
PT202106,5,2026-05-30,OZEM,30
PT202106,6,2026-06-29,OZEM,30
PT202106,7,2026-07-29,OZEM,90
PT202107,1,2026-02-11,RYBL,30
PT202107,2,2026-03-16,RYBL,30
PT202107,3,2026-04-18,RYBL,90
PT202107,4,2026-07-17,RYBL,90
PT202108,1,2025-02-12,TRUL,30
PT202108,2,2025-03-14,TRUL,30
PT202108,3,2025-04-13,OZEM,90
PT202108,4,2025-07-12,OZEM,90
PT202109,1,2025-05-21,MOUN,30
PT202109,2,2025-06-20,MOUN,30
PT202109,3,2025-07-20,MOUN,90
PT202109,4,2025-10-18,MOUN,30
PT202109,5,2025-11-17,MOUN,90
PT202109,6,2026-02-15,MOUN,90
PT202109,7,2026-05-23,MOUN,90
PT202109,8,2026-08-21,MOUN,90
PT202110,1,2024-12-27,MOUN,30
PT202110,2,2025-01-26,MOUN,30
PT202110,3,2025-02-28,MOUN,90
PT202110,4,2025-05-29,MOUN,30
PT202110,5,2025-06-28,MOUN,30
PT202110,6,2025-07-28,MOUN,30
PT202110,7,2025-08-27,MOUN,30
PT202110,8,2025-09-29,MOUN,90
PT202110,9,2025-12-28,MOUN,30
PT202110,10,2026-01-30,MOUN,30
PT202111,1,2024-11-18,TRUL,30
PT202111,2,2024-12-18,TRUL,30
PT202111,3,2025-01-17,TRUL,90
PT202111,4,2025-04-17,TRUL,30
PT202111,5,2025-05-17,TRUL,30
PT202111,6,2025-06-16,TRUL,90
PT202111,7,2025-09-14,TRUL,30
PT202111,8,2025-10-17,TRUL,30
PT202111,9,2025-11-16,TRUL,90
PT202111,10,2026-02-14,TRUL,90
PT202112,1,2025-10-24,TRUL,30
PT202112,2,2025-11-23,OZEM,30
PT202112,3,2025-12-26,OZEM,30
PT202112,4,2026-01-25,OZEM,30
PT202112,5,2026-02-24,OZEM,90
PT202112,6,2026-05-25,OZEM,90
PT202112,7,2026-08-23,OZEM,30
PT202113,1,2025-08-25,TRUL,30
PT202113,2,2025-09-24,TRUL,30
PT202113,3,2025-10-27,TRUL,90
PT202113,4,2026-01-25,TRUL,90
PT202113,5,2026-04-28,TRUL,30
PT202113,6,2026-05-28,TRUL,90
PT202113,7,2026-08-26,TRUL,90
PT202114,1,2025-06-17,TRUL,30
PT202114,2,2025-07-17,TRUL,30
PT202114,3,2025-08-23,TRUL,90
PT202114,4,2025-11-21,TRUL,90
PT202114,5,2026-02-19,TRUL,90
PT202114,6,2026-05-20,TRUL,30
PT202114,7,2026-06-22,TRUL,30
PT202114,8,2026-07-22,TRUL,90
PT202115,1,2025-10-02,RYBL,30
PT202115,2,2025-11-04,RYBL,30
PT202115,3,2025-12-07,RYBL,90
PT202115,4,2026-03-07,RYBL,30
PT202115,5,2026-04-09,RYBL,90
PT202115,6,2026-07-08,RYBL,90
PT202116,1,2025-06-04,TRUL,30
PT202116,2,2025-07-11,TRUL,30
PT202116,3,2025-08-10,TRUL,30
PT202116,4,2025-09-16,TRUL,30
PT202116,5,2025-10-31,TRUL,30
PT202116,6,2025-11-30,TRUL,30
PT202116,7,2026-01-02,TRUL,90
PT202116,8,2026-04-02,MOUN,90
PT202116,9,2026-07-01,MOUN,30
PT202116,10,2026-07-31,MOUN,90
PT202117,1,2024-12-25,MOUN,30
PT202117,2,2025-01-24,MOUN,30
PT202117,3,2025-02-26,MOUN,90
PT202117,4,2025-06-03,MOUN,90
PT202117,5,2025-09-01,MOUN,30
PT202117,6,2025-10-01,MOUN,30
PT202117,7,2025-10-31,MOUN,90
PT202117,8,2026-01-29,MOUN,90
PT202117,9,2026-04-29,MOUN,90
PT202117,10,2026-07-28,MOUN,90
PT202118,1,2025-04-24,OZEM,30
PT202118,2,2025-06-08,OZEM,30
PT202118,3,2025-07-11,OZEM,90
PT202118,4,2025-10-09,OZEM,90
PT202118,5,2026-01-10,OZEM,30
PT202118,6,2026-02-09,OZEM,30
PT202118,7,2026-03-14,OZEM,30
PT202118,8,2026-04-13,OZEM,30
PT202118,9,2026-05-13,OZEM,90
PT202118,10,2026-08-11,OZEM,30
PT202119,1,2024-12-22,TRUL,30
PT202119,2,2025-02-05,TRUL,30
PT202119,3,2025-03-07,TRUL,90
PT202119,4,2025-06-20,TRUL,90
PT202119,5,2025-09-18,TRUL,90
PT202119,6,2025-12-17,TRUL,30
PT202119,7,2026-01-16,TRUL,90
PT202120,1,2026-03-10,MOUN,30
PT202120,2,2026-04-09,MOUN,30
PT202120,3,2026-05-09,MOUN,90
PT202120,4,2026-08-07,MOUN,30
PT202122,1,2024-11-15,OZEM,30
PT202122,2,2024-12-15,OZEM,30
PT202122,3,2025-01-14,OZEM,30
PT202122,4,2025-02-16,OZEM,30
PT202122,5,2025-03-25,OZEM,90
PT202122,6,2025-06-23,OZEM,90
PT202122,7,2025-09-21,OZEM,90
PT202123,1,2025-06-17,OZEM,30
PT202123,2,2025-07-17,OZEM,30
PT202124,1,2025-07-16,TRUL,30
PT202124,2,2025-08-15,TRUL,30
PT202124,3,2025-09-17,TRUL,90
PT202124,4,2025-12-31,TRUL,30
PT202124,5,2026-02-06,TRUL,90
PT202124,6,2026-05-07,MOUN,90
PT202124,7,2026-08-08,MOUN,90
PT202125,1,2024-11-05,TRUL,30
PT202125,2,2024-12-05,TRUL,30
PT202125,3,2025-01-11,TRUL,90
PT202125,4,2025-04-26,TRUL,30
PT202125,5,2025-05-26,TRUL,30
PT202125,6,2025-07-02,TRUL,30
PT202126,1,2025-04-09,RYBL,30
PT202127,1,2024-11-08,OZEM,30
PT202127,2,2024-12-08,OZEM,30
PT202127,3,2025-01-07,OZEM,30
PT202127,4,2025-02-06,MOUN,30
PT202127,5,2025-03-08,MOUN,90
PT202127,6,2025-06-21,MOUN,90
PT202127,7,2025-09-19,OZEM,90
PT202127,8,2025-12-18,OZEM,30
PT202127,9,2026-01-17,OZEM,90
PT202127,10,2026-04-17,OZEM,90
PT202128,1,2024-12-11,TRUL,30
PT202128,2,2025-01-10,TRUL,30
PT202129,1,2026-03-09,TRUL,30
PT202129,2,2026-04-08,TRUL,30
PT202129,3,2026-05-23,TRUL,90
PT202129,4,2026-08-24,TRUL,30
PT202130,1,2025-06-07,OZEM,30
PT202130,2,2025-07-07,OZEM,30
PT202130,3,2025-08-09,OZEM,90
PT202130,4,2025-11-07,OZEM,30
PT202130,5,2025-12-07,OZEM,90
PT202130,6,2026-03-07,OZEM,90
PT202131,1,2025-12-30,RYBL,30
PT202131,2,2026-01-29,RYBL,30
PT202131,3,2026-02-28,RYBL,90
PT202131,4,2026-06-01,RYBL,90
PT202131,5,2026-08-30,RYBL,90
PT202132,1,2025-07-30,RYBL,30
PT202132,2,2025-08-29,RYBL,30
PT202132,3,2025-09-28,RYBL,90
PT202132,4,2025-12-27,RYBL,90
PT202133,1,2025-07-11,TRUL,30
PT202133,2,2025-08-10,TRUL,30
PT202133,3,2025-09-09,TRUL,90
PT202133,4,2025-12-08,TRUL,30
PT202133,5,2026-01-07,TRUL,90
PT202133,6,2026-04-07,TRUL,30
PT202133,7,2026-05-07,TRUL,90
PT202133,8,2026-08-12,TRUL,90
PT202134,1,2025-07-31,OZEM,30
PT202134,2,2025-09-06,OZEM,30
PT202134,3,2025-10-06,OZEM,90
PT202134,4,2026-01-07,OZEM,90
PT202134,5,2026-04-07,OZEM,90
PT202134,6,2026-07-06,OZEM,90
PT202136,1,2026-03-07,TRUL,30
PT202136,2,2026-04-06,OZEM,30
PT202137,1,2025-09-28,OZEM,30
PT202137,2,2025-10-28,OZEM,30
PT202137,3,2025-11-27,OZEM,30
PT202138,1,2026-01-17,MOUN,30
PT202138,2,2026-02-16,MOUN,30
PT202138,3,2026-03-18,MOUN,90
PT202138,4,2026-06-16,MOUN,30
PT202138,5,2026-07-16,MOUN,30
PT202138,6,2026-08-15,MOUN,30
PT202139,1,2025-05-07,TRUL,30
PT202139,2,2025-06-06,TRUL,30
PT202139,3,2025-07-09,TRUL,90
PT202139,4,2025-10-07,TRUL,90
PT202139,5,2026-01-08,TRUL,30
PT202139,6,2026-02-07,TRUL,90
PT202139,7,2026-05-08,MOUN,90
PT202139,8,2026-08-06,MOUN,30
PT202140,1,2026-01-20,TRUL,30
PT202140,2,2026-02-19,TRUL,30
PT202140,3,2026-03-21,MOUN,30
PT202141,1,2025-08-18,MOUN,30
PT202141,2,2025-09-17,MOUN,30
PT202141,3,2025-10-24,MOUN,30
PT202142,1,2026-03-18,OZEM,30
PT202143,1,2025-09-05,RYBL,30
PT202143,2,2025-10-20,RYBL,30
PT202143,3,2025-11-22,RYBL,90
PT202143,4,2026-02-20,RYBL,90
PT202143,5,2026-05-21,RYBL,30
PT202144,1,2024-11-11,OZEM,30
PT202144,2,2024-12-11,OZEM,30
PT202144,3,2025-01-10,OZEM,90
PT202144,4,2025-04-13,OZEM,90
PT202144,5,2025-07-12,OZEM,30
PT202145,1,2024-11-23,MOUN,30
PT202145,2,2024-12-23,MOUN,30
PT202145,3,2025-01-22,MOUN,90
PT202145,4,2025-04-22,MOUN,30
PT202145,5,2025-05-22,MOUN,90
PT202145,6,2025-08-23,MOUN,30
PT202145,7,2025-09-29,MOUN,30
PT202145,8,2025-11-01,TRUL,90
PT202145,9,2026-02-02,TRUL,30
PT202145,10,2026-03-04,TRUL,90
PT202145,11,2026-06-09,TRUL,30
PT202145,12,2026-07-16,TRUL,30
PT202145,13,2026-08-15,TRUL,30
PT202146,1,2025-10-01,RYBL,30
PT202146,2,2025-10-31,MOUN,30
PT202146,3,2025-11-30,MOUN,30
PT202146,4,2025-12-30,MOUN,30
PT202146,5,2026-01-29,MOUN,90
PT202146,6,2026-02-08,MOUN,30
PT202146,7,2026-03-10,MOUN,30
PT202146,8,2026-04-09,OZEM,30
PT202146,9,2026-05-12,TRUL,90
PT202146,10,2026-08-10,TRUL,30
PT202147,1,2026-01-25,MOUN,30
PT202148,1,2024-09-14,TRUL,30
PT202148,2,2024-10-14,TRUL,30
PT202148,3,2024-11-13,TRUL,90
PT202148,4,2025-02-26,TRUL,30
PT202148,5,2025-03-28,TRUL,30
PT202148,6,2025-04-27,TRUL,90
PT202148,7,2025-07-26,TRUL,90
PT202148,8,2025-10-24,TRUL,90
PT202148,9,2026-01-22,TRUL,30
PT202148,10,2026-02-21,TRUL,90
PT202148,11,2026-05-25,TRUL,30
PT202148,12,2026-06-24,TRUL,30
PT202148,13,2026-07-24,TRUL,30
PT202148,14,2026-08-23,TRUL,30
PT202149,1,2024-12-16,MOUN,30
PT202149,2,2025-01-15,MOUN,30
PT202149,3,2025-02-14,MOUN,30
PT202149,4,2025-03-16,MOUN,30
PT202150,1,2025-04-02,RYBL,30
PT202150,2,2025-05-02,TRUL,30
PT202150,3,2025-06-01,TRUL,30
PT202150,4,2025-07-01,TRUL,90
PT202150,5,2025-10-06,TRUL,90
PT202151,1,2025-07-03,OZEM,30
PT202151,2,2025-08-02,OZEM,30
PT202151,3,2025-09-04,OZEM,90
PT202151,4,2025-12-03,OZEM,30
PT202151,5,2026-01-02,OZEM,90
PT202151,6,2026-04-02,OZEM,90
PT202151,7,2026-07-01,OZEM,30
PT202151,8,2026-08-03,OZEM,90
PT202152,1,2025-12-12,TRUL,30
PT202152,2,2026-01-26,TRUL,30
PT202152,3,2026-02-25,TRUL,90
PT202152,4,2026-05-26,OZEM,90
PT202152,5,2026-08-24,OZEM,30
PT202153,1,2025-04-28,TRUL,30
PT202153,2,2025-05-28,MOUN,30
PT202153,3,2025-07-04,MOUN,90
PT202153,4,2025-10-02,MOUN,90
PT202153,5,2025-12-31,MOUN,90
PT202153,6,2026-03-31,MOUN,90
PT202154,1,2024-11-30,OZEM,30
PT202154,2,2024-12-30,OZEM,30
PT202154,3,2025-01-14,OZEM,30
PT202154,4,2025-02-28,OZEM,30
PT202155,1,2025-05-25,TRUL,30
PT202155,2,2025-06-24,TRUL,30
PT202155,3,2025-07-24,TRUL,30
PT202155,4,2025-09-07,TRUL,90
PT202155,5,2025-12-06,TRUL,30
PT202155,6,2026-01-05,MOUN,90
PT202156,1,2025-01-30,OZEM,30
PT202156,2,2025-03-01,OZEM,30
PT202156,3,2025-03-18,OZEM,30
PT202156,4,2025-04-17,OZEM,30
PT202156,5,2025-05-17,OZEM,90
PT202156,6,2025-08-15,OZEM,30
PT202157,1,2024-10-18,MOUN,30
PT202157,2,2024-11-17,MOUN,30
PT202157,3,2024-12-17,MOUN,30
PT202157,4,2025-01-19,OZEM,30
PT202159,1,2025-07-15,OZEM,30
PT202159,2,2025-08-14,OZEM,30
PT202159,3,2025-09-16,OZEM,90
PT202159,4,2025-12-15,OZEM,30
PT202159,5,2026-01-14,OZEM,90
PT202159,6,2026-04-14,OZEM,90
PT202160,1,2024-09-30,OZEM,30
PT202160,2,2024-10-30,MOUN,30
PT202161,1,2025-08-29,MOUN,30
PT202161,2,2025-09-28,MOUN,30
PT202161,3,2025-10-28,MOUN,90
PT202161,4,2026-02-02,MOUN,30
PT202161,5,2026-03-04,MOUN,90
PT202161,6,2026-06-05,MOUN,30
PT202161,7,2026-07-05,MOUN,30
PT202162,1,2025-11-30,MOUN,30
PT202162,2,2025-12-30,MOUN,30
PT202162,3,2026-01-29,MOUN,90
PT202162,4,2026-04-29,MOUN,90
PT202162,5,2026-07-28,MOUN,90
PT202163,1,2025-04-26,MOUN,30
PT202163,2,2025-05-26,TRUL,30
PT202163,3,2025-07-02,TRUL,90
PT202163,4,2025-09-30,OZEM,90
PT202164,1,2026-01-23,MOUN,30
PT202164,2,2026-02-22,MOUN,30
PT202164,3,2026-03-24,MOUN,90
PT202164,4,2026-06-22,MOUN,30
PT202164,5,2026-07-22,OZEM,90
PT202165,1,2025-11-16,OZEM,30
PT202165,2,2025-12-31,OZEM,30
PT202165,3,2026-02-14,OZEM,90
PT202165,4,2026-05-22,OZEM,90
PT202165,5,2026-08-20,OZEM,90
PT202166,1,2025-12-17,TRUL,30
PT202166,2,2025-12-29,TRUL,30
PT202166,3,2026-01-28,TRUL,30
PT202166,4,2026-02-27,TRUL,30
PT202166,5,2026-03-29,TRUL,90
PT202167,1,2025-07-14,OZEM,30
PT202167,2,2025-08-13,OZEM,30
PT202167,3,2025-09-12,OZEM,90
PT202167,4,2025-12-11,OZEM,90
PT202168,1,2024-12-20,MOUN,30
PT202168,2,2025-01-19,MOUN,30
PT202168,3,2025-02-18,MOUN,30
PT202168,4,2025-03-20,MOUN,30
PT202170,1,2025-08-04,RYBL,30
PT202170,2,2025-09-03,RYBL,30
PT202170,3,2025-10-03,RYBL,30
PT202170,4,2025-11-02,RYBL,30
PT202170,5,2025-12-02,RYBL,30
PT202170,6,2026-01-01,RYBL,90
PT202170,7,2026-04-01,RYBL,90
PT202171,1,2025-04-30,MOUN,30
PT202171,2,2025-05-30,MOUN,30
PT202171,3,2025-07-14,MOUN,90
PT202171,4,2025-10-12,MOUN,30
PT202171,5,2025-11-14,MOUN,30
PT202171,6,2025-12-17,MOUN,30
PT202171,7,2026-01-16,MOUN,90
PT202171,8,2026-04-16,MOUN,90
PT202171,9,2026-07-15,MOUN,90
PT202172,1,2025-08-29,OZEM,30
PT202172,2,2025-09-28,OZEM,30
PT202172,3,2025-10-13,OZEM,90
PT202172,4,2026-01-11,OZEM,30
PT202173,1,2025-09-24,OZEM,30
PT202173,2,2025-10-27,OZEM,30
PT202174,1,2025-09-26,RYBL,30
PT202174,2,2025-10-26,RYBL,30
PT202174,3,2025-11-25,RYBL,90
PT202174,4,2026-02-23,RYBL,30
PT202174,5,2026-03-25,RYBL,90
PT202174,6,2026-06-23,RYBL,30
PT202174,7,2026-07-26,RYBL,30
PT202175,1,2026-02-21,OZEM,30
PT202175,2,2026-03-23,OZEM,30
PT202175,3,2026-04-09,OZEM,90
PT202175,4,2026-07-08,OZEM,90
PT202177,1,2026-02-18,TRUL,30
PT202177,2,2026-03-20,TRUL,30
PT202177,3,2026-04-19,TRUL,90
PT202177,4,2026-07-18,TRUL,30
PT202177,5,2026-08-24,TRUL,30
PT202178,1,2025-08-13,MOUN,30
PT202178,2,2025-09-12,MOUN,30
PT202178,3,2025-10-12,MOUN,90
PT202179,1,2025-01-26,TRUL,30
PT202179,2,2025-02-25,TRUL,30
PT202179,3,2025-04-03,TRUL,90
PT202179,4,2025-07-05,TRUL,90
PT202179,5,2025-10-03,TRUL,30
PT202179,6,2025-11-05,TRUL,90
PT202179,7,2026-02-03,TRUL,90
PT202179,8,2026-05-04,TRUL,90
PT202180,1,2025-10-05,TRUL,30
PT202180,2,2025-11-11,TRUL,30
PT202180,3,2025-12-11,MOUN,30
PT202180,4,2026-01-17,MOUN,90
PT202180,5,2026-04-17,MOUN,90
PT202180,6,2026-07-16,MOUN,90
PT202181,1,2024-10-25,RYBL,30
PT202181,2,2024-11-24,RYBL,30
PT202181,3,2024-12-24,RYBL,90
PT202181,4,2025-03-24,RYBL,90
PT202181,5,2025-06-29,RYBL,90
PT202181,6,2025-09-27,RYBL,90
PT202181,7,2025-12-26,RYBL,90
PT202182,1,2025-12-14,TRUL,30
PT202182,2,2026-01-13,TRUL,30
PT202182,3,2026-02-12,TRUL,90
PT202183,1,2025-10-05,OZEM,30
PT202183,2,2025-11-04,OZEM,30
PT202183,3,2025-12-04,OZEM,90
PT202183,4,2026-03-04,OZEM,90
PT202183,5,2026-06-02,OZEM,90
PT202184,1,2025-10-17,MOUN,30
PT202184,2,2025-11-16,MOUN,30
PT202184,3,2025-12-16,MOUN,90
PT202184,4,2026-03-19,MOUN,90
PT202184,5,2026-06-17,MOUN,30
PT202184,6,2026-07-20,MOUN,30
PT202184,7,2026-08-19,MOUN,30
PT202185,1,2025-10-21,MOUN,30
PT202185,2,2025-11-20,MOUN,30
PT202185,3,2026-01-04,MOUN,90
PT202185,4,2026-04-07,MOUN,30
PT202185,5,2026-05-07,MOUN,90
PT202185,6,2026-08-08,MOUN,30
PT202187,1,2025-03-24,TRUL,30
PT202187,2,2025-04-23,TRUL,30
PT202187,3,2025-05-23,TRUL,30
PT202187,4,2025-06-25,TRUL,90
PT202187,5,2025-09-23,TRUL,90
PT202188,1,2025-02-06,MOUN,30
PT202188,2,2025-03-08,MOUN,30
PT202188,3,2025-04-22,MOUN,30
PT202188,4,2025-05-22,MOUN,90
PT202188,5,2025-08-20,MOUN,90
PT202188,6,2025-11-18,MOUN,90
PT202188,7,2026-02-16,MOUN,90
PT202188,8,2026-05-17,MOUN,90
PT202189,1,2025-08-07,RYBL,30
PT202189,2,2025-09-06,RYBL,30
PT202189,3,2025-10-06,RYBL,90
PT202189,4,2026-01-04,RYBL,90
PT202189,5,2026-04-04,RYBL,90
PT202189,6,2026-07-03,RYBL,90
PT202190,1,2025-12-31,MOUN,30
PT202190,2,2026-01-30,MOUN,30
PT202190,3,2026-03-01,MOUN,90
PT202190,4,2026-05-30,MOUN,30
PT202190,5,2026-06-29,MOUN,90
PT202191,1,2025-07-14,MOUN,30
PT202191,2,2025-08-20,MOUN,30
PT202191,3,2025-09-19,MOUN,90
PT202191,4,2025-12-18,MOUN,90
PT202191,5,2026-03-18,MOUN,90
PT202191,6,2026-06-16,MOUN,90
PT202193,1,2025-10-27,RYBL,30
PT202193,2,2025-11-26,RYBL,30
PT202193,3,2025-12-26,RYBL,90
PT202193,4,2026-03-26,RYBL,30
PT202193,5,2026-04-25,RYBL,90
PT202193,6,2026-07-27,RYBL,90
PT202194,1,2025-09-09,MOUN,30
PT202194,2,2025-10-09,MOUN,30
PT202194,3,2025-11-08,MOUN,30
PT202194,4,2025-12-08,MOUN,90
PT202194,5,2026-03-08,MOUN,90
PT202194,6,2026-06-06,MOUN,90
PT202195,1,2024-11-10,TRUL,30
PT202195,2,2024-12-10,TRUL,30
PT202195,3,2025-01-09,TRUL,90
PT202195,4,2025-04-09,TRUL,30
PT202196,1,2025-09-21,TRUL,30
PT202196,2,2025-10-21,TRUL,30
PT202196,3,2025-11-20,TRUL,90
PT202196,4,2026-02-25,TRUL,30
PT202196,5,2026-04-11,TRUL,90
PT202196,6,2026-07-25,TRUL,30
PT202197,1,2025-02-10,MOUN,30
PT202197,2,2025-03-19,MOUN,30
PT202197,3,2025-04-18,MOUN,90
PT202197,4,2025-07-17,MOUN,30
PT202197,5,2025-08-16,MOUN,30
PT202197,6,2025-09-15,MOUN,30
PT202197,7,2025-10-15,MOUN,90
PT202197,8,2026-01-13,MOUN,30
PT202197,9,2026-02-12,MOUN,90
PT202198,1,2026-02-22,TRUL,30
PT202199,1,2025-06-06,OZEM,30
PT202199,2,2025-07-06,MOUN,30
PT202200,1,2024-10-07,TRUL,30
PT202200,2,2024-11-06,TRUL,30
PT202200,3,2024-12-06,TRUL,90
PT202201,1,2026-02-22,OZEM,30
PT202201,2,2026-03-24,OZEM,30
PT202201,3,2026-04-09,OZEM,90
PT202201,4,2026-07-11,OZEM,30
PT202202,1,2026-01-09,MOUN,30
PT202202,2,2026-02-08,MOUN,30
PT202202,3,2026-03-17,MOUN,90
PT202202,4,2026-06-15,MOUN,90
PT202203,1,2025-08-29,MOUN,30
PT202203,2,2025-10-13,MOUN,30
PT202203,3,2025-11-12,MOUN,90
PT202203,4,2026-02-10,MOUN,90
PT202203,5,2026-05-11,MOUN,90
PT202203,6,2026-08-09,RYBL,90
PT202204,1,2025-03-09,OZEM,30
PT202204,2,2025-01-29,OZEM,30
PT202205,1,2025-10-24,MOUN,30
PT202207,1,2025-07-12,MOUN,30
PT202207,2,2025-08-11,MOUN,30
PT202207,3,2025-09-10,TRUL,30
PT202207,4,2025-10-10,TRUL,90
PT202207,5,2026-01-15,TRUL,30
PT202208,1,2026-03-01,OZEM,30
PT202208,2,2026-04-03,OZEM,30
PT202208,3,2026-05-03,OZEM,30
PT202208,4,2026-06-02,OZEM,90
PT202209,1,2025-09-07,OZEM,30
PT202209,2,2025-10-07,OZEM,30
PT202209,3,2025-11-06,OZEM,90
PT202209,4,2026-02-04,OZEM,90
PT202209,5,2026-05-05,OZEM,90
PT202210,1,2025-03-15,MOUN,30
PT202210,2,2025-04-14,MOUN,30
PT202210,3,2025-05-21,MOUN,90
PT202210,4,2025-08-19,MOUN,90
PT202210,5,2025-11-24,MOUN,30
PT202210,6,2025-12-24,MOUN,30
PT202210,7,2026-01-23,MOUN,90
PT202210,8,2026-04-23,MOUN,90
PT202210,9,2026-07-25,MOUN,90
PT202211,1,2025-03-13,MOUN,30
PT202211,2,2025-04-12,MOUN,30
PT202211,3,2025-05-12,MOUN,90
PT202211,4,2025-08-10,MOUN,30
PT202212,1,2024-11-27,OZEM,30
PT202212,2,2024-12-27,OZEM,30
PT202212,3,2025-01-26,OZEM,30
PT202213,1,2025-03-28,TRUL,30
PT202213,2,2025-04-27,TRUL,30
PT202213,3,2025-06-03,TRUL,30
PT202213,4,2025-07-03,TRUL,30
PT202213,5,2025-08-02,TRUL,90
PT202213,6,2025-10-31,TRUL,90
PT202213,7,2026-01-29,TRUL,90
PT202213,8,2026-04-29,TRUL,30
PT202213,9,2026-05-29,TRUL,90
PT202213,10,2026-08-27,TRUL,90
PT202214,1,2026-01-24,MOUN,30
PT202214,2,2026-02-23,MOUN,30
PT202214,3,2026-03-25,MOUN,90
PT202214,4,2026-06-23,MOUN,90
PT202215,1,2025-07-30,MOUN,30
PT202215,2,2025-09-01,MOUN,30
PT202215,3,2025-10-01,MOUN,90
PT202215,4,2025-12-30,MOUN,90
PT202215,5,2026-03-30,MOUN,30
PT202215,6,2026-04-29,MOUN,90
PT202215,7,2026-08-04,MOUN,90
PT202216,1,2024-11-27,TRUL,30
PT202216,2,2024-12-27,TRUL,30
PT202216,3,2025-01-26,TRUL,30
PT202216,4,2025-02-25,TRUL,90
PT202216,5,2025-05-29,TRUL,90
PT202216,6,2025-09-11,TRUL,90
PT202216,7,2025-12-10,TRUL,30
PT202216,8,2026-01-09,TRUL,90
PT202216,9,2026-04-09,TRUL,90
PT202216,10,2026-04-24,TRUL,30
PT202216,11,2026-05-24,TRUL,90
PT202216,12,2026-08-22,TRUL,30
PT202217,1,2024-11-27,TRUL,30
PT202217,2,2024-12-30,TRUL,30
PT202217,3,2025-01-29,TRUL,30
PT202217,4,2025-02-28,TRUL,90
PT202217,5,2025-05-29,TRUL,90
PT202217,6,2025-08-27,TRUL,30
PT202217,7,2025-09-26,MOUN,90
PT202217,8,2025-12-25,MOUN,90
PT202217,9,2026-03-28,MOUN,30
PT202217,10,2026-05-12,MOUN,90
PT202217,11,2026-08-10,MOUN,90
PT202218,1,2025-08-03,MOUN,30
PT202218,2,2025-09-02,MOUN,30
PT202218,3,2025-10-02,MOUN,30
PT202218,4,2025-11-04,MOUN,90
PT202218,5,2026-02-02,MOUN,90
PT202218,6,2026-05-03,MOUN,30
PT202218,7,2026-06-02,MOUN,30
PT202218,8,2026-07-02,MOUN,90
PT202219,1,2025-03-19,MOUN,30
PT202219,2,2025-04-18,MOUN,30
PT202219,3,2025-05-21,MOUN,30
PT202219,4,2025-06-20,MOUN,90
PT202219,5,2025-09-21,MOUN,30
PT202219,6,2025-10-24,MOUN,90
PT202219,7,2026-01-22,MOUN,90
PT202220,1,2024-12-11,RYBL,30
PT202220,2,2025-01-10,RYBL,30
PT202220,3,2025-02-16,RYBL,30
PT202220,4,2025-03-18,RYBL,90
PT202220,5,2025-06-16,RYBL,90
PT202220,6,2025-09-14,RYBL,30
PT202220,7,2025-10-14,RYBL,90
PT202220,8,2026-01-12,RYBL,90
PT202220,9,2026-04-12,RYBL,90
PT202220,10,2026-07-11,RYBL,90
PT202221,1,2024-09-14,OZEM,30
PT202221,2,2024-10-14,OZEM,30
PT202221,3,2024-11-13,OZEM,90
PT202221,4,2025-02-18,OZEM,90
PT202221,5,2025-05-19,OZEM,30
PT202221,6,2025-06-21,OZEM,90
PT202221,7,2025-09-26,OZEM,30
PT202222,1,2025-05-18,RYBL,30
PT202223,1,2026-03-06,OZEM,30
PT202223,2,2026-04-05,OZEM,30
PT202224,1,2024-11-19,TRUL,30
PT202224,2,2024-12-22,TRUL,30
PT202224,3,2025-01-21,TRUL,30
PT202224,4,2025-02-20,TRUL,90
PT202224,5,2025-05-24,TRUL,90
PT202224,6,2025-08-22,TRUL,30
PT202224,7,2025-09-21,TRUL,90
PT202224,8,2025-12-20,TRUL,30
PT202224,9,2026-01-19,TRUL,90
PT202224,10,2026-04-19,TRUL,90
PT202225,1,2025-11-09,TRUL,30
PT202225,2,2025-12-09,TRUL,30
PT202225,3,2026-01-08,TRUL,90
PT202225,4,2026-04-08,TRUL,30
PT202225,5,2026-05-08,TRUL,30
PT202225,6,2026-06-07,TRUL,30
PT202226,1,2025-10-21,OZEM,30
PT202227,1,2026-03-07,MOUN,30
PT202227,2,2026-04-06,MOUN,30
PT202227,3,2026-05-06,MOUN,30
PT202227,4,2026-06-05,MOUN,30
PT202227,5,2026-07-05,MOUN,30
PT202228,1,2025-07-29,TRUL,30
PT202229,1,2025-08-04,OZEM,30
PT202229,2,2025-09-06,OZEM,30
PT202229,3,2025-10-06,OZEM,30
PT202229,4,2025-11-05,OZEM,90
PT202229,5,2026-02-06,OZEM,90
PT202229,6,2026-05-07,OZEM,90
PT202229,7,2026-08-05,OZEM,90
PT202230,1,2025-05-14,TRUL,30
PT202230,2,2025-06-20,TRUL,30
PT202230,3,2025-07-27,TRUL,30
PT202230,4,2025-08-26,TRUL,30
PT202230,5,2025-09-25,TRUL,90
PT202230,6,2025-12-24,TRUL,90
PT202230,7,2026-03-24,TRUL,90
PT202230,8,2026-06-22,TRUL,90
PT202231,1,2025-12-15,OZEM,30
PT202232,1,2026-02-16,MOUN,30
PT202232,2,2026-03-18,MOUN,30
PT202232,3,2026-04-17,MOUN,90
PT202232,4,2026-07-16,MOUN,90
PT202233,1,2025-07-31,MOUN,30
PT202233,2,2025-08-30,MOUN,30
PT202233,3,2025-09-29,MOUN,90
PT202233,4,2025-12-28,MOUN,30
PT202233,5,2026-01-27,MOUN,30
PT202233,6,2026-02-26,MOUN,30
PT202233,7,2026-03-28,MOUN,90
PT202233,8,2026-06-26,MOUN,90
PT202234,1,2026-01-25,OZEM,30
PT202234,2,2026-02-27,OZEM,30
PT202234,3,2026-03-16,OZEM,90
PT202235,1,2025-05-08,OZEM,30
PT202235,2,2025-06-07,OZEM,30
PT202235,3,2025-07-07,MOUN,90
PT202235,4,2025-10-20,MOUN,30
PT202235,5,2025-11-19,MOUN,90
PT202235,6,2026-02-17,MOUN,90
PT202235,7,2026-05-21,MOUN,90
PT202235,8,2026-08-19,MOUN,90
PT202236,1,2025-03-31,RYBL,30
PT202236,2,2025-05-03,RYBL,30
PT202236,3,2025-06-02,RYBL,90
PT202236,4,2025-08-31,RYBL,90
PT202236,5,2025-11-29,RYBL,30
PT202236,6,2025-12-29,RYBL,90
PT202237,1,2024-09-06,OZEM,30
PT202237,2,2024-10-06,OZEM,30
PT202237,3,2024-11-20,OZEM,30
PT202237,4,2024-12-20,OZEM,30
PT202237,5,2025-01-19,OZEM,90
PT202237,6,2025-04-19,OZEM,90
PT202237,7,2025-07-18,OZEM,90
PT202237,8,2025-10-16,OZEM,90
PT202237,9,2026-01-14,OZEM,90
PT202237,10,2026-04-14,OZEM,90
PT202237,11,2026-07-13,OZEM,30
PT202237,12,2026-08-12,OZEM,90
PT202238,1,2026-03-07,OZEM,30
PT202238,2,2026-04-21,OZEM,30
PT202238,3,2026-05-09,OZEM,30
PT202238,4,2026-06-08,OZEM,30
PT202238,5,2026-07-08,OZEM,90
PT202239,1,2025-09-02,OZEM,30
PT202239,2,2025-10-02,OZEM,30
PT202239,3,2025-11-01,OZEM,90
PT202239,4,2026-01-30,OZEM,30
PT202239,5,2026-03-01,OZEM,90
PT202239,6,2026-05-30,OZEM,90
PT202239,7,2026-08-28,OZEM,30
PT202240,1,2026-03-15,OZEM,30
PT202240,2,2026-04-21,OZEM,30
PT202240,3,2026-05-21,OZEM,90
PT202240,4,2026-08-19,OZEM,90
PT202241,1,2025-01-03,MOUN,30
PT202241,2,2025-02-02,MOUN,30
PT202242,1,2024-12-03,OZEM,30
PT202242,2,2025-01-02,OZEM,30
PT202242,3,2025-02-01,OZEM,30
PT202242,4,2025-03-18,OZEM,30
PT202242,5,2025-04-17,OZEM,90
PT202243,1,2026-03-05,RYBL,30
PT202243,2,2026-04-04,RYBL,30
PT202243,3,2026-05-07,MOUN,90
PT202243,4,2026-08-05,MOUN,90
PT202244,1,2025-10-26,OZEM,30
PT202245,1,2024-12-28,OZEM,30
PT202245,2,2025-01-27,OZEM,30
PT202246,1,2026-02-21,MOUN,30
PT202246,2,2026-03-23,MOUN,30
PT202246,3,2026-04-25,MOUN,90
PT202246,4,2026-07-27,MOUN,90
PT202247,1,2026-01-17,MOUN,30
PT202247,2,2026-02-16,MOUN,30
PT202247,3,2026-03-18,MOUN,90
PT202247,4,2026-06-16,MOUN,90
PT202248,1,2025-01-03,TRUL,30
PT202248,2,2025-02-05,TRUL,30
PT202248,3,2025-03-07,TRUL,90
PT202248,4,2025-06-05,TRUL,30
PT202248,5,2025-07-05,TRUL,30
PT202248,6,2025-08-04,TRUL,90
PT202249,1,2024-10-18,MOUN,30
PT202249,2,2024-12-02,MOUN,30
PT202249,3,2025-01-01,MOUN,90
PT202249,4,2025-04-08,MOUN,90
PT202249,5,2025-07-07,MOUN,30
PT202249,6,2025-08-06,TRUL,90
PT202249,7,2025-11-11,TRUL,90
PT202249,8,2026-02-09,TRUL,90
PT202249,9,2026-05-10,TRUL,90
PT202249,10,2026-08-08,TRUL,90
PT202250,1,2026-01-13,RYBL,30
PT202250,2,2026-02-12,RYBL,30
PT202250,3,2026-03-17,RYBL,30
PT202250,4,2026-04-16,MOUN,30
PT202251,1,2024-09-13,TRUL,30
PT202251,2,2024-10-13,TRUL,30
PT202251,3,2024-11-12,TRUL,90
PT202251,4,2025-02-10,TRUL,90
PT202251,5,2025-05-14,TRUL,90
PT202251,6,2025-08-12,TRUL,30
PT202251,7,2025-09-18,OZEM,30
PT202251,8,2025-10-18,OZEM,90
PT202251,9,2026-01-19,OZEM,90
PT202251,10,2026-04-19,OZEM,90
PT202252,1,2024-11-06,MOUN,30
PT202252,2,2024-12-06,MOUN,30
PT202252,3,2025-01-05,MOUN,90
PT202252,4,2025-04-05,MOUN,90
PT202252,5,2025-07-04,MOUN,30
PT202252,6,2025-08-03,MOUN,30
PT202252,7,2025-09-02,MOUN,30
PT202253,1,2025-05-27,MOUN,30
PT202253,2,2025-06-26,MOUN,30
PT202253,3,2025-07-26,MOUN,30
PT202254,1,2024-11-24,MOUN,30
PT202254,2,2024-12-24,MOUN,30
PT202254,3,2025-01-23,MOUN,90
PT202254,4,2025-04-23,MOUN,90
PT202254,5,2025-07-22,MOUN,90
PT202254,6,2025-10-20,MOUN,90
PT202254,7,2026-01-18,MOUN,90
PT202254,8,2026-04-21,MOUN,30
PT202254,9,2026-05-21,MOUN,90
PT202254,10,2026-08-19,MOUN,90
PT202255,1,2025-07-13,MOUN,30
PT202256,1,2025-10-25,OZEM,30
PT202256,2,2025-11-24,OZEM,30
PT202256,3,2025-12-27,OZEM,90
PT202256,4,2026-03-27,OZEM,90
PT202256,5,2026-06-25,OZEM,90
PT202257,1,2025-08-28,OZEM,30
PT202258,1,2025-07-14,RYBL,30
PT202258,2,2025-08-16,RYBL,30
PT202258,3,2025-09-15,RYBL,90
PT202258,4,2025-12-14,RYBL,90
PT202258,5,2026-03-17,RYBL,90
PT202258,6,2026-06-15,RYBL,90
PT202259,1,2025-04-05,TRUL,30
PT202260,1,2026-01-30,OZEM,30
PT202260,2,2026-03-01,OZEM,30
PT202260,3,2026-03-31,OZEM,90
PT202261,1,2025-02-14,OZEM,30
PT202261,2,2025-03-16,OZEM,30
PT202262,1,2025-12-11,TRUL,30
PT202262,2,2026-01-10,TRUL,30
PT202262,3,2026-02-09,TRUL,90
PT202262,4,2026-05-10,MOUN,30
PT202262,5,2026-06-09,MOUN,30
PT202262,6,2026-07-09,MOUN,90
PT202263,1,2025-12-17,TRUL,30
PT202263,2,2026-01-19,TRUL,30
PT202264,1,2025-10-15,OZEM,30
PT202264,2,2025-11-17,OZEM,30
PT202264,3,2025-12-17,OZEM,30
PT202264,4,2026-01-16,OZEM,30
PT202264,5,2026-02-15,OZEM,30
PT202264,6,2026-03-17,OZEM,90
PT202264,7,2026-06-15,OZEM,90
PT202265,1,2025-06-07,OZEM,30
PT202265,2,2025-07-07,OZEM,30
PT202265,3,2025-08-06,OZEM,90
PT202265,4,2025-11-04,OZEM,30
PT202265,5,2025-12-04,OZEM,30
PT202265,6,2026-01-03,OZEM,90
PT202266,1,2026-03-21,RYBL,30
PT202266,2,2026-04-23,RYBL,30
PT202266,3,2026-06-07,RYBL,30
PT202266,4,2026-07-10,RYBL,90
PT202267,1,2025-08-05,OZEM,30
PT202267,2,2025-09-04,OZEM,30
PT202267,3,2025-09-20,OZEM,30
PT202267,4,2025-10-20,OZEM,90
PT202267,5,2026-01-21,OZEM,90
PT202267,6,2026-04-21,OZEM,90
PT202267,7,2026-07-20,OZEM,90
PT202268,1,2026-01-03,MOUN,30
PT202268,2,2026-02-02,MOUN,30
PT202268,3,2026-03-04,MOUN,30
PT202268,4,2026-04-03,MOUN,90
PT202268,5,2026-07-02,MOUN,90
PT202270,1,2025-02-07,MOUN,30
PT202271,1,2025-04-20,OZEM,30
PT202271,2,2025-05-20,OZEM,30
PT202271,3,2025-06-26,OZEM,90
PT202271,4,2025-09-24,OZEM,90
PT202271,5,2025-12-23,OZEM,90
PT202271,6,2026-03-23,MOUN,30
PT202271,7,2026-05-07,MOUN,30
PT202271,8,2026-06-06,MOUN,90
PT202272,1,2025-01-29,MOUN,30
PT202272,2,2025-02-28,MOUN,30
PT202272,3,2025-03-30,MOUN,90
PT202272,4,2025-06-28,MOUN,90
PT202272,5,2025-09-26,MOUN,90
PT202272,6,2026-01-01,MOUN,30
PT202272,7,2026-01-31,MOUN,90
PT202272,8,2026-05-01,MOUN,30
PT202272,9,2026-05-31,MOUN,90
PT202272,10,2026-08-29,MOUN,90
PT202273,1,2026-03-19,MOUN,30
PT202273,2,2026-04-18,MOUN,30
PT202273,3,2026-05-25,MOUN,90
PT202273,4,2026-08-23,MOUN,90
PT202274,1,2025-11-28,MOUN,30
PT202274,2,2025-12-28,MOUN,30
PT202274,3,2026-01-27,MOUN,90
PT202274,4,2026-04-27,MOUN,30
PT202274,5,2026-05-30,MOUN,90
PT202275,1,2024-11-08,TRUL,30
PT202275,2,2024-12-08,TRUL,30
PT202275,3,2025-01-07,RYBL,30
PT202275,4,2025-02-09,RYBL,90
PT202276,1,2024-11-01,OZEM,30
PT202276,2,2024-12-01,OZEM,30
PT202276,3,2024-12-31,OZEM,30
PT202276,4,2025-01-30,OZEM,90
PT202276,5,2025-04-30,OZEM,30
PT202278,1,2026-03-08,MOUN,30
PT202278,2,2026-04-07,MOUN,30
PT202278,3,2026-05-07,MOUN,30
PT202278,4,2026-06-06,MOUN,90
PT202279,1,2025-04-09,TRUL,30
PT202279,2,2025-05-09,TRUL,30
PT202279,3,2025-05-28,TRUL,90
PT202282,1,2025-09-15,OZEM,30
PT202282,2,2025-10-15,OZEM,30
PT202282,3,2025-11-14,OZEM,30
PT202282,4,2025-12-17,OZEM,30
PT202282,5,2026-01-16,OZEM,30
PT202282,6,2026-02-15,OZEM,90
PT202282,7,2026-05-16,MOUN,90
PT202282,8,2026-08-17,MOUN,30
PT202283,1,2025-08-29,OZEM,30
PT202283,2,2025-09-28,OZEM,30
PT202283,3,2025-10-28,OZEM,90
PT202283,4,2026-02-10,OZEM,90
PT202283,5,2026-05-11,OZEM,90
PT202283,6,2026-08-09,OZEM,90
PT202284,1,2025-12-20,MOUN,30
PT202284,2,2026-01-19,MOUN,30
PT202284,3,2026-02-18,MOUN,90
PT202284,4,2026-05-26,MOUN,90
PT202284,5,2026-08-24,MOUN,90
PT202285,1,2025-06-08,TRUL,30
PT202285,2,2025-07-08,TRUL,30
PT202285,3,2025-08-07,TRUL,90
PT202285,4,2025-11-05,TRUL,90
PT202285,5,2026-02-03,TRUL,30
PT202285,6,2026-03-08,TRUL,90
PT202287,1,2024-11-06,TRUL,30
PT202287,2,2024-12-06,TRUL,30
PT202287,3,2025-01-05,TRUL,30
PT202287,4,2025-02-11,TRUL,90
PT202287,5,2025-05-12,TRUL,90
PT202287,6,2025-08-10,TRUL,90
PT202288,1,2024-12-21,TRUL,30
PT202288,2,2025-01-20,TRUL,30
PT202288,3,2025-02-19,TRUL,30
PT202288,4,2025-03-21,TRUL,90
PT202288,5,2025-06-19,TRUL,90
PT202288,6,2025-09-17,TRUL,30
PT202288,7,2025-10-20,TRUL,90
PT202288,8,2026-01-21,TRUL,90
PT202288,9,2026-04-21,TRUL,30
PT202288,10,2026-05-21,TRUL,90
PT202288,11,2026-08-19,TRUL,30
PT202289,1,2026-02-02,TRUL,30
PT202289,2,2026-03-04,TRUL,30
PT202289,3,2026-04-03,TRUL,90
PT202289,4,2026-07-02,TRUL,90
PT202290,1,2024-10-17,MOUN,30
PT202290,2,2024-11-16,MOUN,30
PT202290,3,2024-12-16,MOUN,90
PT202290,4,2025-03-16,MOUN,90
PT202290,5,2025-06-14,MOUN,90
PT202290,6,2025-09-12,MOUN,90
PT202290,7,2025-12-11,MOUN,30
PT202290,8,2026-01-13,MOUN,90
PT202290,9,2026-04-16,MOUN,30
PT202290,10,2026-05-16,MOUN,90
PT202291,1,2025-03-12,TRUL,30
PT202291,2,2025-04-11,TRUL,30
PT202291,3,2025-05-14,TRUL,30
PT202291,4,2025-06-13,TRUL,90
PT202291,5,2025-09-11,TRUL,30
PT202291,6,2025-10-11,TRUL,90
PT202291,7,2026-01-09,TRUL,90
PT202291,8,2026-04-09,TRUL,90
PT202291,9,2026-07-08,TRUL,90
PT202292,1,2024-11-22,MOUN,30
PT202292,2,2025-01-06,MOUN,30
PT202292,3,2025-02-08,MOUN,90
PT202292,4,2025-05-16,MOUN,90
PT202292,5,2025-08-17,MOUN,90
PT202292,6,2025-11-15,MOUN,90
PT202292,7,2026-02-28,MOUN,90
PT202292,8,2026-05-29,MOUN,90
PT202292,9,2026-08-27,MOUN,90
PT202293,1,2025-11-21,MOUN,30
PT202293,2,2025-12-21,MOUN,30
PT202293,3,2026-01-20,MOUN,90
PT202293,4,2026-04-23,MOUN,90
PT202293,5,2026-07-22,MOUN,30
PT202293,6,2026-08-21,MOUN,30
PT202294,1,2026-03-04,MOUN,30
PT202294,2,2026-04-03,MOUN,30
PT202294,3,2026-05-03,MOUN,30
PT202294,4,2026-06-02,MOUN,90
PT202295,1,2025-04-10,MOUN,30
PT202295,2,2025-05-25,MOUN,30
PT202295,3,2025-06-24,MOUN,90
PT202295,4,2025-09-22,MOUN,90
PT202295,5,2025-12-21,MOUN,90
PT202295,6,2026-03-28,MOUN,30
PT202295,7,2026-04-30,MOUN,30
PT202295,8,2026-05-30,MOUN,90
PT202295,9,2026-08-28,MOUN,30
PT202296,1,2025-04-26,MOUN,30
PT202296,2,2025-05-26,MOUN,30
PT202296,3,2025-06-28,MOUN,90
PT202296,4,2025-09-26,MOUN,30
PT202296,5,2025-10-26,MOUN,30
PT202296,6,2025-11-25,MOUN,90
PT202296,7,2026-02-23,MOUN,90
PT202296,8,2026-05-24,MOUN,90
PT202296,9,2026-08-25,MOUN,90
PT202297,1,2024-09-21,TRUL,30
PT202297,2,2024-10-21,TRUL,30
PT202297,3,2024-11-23,TRUL,30
PT202297,4,2024-12-23,TRUL,90
PT202297,5,2025-03-23,TRUL,90
PT202297,6,2025-06-21,TRUL,90
PT202297,7,2025-09-19,TRUL,90
PT202297,8,2025-12-18,TRUL,30
PT202297,9,2026-01-20,TRUL,90
PT202297,10,2026-04-20,TRUL,30
PT202297,11,2026-05-20,TRUL,90
PT202298,1,2024-09-12,OZEM,30
PT202298,2,2024-10-12,OZEM,30
PT202298,3,2024-11-11,OZEM,90
PT202298,4,2025-02-09,OZEM,90
PT202298,5,2025-05-10,OZEM,90
PT202298,6,2025-08-08,OZEM,90
PT202298,7,2025-11-06,OZEM,90
PT202298,8,2026-02-04,OZEM,90
PT202298,9,2026-05-05,OZEM,90
PT202298,10,2026-08-03,OZEM,90
PT202299,1,2024-10-21,MOUN,30
PT202299,2,2024-11-20,MOUN,30
PT202299,3,2024-12-27,MOUN,90
PT202299,4,2025-03-27,MOUN,90
PT202299,5,2025-06-25,MOUN,30
PT202299,6,2025-07-25,MOUN,90
PT202299,7,2025-10-23,MOUN,90
PT202299,8,2026-01-21,MOUN,30
PT202299,9,2026-02-20,MOUN,30
PT202299,10,2026-03-22,OZEM,90
PT202299,11,2026-06-20,RYBL,90
PT202300,1,2025-02-27,TRUL,30
PT202300,2,2025-03-29,TRUL,30
PT202300,3,2025-04-28,TRUL,90
PT202300,4,2025-07-27,TRUL,30
PT202300,5,2025-08-26,TRUL,90
PT202300,6,2025-12-01,TRUL,90
PT202300,7,2026-03-04,TRUL,90
PT202300,8,2026-06-05,OZEM,90
PT202303,1,2024-10-07,OZEM,30
PT202303,2,2024-11-06,OZEM,30
PT202303,3,2024-12-06,OZEM,90
PT202303,4,2025-03-06,MOUN,30
PT202303,5,2025-04-08,MOUN,90
PT202303,6,2025-07-07,MOUN,30
PT202303,7,2025-08-06,MOUN,30
PT202303,8,2025-09-05,MOUN,90
PT202303,9,2025-12-04,MOUN,90
PT202303,10,2026-03-04,MOUN,90
PT202303,11,2026-06-02,MOUN,30
PT202303,12,2026-07-02,MOUN,30
PT202304,1,2025-05-13,MOUN,30
PT202304,2,2025-06-12,MOUN,30
PT202304,3,2025-07-12,MOUN,90
PT202304,4,2025-10-10,MOUN,90
PT202305,1,2026-01-20,OZEM,30
PT202305,2,2026-02-22,OZEM,30
PT202305,3,2026-03-24,OZEM,90
PT202305,4,2026-06-22,OZEM,90
PT202306,1,2024-10-01,OZEM,30
PT202307,1,2025-08-21,MOUN,30
PT202307,2,2025-09-20,MOUN,30
PT202307,3,2025-10-20,MOUN,90
PT202307,4,2026-01-18,MOUN,90
PT202307,5,2026-04-25,TRUL,30
PT202307,6,2026-05-25,TRUL,90
PT202307,7,2026-08-23,TRUL,90
PT202308,1,2025-08-27,MOUN,30
PT202308,2,2025-09-26,MOUN,30
PT202308,3,2025-11-02,MOUN,30
PT202308,4,2025-12-02,MOUN,30
PT202308,5,2026-01-01,MOUN,90
PT202308,6,2026-04-04,MOUN,30
PT202308,7,2026-05-19,MOUN,30
PT202308,8,2026-06-18,MOUN,30
PT202308,9,2026-07-18,MOUN,90
PT202310,1,2026-01-30,TRUL,30
PT202310,2,2026-03-04,OZEM,30
PT202310,3,2026-04-03,OZEM,30
PT202311,1,2025-06-08,MOUN,30
PT202311,2,2025-07-08,MOUN,30
PT202311,3,2025-08-07,MOUN,90
PT202311,4,2025-11-05,MOUN,90
PT202311,5,2026-02-03,MOUN,90
PT202311,6,2026-05-04,MOUN,90
PT202311,7,2026-08-02,MOUN,90
PT202312,1,2026-02-05,OZEM,30
PT202312,2,2026-03-07,OZEM,30
PT202313,1,2025-06-13,MOUN,30
PT202313,2,2025-07-13,MOUN,30
PT202313,3,2025-08-12,MOUN,90
PT202313,4,2025-11-10,MOUN,90
PT202313,5,2026-02-08,MOUN,30
PT202313,6,2026-03-25,MOUN,90
PT202313,7,2026-06-23,MOUN,30
PT202314,1,2025-01-03,MOUN,30
PT202314,2,2025-02-02,MOUN,30
PT202314,3,2025-03-04,MOUN,90
PT202314,4,2025-06-02,MOUN,90
PT202314,5,2025-09-03,MOUN,90
PT202314,6,2025-12-05,MOUN,90
PT202314,7,2026-03-05,MOUN,30
PT202314,8,2026-04-04,MOUN,90
PT202314,9,2026-07-03,MOUN,30
PT202315,1,2025-09-28,OZEM,30
PT202316,1,2025-08-05,OZEM,30
PT202316,2,2025-09-04,OZEM,30
PT202316,3,2025-10-04,OZEM,90
PT202316,4,2026-01-02,OZEM,90
PT202317,1,2024-09-16,MOUN,30
PT202317,2,2024-10-16,MOUN,30
PT202317,3,2024-11-15,MOUN,30
PT202317,4,2024-12-15,MOUN,90
PT202317,5,2025-03-15,MOUN,90
PT202317,6,2025-06-13,MOUN,90
PT202317,7,2025-09-11,MOUN,30
PT202317,8,2025-10-14,MOUN,90
PT202317,9,2026-01-12,MOUN,90
PT202317,10,2026-04-12,MOUN,30
PT202318,1,2024-12-02,MOUN,30
PT202320,1,2024-12-22,OZEM,30
PT202320,2,2025-01-21,OZEM,30
PT202320,3,2025-02-27,OZEM,90
PT202320,4,2025-05-28,OZEM,30
PT202320,5,2025-06-30,OZEM,90
PT202320,6,2025-09-28,OZEM,30
PT202320,7,2025-10-28,OZEM,90
PT202320,8,2026-01-26,OZEM,90
PT202320,9,2026-04-26,OZEM,90
PT202320,10,2026-08-09,OZEM,30
PT202321,1,2025-11-04,MOUN,30
PT202321,2,2025-12-04,MOUN,30
PT202321,3,2026-01-03,MOUN,90
PT202321,4,2026-04-03,MOUN,90
PT202322,1,2025-06-15,MOUN,30
PT202322,2,2025-06-28,MOUN,30
PT202322,3,2025-07-28,MOUN,90
PT202322,4,2025-10-26,MOUN,90
PT202323,1,2025-02-24,RYBL,30
PT202323,2,2025-03-26,TRUL,30
PT202323,3,2025-04-25,TRUL,90
PT202323,4,2025-07-24,TRUL,30
PT202324,1,2025-10-18,MOUN,30
PT202325,1,2024-10-30,TRUL,30
PT202325,2,2024-11-19,TRUL,30
PT202325,3,2024-12-26,TRUL,90
PT202325,4,2025-03-26,TRUL,90
PT202325,5,2025-06-24,TRUL,30
PT202325,6,2025-07-24,TRUL,90
PT202326,1,2025-12-23,MOUN,30
PT202326,2,2026-01-22,MOUN,30
PT202326,3,2026-02-21,MOUN,90
PT202326,4,2026-05-22,MOUN,90
PT202326,5,2026-08-20,MOUN,30
PT202327,1,2025-02-21,OZEM,30
PT202327,2,2025-03-26,OZEM,30
PT202327,3,2025-04-25,OZEM,90
PT202327,4,2025-07-24,OZEM,90
PT202327,5,2025-10-22,OZEM,90
PT202327,6,2026-01-20,OZEM,90
PT202329,1,2025-11-06,MOUN,30
PT202329,2,2025-12-06,MOUN,30
PT202329,3,2026-01-05,MOUN,90
PT202329,4,2026-04-05,MOUN,90
PT202329,5,2026-07-04,MOUN,90
PT202330,1,2025-04-20,TRUL,30
PT202330,2,2025-05-10,TRUL,30
PT202331,1,2024-09-24,MOUN,30
PT202331,2,2024-10-24,MOUN,30
PT202331,3,2024-11-30,MOUN,90
PT202331,4,2025-03-15,MOUN,90
PT202331,5,2025-06-13,MOUN,30
PT202331,6,2025-07-13,MOUN,30
PT202331,7,2025-08-12,MOUN,90
PT202331,8,2025-11-10,MOUN,30
PT202331,9,2025-12-10,MOUN,90
PT202331,10,2026-03-10,MOUN,90
PT202331,11,2026-06-08,MOUN,30
PT202331,12,2026-07-08,MOUN,30
PT202331,13,2026-08-10,MOUN,30
PT202332,1,2026-02-14,MOUN,30
PT202332,2,2026-03-16,MOUN,30
PT202332,3,2026-04-15,MOUN,90
PT202332,4,2026-07-14,MOUN,90
PT202333,1,2024-12-12,OZEM,30
PT202333,2,2025-01-11,OZEM,30
PT202333,3,2025-02-10,OZEM,30
PT202334,1,2025-03-02,OZEM,30
PT202334,2,2025-04-01,OZEM,30
PT202334,3,2025-05-04,OZEM,90
PT202334,4,2025-08-02,OZEM,30
PT202334,5,2025-09-01,OZEM,30
PT202334,6,2025-10-01,OZEM,30
PT202334,7,2025-10-31,OZEM,90
PT202334,8,2026-02-01,OZEM,90
PT202334,9,2026-05-02,OZEM,30
PT202335,1,2025-12-13,OZEM,30
PT202335,2,2026-01-15,OZEM,30
PT202335,3,2026-02-14,MOUN,30
PT202335,4,2026-03-16,MOUN,30
PT202335,5,2026-04-15,MOUN,30
PT202335,6,2026-05-18,MOUN,30
PT202335,7,2026-06-17,MOUN,90
PT202336,1,2024-10-17,OZEM,30
PT202336,2,2024-11-16,OZEM,30
PT202336,3,2024-12-16,OZEM,90
PT202336,4,2025-03-16,OZEM,30
PT202336,5,2025-04-18,OZEM,30
PT202337,1,2026-03-17,TRUL,30
PT202338,1,2025-01-11,TRUL,30
PT202338,2,2025-02-10,TRUL,30
PT202338,3,2025-03-12,TRUL,90
PT202338,4,2025-06-13,TRUL,30
PT202338,5,2025-07-13,TRUL,90
PT202338,6,2025-10-11,TRUL,30
PT202338,7,2025-11-10,TRUL,30
PT202338,8,2025-12-10,TRUL,90
PT202338,9,2026-03-10,TRUL,90
PT202338,10,2026-06-08,TRUL,30
PT202338,11,2026-07-08,OZEM,90
PT202339,1,2025-12-20,TRUL,30
PT202339,2,2026-01-19,TRUL,30
PT202340,1,2025-12-22,TRUL,30
PT202340,2,2026-01-21,TRUL,30
PT202340,3,2026-02-20,OZEM,90
PT202340,4,2026-05-21,OZEM,30
PT202340,5,2026-06-20,OZEM,90
PT202341,1,2025-11-26,RYBL,30
PT202341,2,2025-12-26,RYBL,30
PT202341,3,2026-01-25,RYBL,90
PT202341,4,2026-04-25,RYBL,90
PT202341,5,2026-07-24,RYBL,90
PT202342,1,2025-06-18,OZEM,30
PT202342,2,2025-07-18,OZEM,30
PT202342,3,2025-08-17,OZEM,90
PT202342,4,2025-11-15,OZEM,90
PT202342,5,2026-02-13,OZEM,90
PT202342,6,2026-05-14,OZEM,90
PT202342,7,2026-08-12,OZEM,90
PT202343,1,2025-02-10,MOUN,30
PT202343,2,2025-03-12,OZEM,30
PT202343,3,2025-04-14,OZEM,90
PT202343,4,2025-07-13,OZEM,90
PT202343,5,2025-10-26,OZEM,90
PT202343,6,2026-01-24,OZEM,90
PT202343,7,2026-04-24,OZEM,90
PT202343,8,2026-07-23,OZEM,30
PT202343,9,2026-08-29,OZEM,90
PT202344,1,2025-07-31,MOUN,30
PT202344,2,2025-08-30,MOUN,30
PT202344,3,2025-09-29,MOUN,30
PT202344,4,2025-10-29,MOUN,30
PT202344,5,2025-12-01,MOUN,30
PT202344,6,2025-12-31,RYBL,30
PT202346,1,2026-02-03,OZEM,30
PT202346,2,2026-03-05,OZEM,30
PT202346,3,2026-04-04,OZEM,90
PT202346,4,2026-07-18,OZEM,90
PT202347,1,2025-03-31,TRUL,30
PT202347,2,2025-04-30,MOUN,30
PT202347,3,2025-05-30,MOUN,90
PT202347,4,2025-08-28,MOUN,90
PT202347,5,2025-11-26,MOUN,30
PT202347,6,2025-12-29,MOUN,90
PT202347,7,2026-03-29,MOUN,30
PT202347,8,2026-04-28,MOUN,90
PT202348,1,2024-10-20,MOUN,30
PT202348,2,2024-11-19,MOUN,30
PT202348,3,2024-12-26,MOUN,30
PT202348,4,2025-01-25,MOUN,30
PT202348,5,2025-02-24,MOUN,30
PT202348,6,2025-03-26,MOUN,90
PT202348,7,2025-06-24,MOUN,90
PT202348,8,2025-09-22,MOUN,90
PT202348,9,2025-12-21,MOUN,90
PT202348,10,2026-03-21,MOUN,30
PT202348,11,2026-04-20,MOUN,30
PT202348,12,2026-05-20,MOUN,90
PT202348,13,2026-08-18,MOUN,30
PT202349,1,2026-03-09,MOUN,30
PT202349,2,2026-04-08,MOUN,30
PT202349,3,2026-05-08,MOUN,90
PT202349,4,2026-08-06,MOUN,90
PT202350,1,2025-03-13,OZEM,30
PT202350,2,2025-04-12,OZEM,30
PT202350,3,2025-04-27,OZEM,30
PT202350,4,2025-05-27,OZEM,90
PT202351,1,2025-11-27,MOUN,30
PT202351,2,2025-12-27,MOUN,30
PT202351,3,2026-02-02,MOUN,90
PT202351,4,2026-05-03,MOUN,30
PT202351,5,2026-06-02,MOUN,30
PT202351,6,2026-07-02,OZEM,30
PT202351,7,2026-08-01,OZEM,90
PT202352,1,2025-05-16,MOUN,30
PT202352,2,2025-06-15,MOUN,30
PT202352,3,2025-07-18,MOUN,90
PT202352,4,2025-10-16,MOUN,30
PT202352,5,2025-11-15,MOUN,90
PT202352,6,2026-02-20,MOUN,30
PT202352,7,2026-03-22,MOUN,90
PT202352,8,2026-06-20,MOUN,30
PT202352,9,2026-07-20,MOUN,30
PT202352,10,2026-08-19,MOUN,90
PT202353,1,2024-11-09,MOUN,30
PT202354,1,2026-01-03,MOUN,30
PT202354,2,2026-02-09,MOUN,30
PT202355,1,2025-12-21,TRUL,30
PT202355,2,2026-01-20,TRUL,30
PT202355,3,2026-02-19,TRUL,30
PT202355,4,2026-03-21,TRUL,90
PT202355,5,2026-07-04,TRUL,90
PT202357,1,2025-07-06,OZEM,30
PT202357,2,2025-08-20,OZEM,30
PT202357,3,2025-09-19,OZEM,30
PT202357,4,2025-10-19,RYBL,90
PT202358,1,2025-09-10,OZEM,30
PT202358,2,2025-10-13,OZEM,30
PT202358,3,2025-11-12,OZEM,30
PT202358,4,2025-12-12,OZEM,90
PT202359,1,2025-05-05,OZEM,30
PT202359,2,2025-06-04,OZEM,30
PT202359,3,2025-07-04,OZEM,30
PT202359,4,2025-08-18,OZEM,90
PT202359,5,2025-11-16,OZEM,30
PT202359,6,2025-12-16,OZEM,90
PT202359,7,2026-03-23,OZEM,30
PT202359,8,2026-04-22,OZEM,90
PT202359,9,2026-07-21,MOUN,90
PT202360,1,2025-06-18,MOUN,30
PT202360,2,2025-07-18,MOUN,30
PT202360,3,2025-08-17,MOUN,90
PT202360,4,2025-11-22,MOUN,90
PT202360,5,2026-02-20,MOUN,30
PT202360,6,2026-03-22,MOUN,30
PT202361,1,2025-02-27,TRUL,30
PT202361,2,2025-04-05,TRUL,30
PT202361,3,2025-05-05,TRUL,90
PT202361,4,2025-08-03,TRUL,30
PT202362,1,2025-12-29,MOUN,30
PT202364,1,2025-09-02,MOUN,30
PT202364,2,2025-10-02,OZEM,30
PT202364,3,2025-11-01,OZEM,30
PT202364,4,2025-12-01,OZEM,30
PT202364,5,2025-12-31,OZEM,90
PT202364,6,2026-03-31,OZEM,90
PT202364,7,2026-07-14,MOUN,30
PT202364,8,2026-08-13,MOUN,30
PT202365,1,2024-12-29,MOUN,30
PT202365,2,2025-01-10,MOUN,30
PT202365,3,2025-02-09,MOUN,90
PT202365,4,2025-05-10,MOUN,90
PT202365,5,2025-05-26,MOUN,90
PT202365,6,2025-09-08,MOUN,90
PT202365,7,2025-12-07,MOUN,90
PT202365,8,2026-03-07,MOUN,30
PT202365,9,2026-04-09,MOUN,30
PT202365,10,2026-05-24,MOUN,90
PT202366,1,2025-12-18,OZEM,30
PT202366,2,2026-01-20,OZEM,30
PT202366,3,2026-02-19,OZEM,90
PT202366,4,2026-05-27,OZEM,90
PT202366,5,2026-08-25,OZEM,90
PT202367,1,2025-12-09,MOUN,30
PT202367,2,2026-01-08,MOUN,30
PT202367,3,2026-02-14,MOUN,30
PT202367,4,2026-03-16,MOUN,90
PT202367,5,2026-06-14,MOUN,90
PT202368,1,2024-09-29,MOUN,30
PT202368,2,2024-10-29,MOUN,30
PT202368,3,2024-12-05,MOUN,90
PT202368,4,2025-03-12,TRUL,30
PT202368,5,2025-04-11,TRUL,90
PT202368,6,2025-07-10,TRUL,30
PT202369,1,2024-12-16,TRUL,30
PT202369,2,2025-01-15,TRUL,30
PT202369,3,2025-02-14,TRUL,30
PT202369,4,2025-03-16,TRUL,90
PT202369,5,2025-06-14,TRUL,90
PT202369,6,2025-09-12,TRUL,30
PT202369,7,2025-10-15,TRUL,90
PT202371,1,2025-09-13,MOUN,30
PT202371,2,2025-10-13,MOUN,30
PT202371,3,2025-11-12,MOUN,30
PT202371,4,2025-12-15,MOUN,90
PT202371,5,2026-03-15,MOUN,90
PT202371,6,2026-06-13,MOUN,90
PT202372,1,2024-12-16,TRUL,30
PT202373,1,2025-12-16,MOUN,30
PT202373,2,2026-01-18,MOUN,30
PT202373,3,2026-02-17,MOUN,30
PT202373,4,2026-03-22,MOUN,30
PT202373,5,2026-04-21,MOUN,90
PT202373,6,2026-07-20,MOUN,90
PT202374,1,2025-12-27,OZEM,30
PT202374,2,2026-01-26,OZEM,30
PT202374,3,2026-02-25,OZEM,90
PT202374,4,2026-05-26,OZEM,90
PT202374,5,2026-08-24,OZEM,30
PT202375,1,2025-10-03,TRUL,30
PT202375,2,2025-11-02,TRUL,30
PT202375,3,2025-12-02,TRUL,90
PT202375,4,2026-03-02,TRUL,90
PT202375,5,2026-05-31,TRUL,30
PT202375,6,2026-06-30,TRUL,30
PT202375,7,2026-07-30,MOUN,90
PT202376,1,2025-04-30,TRUL,30
PT202376,2,2025-05-30,TRUL,30
PT202376,3,2025-07-02,TRUL,30
PT202376,4,2025-08-01,TRUL,30
PT202376,5,2025-08-31,TRUL,30
PT202376,6,2025-09-30,TRUL,90
PT202376,7,2025-12-29,TRUL,90
PT202376,8,2026-03-29,TRUL,90
PT202376,9,2026-06-30,TRUL,30
PT202376,10,2026-07-30,TRUL,30
PT202376,11,2026-08-29,TRUL,90
PT202377,1,2025-02-17,MOUN,30
PT202377,2,2025-03-19,MOUN,30
PT202377,3,2025-04-18,MOUN,30
PT202377,4,2025-05-18,MOUN,90
PT202377,5,2025-08-16,MOUN,90
PT202378,1,2025-06-03,OZEM,30
PT202378,2,2025-07-03,OZEM,30
PT202378,3,2025-08-02,OZEM,30
PT202378,4,2025-09-01,OZEM,90
PT202378,5,2025-11-30,OZEM,90
PT202378,6,2026-02-28,OZEM,90
PT202378,7,2026-05-29,OZEM,90
PT202378,8,2026-08-27,OZEM,30
PT202379,1,2025-06-30,OZEM,30
PT202379,2,2025-07-30,OZEM,30
PT202379,3,2025-08-29,OZEM,90
PT202379,4,2025-11-27,OZEM,30
PT202379,5,2025-12-27,OZEM,90
PT202379,6,2026-03-27,OZEM,90
PT202379,7,2026-06-25,OZEM,90
PT202380,1,2025-03-08,MOUN,30
PT202380,2,2025-04-07,MOUN,30
PT202380,3,2025-05-07,MOUN,30
PT202380,4,2025-06-06,MOUN,90
PT202380,5,2025-09-19,MOUN,90
PT202381,1,2025-10-30,OZEM,30
PT202381,2,2025-11-29,OZEM,30
PT202381,3,2025-12-29,OZEM,90
PT202381,4,2026-03-29,OZEM,90
PT202381,5,2026-06-30,OZEM,30
PT202381,6,2026-07-30,OZEM,90
PT202382,1,2024-09-21,MOUN,30
PT202382,2,2024-10-21,MOUN,30
PT202382,3,2024-11-20,MOUN,90
PT202382,4,2025-02-18,MOUN,90
PT202382,5,2025-05-19,MOUN,90
PT202382,6,2025-08-17,MOUN,30
PT202382,7,2025-09-16,MOUN,90
PT202382,8,2025-12-15,MOUN,90
PT202382,9,2026-03-30,MOUN,90
PT202382,10,2026-06-28,MOUN,90
PT202383,1,2025-10-15,MOUN,30
PT202383,2,2025-11-21,MOUN,30
PT202383,3,2025-12-21,MOUN,90
PT202383,4,2026-03-21,MOUN,30
PT202383,5,2026-04-20,MOUN,90
PT202383,6,2026-07-19,MOUN,30
PT202383,7,2026-08-18,MOUN,30
PT202385,1,2024-12-09,TRUL,30
PT202385,2,2025-01-08,TRUL,30
PT202385,3,2025-02-07,TRUL,30
PT202385,4,2025-03-09,TRUL,90
PT202386,1,2026-02-20,MOUN,30
PT202386,2,2026-03-22,MOUN,30
PT202387,1,2025-02-03,MOUN,30
PT202387,2,2025-03-05,MOUN,30
PT202387,3,2025-04-11,MOUN,30
PT202387,4,2025-05-11,MOUN,30
PT202387,5,2025-06-25,MOUN,90
PT202387,6,2025-07-09,MOUN,90
PT202387,7,2025-10-14,MOUN,90
PT202388,1,2024-11-22,OZEM,30
PT202388,2,2024-12-22,OZEM,30
PT202388,3,2025-01-21,OZEM,30
PT202388,4,2025-02-20,OZEM,90
PT202388,5,2025-05-24,OZEM,90
PT202388,6,2025-08-22,OZEM,90
PT202388,7,2025-11-20,OZEM,90
PT202388,8,2026-02-18,OZEM,90
PT202388,9,2026-05-19,OZEM,30
PT202388,10,2026-06-18,OZEM,90
PT202389,1,2025-08-14,TRUL,30
PT202389,2,2025-09-13,TRUL,30
PT202389,3,2025-10-13,OZEM,90
PT202389,4,2026-01-11,OZEM,90
PT202389,5,2026-04-14,OZEM,90
PT202389,6,2026-07-13,OZEM,30
PT202389,7,2026-07-25,OZEM,30
PT202389,8,2026-08-24,OZEM,30
PT202390,1,2024-12-12,TRUL,30
PT202390,2,2025-01-11,TRUL,30
PT202390,3,2025-02-10,TRUL,90
PT202390,4,2025-05-18,TRUL,30
PT202390,5,2025-06-17,TRUL,90
PT202390,6,2025-09-22,TRUL,30
PT202390,7,2025-10-22,TRUL,90
PT202390,8,2026-01-20,TRUL,30
PT202390,9,2026-02-22,MOUN,30
PT202390,10,2026-03-24,MOUN,90
PT202390,11,2026-06-25,MOUN,90
PT202391,1,2025-10-14,TRUL,30
PT202391,2,2025-11-13,TRUL,30
PT202392,1,2025-08-23,TRUL,30
PT202392,2,2025-09-22,TRUL,30
PT202392,3,2025-10-22,TRUL,90
PT202392,4,2026-01-23,TRUL,30
PT202392,5,2026-02-22,TRUL,30
PT202392,6,2026-03-24,TRUL,90
PT202392,7,2026-06-22,TRUL,90
PT202393,1,2025-09-18,OZEM,30
PT202393,2,2025-10-18,OZEM,30
PT202393,3,2025-11-17,OZEM,30
PT202393,4,2025-12-17,OZEM,90
PT202393,5,2026-03-17,OZEM,30
PT202393,6,2026-04-19,OZEM,90
PT202393,7,2026-07-18,OZEM,90
PT202394,1,2025-06-29,MOUN,30
PT202394,2,2025-07-29,MOUN,30
PT202394,3,2025-08-28,MOUN,30
PT202395,1,2024-12-31,MOUN,30
PT202395,2,2025-02-02,MOUN,30
PT202395,3,2025-03-04,MOUN,90
PT202395,4,2025-06-02,MOUN,30
PT202395,5,2025-07-05,MOUN,30
PT202395,6,2025-08-07,MOUN,90
PT202396,1,2025-11-28,OZEM,30
PT202396,2,2025-12-28,OZEM,30
PT202396,3,2026-01-30,MOUN,30
PT202396,4,2026-03-01,MOUN,30
PT202396,5,2026-03-31,MOUN,30
PT202396,6,2026-05-03,MOUN,30
PT202396,7,2026-06-02,MOUN,30
PT202396,8,2026-07-02,MOUN,90
PT202398,1,2025-01-10,MOUN,30
PT202398,2,2025-02-09,MOUN,30
PT202398,3,2025-03-14,MOUN,90
PT202398,4,2025-06-12,MOUN,90
PT202398,5,2025-09-10,MOUN,30
PT202398,6,2025-10-10,MOUN,30
PT202398,7,2025-11-09,MOUN,90
PT202398,8,2026-02-07,MOUN,30
PT202398,9,2026-03-16,MOUN,30
PT202398,10,2026-04-15,MOUN,90
PT202398,11,2026-07-14,MOUN,90
PT202399,1,2026-02-04,TRUL,30
PT202400,1,2025-06-11,OZEM,30
PT202400,2,2025-07-18,OZEM,30
PT202400,3,2025-08-17,OZEM,90
PT202400,4,2025-11-15,OZEM,30
PT202400,5,2025-12-22,OZEM,90
PT202400,6,2026-03-22,OZEM,30
PT202401,1,2024-10-10,OZEM,30
PT202401,2,2024-11-12,OZEM,30
PT202401,3,2024-12-15,OZEM,90
PT202401,4,2025-03-15,OZEM,90
PT202401,5,2025-06-20,OZEM,30
PT202401,6,2025-07-20,OZEM,90
PT202401,7,2025-10-21,OZEM,90
PT202401,8,2026-01-19,OZEM,90
PT202401,9,2026-04-19,OZEM,90
PT202401,10,2026-07-18,OZEM,90
PT202404,1,2025-01-18,TRUL,30
PT202407,1,2025-06-26,TRUL,30
PT202408,1,2025-09-15,TRUL,30
PT202408,2,2025-10-15,TRUL,30
PT202408,3,2025-11-14,TRUL,90
PT202408,4,2026-02-12,TRUL,90
PT202408,5,2026-05-28,TRUL,90
PT202409,1,2024-10-30,MOUN,30
PT202410,1,2025-07-18,TRUL,30
PT202410,2,2025-08-24,TRUL,30
PT202410,3,2025-09-23,TRUL,90
PT202411,1,2026-02-14,TRUL,30
PT202411,2,2026-03-16,TRUL,30
PT202411,3,2026-04-30,TRUL,30
PT202411,4,2026-05-30,TRUL,90
PT202412,1,2025-06-23,OZEM,30
PT202412,2,2025-07-23,OZEM,30
PT202412,3,2025-08-22,OZEM,30
PT202412,4,2025-09-21,OZEM,30
PT202412,5,2025-11-05,OZEM,90
PT202412,6,2026-02-10,OZEM,90
PT202412,7,2026-05-11,OZEM,90
PT202412,8,2026-08-16,OZEM,90
PT202413,1,2025-06-23,MOUN,30
PT202413,2,2025-07-23,MOUN,30
PT202413,3,2025-08-22,MOUN,90
PT202413,4,2025-11-27,MOUN,90
PT202413,5,2026-02-25,MOUN,90
PT202413,6,2026-05-26,MOUN,90
PT202413,7,2026-08-24,MOUN,90
PT202414,1,2024-10-24,MOUN,30
PT202414,2,2024-11-26,MOUN,30
PT202414,3,2024-12-29,TRUL,90
PT202414,4,2025-04-13,TRUL,90
PT202414,5,2025-07-12,TRUL,90
PT202414,6,2025-10-10,TRUL,90
PT202414,7,2026-01-08,TRUL,30
PT202414,8,2026-02-07,TRUL,30
PT202414,9,2026-03-09,RYBL,90
PT202414,10,2026-06-07,RYBL,30
PT202414,11,2026-07-07,RYBL,90
PT202415,1,2025-12-04,RYBL,30
PT202415,2,2026-01-03,RYBL,30
PT202415,3,2026-02-02,RYBL,90
PT202415,4,2026-05-06,RYBL,30
PT202415,5,2026-06-05,OZEM,90
PT202416,1,2026-01-31,MOUN,30
PT202416,2,2026-03-02,MOUN,30
PT202416,3,2026-04-01,MOUN,90
PT202416,4,2026-07-03,MOUN,30
PT202416,5,2026-08-02,MOUN,90
PT202417,1,2025-01-03,TRUL,30
PT202417,2,2025-02-02,TRUL,30
PT202417,3,2025-03-04,TRUL,90
PT202417,4,2025-06-05,TRUL,90
PT202417,5,2025-09-18,TRUL,90
PT202417,6,2025-12-20,TRUL,90
PT202417,7,2026-03-20,TRUL,90
PT202417,8,2026-07-03,TRUL,30
PT202417,9,2026-08-02,TRUL,30
PT202418,1,2024-10-12,MOUN,30
PT202418,2,2024-11-11,MOUN,30
PT202418,3,2024-12-11,MOUN,90
PT202418,4,2025-03-11,MOUN,90
PT202418,5,2025-06-09,MOUN,90
PT202419,1,2025-02-22,TRUL,30
PT202419,2,2025-03-24,TRUL,30
PT202419,3,2025-04-23,TRUL,30
PT202419,4,2025-05-23,TRUL,30
PT202419,5,2025-06-22,TRUL,90
PT202419,6,2025-09-20,TRUL,30
PT202419,7,2025-10-20,TRUL,90
PT202419,8,2026-01-18,TRUL,30
PT202419,9,2026-02-17,TRUL,30
PT202419,10,2026-03-19,TRUL,30
PT202419,11,2026-04-18,TRUL,30
PT202419,12,2026-05-18,TRUL,90
PT202419,13,2026-08-23,TRUL,90
PT202420,1,2024-10-15,OZEM,30
PT202420,2,2024-11-14,OZEM,30
PT202420,3,2024-12-14,OZEM,90
PT202421,1,2024-11-16,TRUL,30
PT202421,2,2024-12-16,TRUL,30
PT202421,3,2025-01-30,TRUL,90
PT202421,4,2025-05-07,TRUL,90
PT202421,5,2025-08-05,TRUL,90
PT202421,6,2025-11-03,TRUL,30
PT202421,7,2025-12-03,TRUL,30
PT202421,8,2026-01-02,TRUL,90
PT202421,9,2026-04-09,TRUL,90
PT202422,1,2025-05-17,TRUL,30
PT202422,2,2025-06-16,TRUL,30
PT202422,3,2025-07-19,TRUL,30
PT202422,4,2025-08-18,TRUL,30
PT202423,1,2024-10-17,OZEM,30
PT202423,2,2024-11-16,OZEM,30
PT202423,3,2024-12-16,OZEM,90
PT202423,4,2025-03-16,OZEM,30
PT202423,5,2025-04-15,OZEM,30
PT202423,6,2025-05-15,OZEM,90
PT202423,7,2025-08-13,OZEM,30
PT202423,8,2025-09-12,OZEM,30
PT202423,9,2025-10-12,MOUN,90
PT202423,10,2026-01-10,MOUN,90
PT202423,11,2026-04-10,MOUN,30
PT202424,1,2024-10-15,OZEM,30
PT202424,2,2024-11-14,OZEM,30
PT202424,3,2024-12-29,OZEM,90
PT202424,4,2025-03-29,OZEM,90
PT202424,5,2025-06-27,OZEM,30
PT202424,6,2025-07-27,OZEM,90
PT202424,7,2025-10-25,OZEM,30
PT202424,8,2025-12-01,OZEM,30
PT202424,9,2026-01-15,OZEM,90
PT202424,10,2026-04-15,OZEM,90
PT202424,11,2026-07-14,OZEM,90
PT202425,1,2025-09-12,MOUN,30
PT202425,2,2025-10-12,MOUN,30
PT202425,3,2025-11-11,MOUN,90
PT202425,4,2026-02-16,MOUN,90
PT202425,5,2026-05-17,MOUN,90
PT202425,6,2026-08-15,MOUN,30
PT202426,1,2024-11-01,RYBL,30
PT202426,2,2024-12-01,RYBL,30
PT202426,3,2024-12-31,RYBL,90
PT202426,4,2025-03-31,RYBL,30
PT202426,5,2025-04-30,RYBL,30
PT202427,1,2024-09-20,OZEM,30
PT202427,2,2024-10-20,OZEM,30
PT202427,3,2024-11-19,OZEM,30
PT202427,4,2025-01-03,OZEM,30
PT202427,5,2025-02-02,OZEM,30
PT202427,6,2025-03-04,OZEM,90
PT202427,7,2025-06-02,OZEM,30
PT202427,8,2025-06-19,OZEM,90
PT202427,9,2025-09-17,OZEM,30
PT202427,10,2025-10-17,OZEM,90
PT202427,11,2026-01-18,OZEM,90
PT202427,12,2026-04-18,OZEM,30
PT202427,13,2026-05-18,OZEM,90
PT202427,14,2026-08-16,OZEM,90
PT202429,1,2024-09-25,OZEM,30
PT202429,2,2024-10-25,OZEM,30
PT202429,3,2024-11-24,OZEM,30
PT202429,4,2024-12-24,OZEM,30
PT202429,5,2025-01-23,OZEM,90
PT202429,6,2025-04-23,OZEM,90
PT202429,7,2025-07-22,OZEM,30
PT202429,8,2025-08-28,MOUN,30
PT202429,9,2025-09-27,MOUN,90
PT202429,10,2025-12-26,MOUN,30
PT202429,11,2026-01-25,MOUN,90
PT202429,12,2026-04-28,MOUN,90
PT202429,13,2026-07-27,MOUN,90
PT202430,1,2025-12-18,TRUL,30
PT202430,2,2026-01-17,TRUL,30
PT202430,3,2026-02-16,TRUL,30
PT202430,4,2026-03-18,TRUL,90
PT202430,5,2026-06-16,TRUL,90
PT202431,1,2025-02-11,TRUL,30
PT202431,2,2025-03-13,TRUL,30
PT202431,3,2025-04-12,TRUL,90
PT202431,4,2025-05-02,TRUL,90
PT202431,5,2025-07-31,TRUL,30
PT202432,1,2025-08-16,OZEM,30
PT202432,2,2025-09-15,OZEM,30
PT202432,3,2025-10-15,OZEM,90
PT202432,4,2026-01-13,OZEM,90
PT202432,5,2026-04-13,OZEM,90
PT202432,6,2026-07-12,OZEM,90
PT202433,1,2024-10-15,MOUN,30
PT202433,2,2024-11-14,MOUN,30
PT202433,3,2024-12-14,MOUN,30
PT202433,4,2025-01-13,MOUN,30
PT202433,5,2025-02-12,MOUN,90
PT202433,6,2025-05-16,MOUN,90
PT202433,7,2025-08-14,MOUN,30
PT202433,8,2025-09-13,MOUN,90
PT202433,9,2025-12-19,MOUN,90
PT202434,1,2024-12-02,MOUN,30
PT202434,2,2025-01-01,MOUN,30
PT202434,3,2025-01-31,MOUN,90
PT202434,4,2025-05-01,MOUN,30
PT202434,5,2025-05-31,MOUN,30
PT202434,6,2025-06-30,OZEM,90
PT202435,1,2025-11-29,RYBL,30
PT202435,2,2025-12-29,RYBL,30
PT202435,3,2026-02-04,RYBL,30
PT202435,4,2026-03-09,RYBL,30
PT202436,1,2025-05-26,MOUN,30
PT202436,2,2025-06-28,MOUN,30
PT202436,3,2025-07-28,MOUN,30
PT202436,4,2025-08-30,OZEM,90
PT202436,5,2025-11-28,OZEM,30
PT202437,1,2025-09-18,OZEM,30
PT202437,2,2025-10-18,OZEM,30
PT202437,3,2025-11-17,OZEM,30
PT202437,4,2025-12-17,OZEM,90
PT202437,5,2026-03-17,OZEM,90
PT202437,6,2026-06-15,MOUN,30
PT202437,7,2026-07-15,MOUN,30
PT202437,8,2026-08-14,MOUN,30
PT202438,1,2025-10-10,MOUN,30
PT202439,1,2025-10-23,MOUN,30
PT202440,1,2026-01-31,OZEM,30
PT202440,2,2026-03-02,MOUN,30
PT202440,3,2026-04-01,MOUN,90
PT202440,4,2026-06-30,MOUN,90
PT202441,1,2025-11-24,MOUN,30
PT202441,2,2026-01-08,MOUN,30
PT202441,3,2026-01-18,MOUN,30
PT202441,4,2026-02-17,MOUN,30
PT202441,5,2026-03-19,MOUN,90
PT202441,6,2026-06-17,MOUN,90
PT202442,1,2025-08-26,MOUN,30
PT202442,2,2025-09-25,MOUN,30
PT202442,3,2025-10-25,MOUN,30
PT202442,4,2025-11-24,MOUN,30
PT202442,5,2025-12-24,MOUN,90
PT202442,6,2026-03-24,MOUN,90
PT202442,7,2026-06-29,MOUN,90
PT202443,1,2026-01-06,TRUL,30
PT202443,2,2026-02-20,TRUL,30
PT202443,3,2026-03-25,MOUN,90
PT202443,4,2026-06-23,MOUN,90
PT202444,1,2024-09-13,MOUN,30
PT202444,2,2024-10-13,MOUN,30
PT202444,3,2024-11-12,MOUN,90
PT202444,4,2025-02-10,MOUN,90
PT202444,5,2025-05-11,MOUN,90
PT202444,6,2025-08-12,MOUN,90
PT202444,7,2025-11-10,MOUN,30
PT202445,1,2025-07-07,MOUN,30
PT202445,2,2025-08-06,MOUN,30
PT202445,3,2025-09-05,MOUN,30
PT202445,4,2025-10-05,MOUN,90
PT202445,5,2026-01-03,MOUN,90
PT202445,6,2026-04-03,MOUN,30
PT202445,7,2026-05-03,MOUN,30
PT202445,8,2026-06-02,MOUN,30
PT202445,9,2026-07-02,MOUN,90
PT202446,1,2025-01-04,MOUN,30
PT202446,2,2025-02-03,MOUN,30
PT202446,3,2025-03-05,MOUN,90
PT202446,4,2025-06-03,MOUN,90
PT202447,1,2025-11-19,MOUN,30
PT202447,2,2025-12-19,MOUN,30
PT202447,3,2026-01-18,MOUN,90
PT202447,4,2026-04-18,MOUN,90
PT202448,1,2024-11-13,TRUL,30
PT202448,2,2024-12-13,TRUL,30
PT202448,3,2025-01-27,TRUL,90
PT202448,4,2025-04-27,TRUL,90
PT202448,5,2025-07-26,TRUL,90
PT202448,6,2025-10-24,TRUL,90
PT202448,7,2026-01-22,TRUL,30
PT202448,8,2026-02-28,TRUL,30
PT202448,9,2026-03-30,OZEM,90
PT202448,10,2026-07-05,OZEM,90
PT202449,1,2026-03-07,MOUN,30
PT202449,2,2026-04-06,MOUN,30
PT202449,3,2026-05-06,MOUN,30
PT202449,4,2026-06-05,MOUN,90
PT202450,1,2026-01-23,TRUL,30
PT202450,2,2026-02-22,TRUL,30
PT202450,3,2026-03-24,TRUL,90
PT202450,4,2026-06-22,TRUL,90
PT202451,1,2026-02-08,MOUN,30
PT202452,1,2025-01-09,TRUL,30
PT202452,2,2025-02-08,TRUL,30
PT202452,3,2025-03-10,TRUL,30
PT202452,4,2025-04-12,TRUL,30
PT202452,5,2025-05-19,TRUL,90
PT202453,1,2025-11-10,TRUL,30
PT202453,2,2025-12-10,TRUL,30
PT202453,3,2026-01-09,TRUL,90
PT202453,4,2026-04-09,TRUL,30
PT202453,5,2026-05-09,TRUL,30
PT202454,1,2025-12-31,MOUN,30
PT202454,2,2026-01-30,MOUN,30
PT202454,3,2026-03-01,MOUN,30
PT202455,1,2024-12-02,MOUN,30
PT202455,2,2025-01-01,MOUN,30
PT202455,3,2025-01-31,MOUN,90
PT202455,4,2025-05-01,MOUN,90
PT202455,5,2025-08-14,MOUN,90
PT202455,6,2025-11-12,MOUN,30
PT202456,1,2025-10-29,MOUN,30
PT202456,2,2025-11-28,MOUN,30
PT202456,3,2025-12-28,MOUN,90
PT202456,4,2026-03-28,MOUN,90
PT202456,5,2026-06-26,MOUN,90
PT202457,1,2026-02-23,MOUN,30
PT202457,2,2026-03-25,MOUN,30
PT202457,3,2026-04-24,MOUN,90
PT202457,4,2026-07-23,MOUN,90
PT202458,1,2025-05-09,RYBL,30
PT202458,2,2025-06-08,RYBL,30
PT202458,3,2025-07-11,RYBL,90
PT202458,4,2025-10-09,RYBL,30
PT202458,5,2025-11-15,RYBL,90
PT202459,1,2025-04-21,RYBL,30
PT202459,2,2025-05-28,RYBL,30
PT202459,3,2025-06-27,RYBL,30
PT202459,4,2025-08-11,RYBL,30
PT202459,5,2025-09-10,RYBL,90
PT202459,6,2025-12-09,RYBL,30
PT202459,7,2026-01-08,RYBL,90
PT202460,1,2025-02-23,MOUN,30
PT202461,1,2025-11-13,OZEM,30
PT202461,2,2025-12-13,OZEM,30
PT202461,3,2026-01-12,OZEM,90
PT202461,4,2026-04-12,OZEM,90
PT202461,5,2026-07-11,OZEM,30
PT202461,6,2026-08-25,OZEM,90
PT202462,1,2026-03-12,MOUN,30
PT202462,2,2026-04-11,MOUN,30
PT202462,3,2026-05-11,MOUN,90
PT202462,4,2026-08-09,MOUN,90
PT202463,1,2024-12-26,TRUL,30
PT202463,2,2025-01-25,TRUL,30
PT202463,3,2025-02-24,TRUL,30
PT202463,4,2025-03-26,TRUL,90
PT202463,5,2025-06-24,TRUL,30
PT202463,6,2025-07-31,TRUL,90
PT202464,1,2025-10-20,MOUN,30
PT202464,2,2025-11-19,MOUN,30
PT202464,3,2025-12-19,MOUN,90
PT202465,1,2025-10-10,TRUL,30
PT202465,2,2025-11-09,TRUL,30
PT202465,3,2025-12-09,TRUL,90
PT202465,4,2026-03-09,TRUL,90
PT202465,5,2026-06-07,TRUL,90
PT202466,1,2024-10-06,OZEM,30
PT202466,2,2024-11-05,OZEM,30
PT202466,3,2024-11-22,OZEM,30
PT202466,4,2024-12-22,OZEM,90
PT202467,1,2025-03-07,TRUL,30
PT202467,2,2025-04-13,TRUL,30
PT202467,3,2025-05-13,TRUL,90
PT202467,4,2025-08-11,TRUL,30
PT202467,5,2025-09-10,TRUL,30
PT202467,6,2025-10-10,TRUL,90
PT202467,7,2026-01-08,TRUL,90
PT202467,8,2026-04-15,TRUL,90
PT202468,1,2025-10-03,OZEM,30
PT202468,2,2025-11-02,OZEM,30
PT202468,3,2025-12-02,OZEM,90
PT202468,4,2026-03-17,OZEM,90
PT202468,5,2026-06-15,OZEM,90
PT202469,1,2025-08-22,OZEM,30
PT202471,1,2024-11-19,OZEM,30
PT202471,2,2024-12-19,OZEM,30
PT202471,3,2025-01-18,OZEM,90
PT202471,4,2025-04-18,OZEM,90
PT202471,5,2025-07-17,OZEM,90
PT202471,6,2025-10-15,OZEM,30
PT202471,7,2025-11-14,OZEM,90
PT202471,8,2026-02-12,OZEM,90
PT202471,9,2026-05-13,OZEM,30
PT202471,10,2026-06-15,OZEM,90
PT202472,1,2025-01-23,TRUL,30
PT202472,2,2025-02-25,TRUL,30
PT202472,3,2025-03-27,TRUL,90
PT202472,4,2025-06-28,TRUL,90
PT202473,1,2025-05-29,OZEM,30
PT202473,2,2025-06-28,OZEM,30
PT202473,3,2025-07-28,OZEM,90
PT202473,4,2025-10-26,OZEM,30
PT202473,5,2025-11-25,OZEM,90
PT202473,6,2026-02-23,OZEM,90
PT202473,7,2026-03-12,OZEM,90
PT202473,8,2026-06-10,MOUN,90
PT202474,1,2025-07-05,MOUN,30
PT202474,2,2025-08-04,MOUN,30
PT202474,3,2025-09-03,MOUN,90
PT202474,4,2025-12-02,MOUN,90
PT202474,5,2026-03-02,MOUN,90
PT202474,6,2026-05-31,MOUN,30
PT202474,7,2026-06-30,MOUN,30
PT202474,8,2026-07-30,MOUN,30
PT202474,9,2026-08-29,MOUN,90
PT202475,1,2025-02-16,OZEM,30
PT202475,2,2025-03-09,OZEM,30
PT202475,3,2025-04-08,OZEM,90
PT202475,4,2025-07-07,OZEM,90
PT202475,5,2025-10-05,OZEM,90
PT202475,6,2026-01-03,OZEM,90
PT202476,1,2026-01-12,MOUN,30
PT202476,2,2026-02-11,MOUN,30
PT202478,1,2025-03-19,TRUL,30
PT202478,2,2025-04-18,TRUL,30
PT202478,3,2025-05-18,TRUL,30
PT202478,4,2025-06-17,TRUL,90
PT202478,5,2025-09-15,MOUN,90
PT202478,6,2025-12-14,MOUN,90
PT202478,7,2026-03-17,MOUN,30
PT202478,8,2026-04-19,MOUN,30
PT202478,9,2026-05-19,MOUN,90
PT202478,10,2026-08-17,MOUN,90
PT202479,1,2025-04-19,OZEM,30
PT202479,2,2025-05-26,OZEM,30
PT202479,3,2025-06-25,OZEM,90
PT202479,4,2025-09-23,OZEM,90
PT202479,5,2025-12-22,OZEM,30
PT202479,6,2026-01-21,OZEM,90
PT202479,7,2026-04-21,OZEM,90
PT202479,8,2026-08-04,OZEM,30
PT202481,1,2024-09-10,MOUN,30
PT202481,2,2024-10-10,MOUN,30
PT202481,3,2024-11-16,MOUN,90
PT202481,4,2025-02-21,MOUN,90
PT202481,5,2025-05-22,MOUN,90
PT202481,6,2025-08-20,MOUN,90
PT202482,1,2025-03-08,TRUL,30
PT202482,2,2025-04-07,TRUL,30
PT202482,3,2025-05-07,TRUL,90
PT202482,4,2025-08-05,TRUL,30
PT202482,5,2025-09-04,TRUL,30
PT202482,6,2025-10-04,TRUL,90
PT202482,7,2026-01-17,TRUL,90
PT202482,8,2026-04-17,TRUL,90
PT202482,9,2026-07-16,TRUL,90
PT202483,1,2024-09-20,MOUN,30
PT202483,2,2024-10-20,MOUN,30
PT202483,3,2024-11-19,MOUN,90
PT202483,4,2025-02-17,MOUN,30
PT202483,5,2025-03-22,MOUN,90
PT202483,6,2025-06-20,MOUN,90
PT202483,7,2025-09-18,MOUN,90
PT202483,8,2025-12-17,MOUN,30
PT202483,9,2026-01-16,MOUN,30
PT202483,10,2026-02-18,MOUN,90
PT202483,11,2026-05-19,MOUN,90
PT202483,12,2026-08-20,MOUN,90
PT202484,1,2024-11-25,OZEM,30
PT202484,2,2024-12-25,OZEM,30
PT202484,3,2025-01-24,OZEM,90
PT202484,4,2025-04-24,OZEM,90
PT202484,5,2025-07-30,OZEM,90
PT202484,6,2025-10-28,OZEM,90
PT202484,7,2026-01-26,OZEM,30
PT202484,8,2026-02-25,TRUL,90
PT202484,9,2026-05-26,TRUL,90
PT202484,10,2026-08-24,TRUL,90
PT202485,1,2025-03-06,TRUL,30
PT202485,2,2025-03-27,TRUL,30
PT202485,3,2025-04-26,TRUL,30
PT202485,4,2025-05-26,TRUL,90
PT202485,5,2025-08-24,MOUN,90
PT202486,1,2024-12-01,RYBL,30
PT202486,2,2024-12-31,RYBL,30
PT202486,3,2025-01-30,RYBL,90
PT202486,4,2025-04-30,RYBL,90
PT202486,5,2025-07-29,RYBL,90
PT202486,6,2025-10-27,RYBL,90
PT202486,7,2026-01-25,RYBL,90
PT202486,8,2026-04-25,RYBL,30
PT202486,9,2026-05-28,RYBL,30
PT202486,10,2026-06-30,RYBL,90
PT202487,1,2025-03-29,MOUN,30
PT202487,2,2025-04-28,MOUN,30
PT202488,1,2025-04-14,MOUN,30
PT202488,2,2025-05-17,MOUN,30
PT202488,3,2025-06-16,MOUN,90
PT202489,1,2026-01-27,MOUN,30
PT202489,2,2026-02-26,MOUN,30
PT202489,3,2026-03-28,MOUN,90
PT202489,4,2026-06-26,MOUN,90
PT202490,1,2025-09-16,MOUN,30
PT202490,2,2025-10-16,MOUN,30
PT202490,3,2025-11-15,MOUN,90
PT202490,4,2026-02-13,MOUN,90
PT202491,1,2024-12-09,OZEM,30
PT202491,2,2025-01-08,OZEM,30
PT202491,3,2025-02-07,OZEM,30
PT202491,4,2025-03-09,OZEM,90
PT202491,5,2025-06-10,OZEM,90
PT202491,6,2025-09-08,OZEM,30
PT202491,7,2025-10-08,OZEM,90
PT202491,8,2026-01-06,OZEM,90
PT202491,9,2026-04-06,OZEM,30
PT202491,10,2026-05-06,OZEM,90
PT202491,11,2026-08-11,OZEM,90
PT202492,1,2026-02-16,MOUN,30
PT202492,2,2026-03-18,MOUN,30
PT202492,3,2026-04-17,MOUN,90
PT202492,4,2026-07-16,MOUN,90
PT202493,1,2025-06-26,MOUN,30
PT202493,2,2025-07-29,MOUN,30
PT202493,3,2025-08-31,MOUN,90
PT202493,4,2025-11-29,MOUN,30
PT202493,5,2025-12-29,MOUN,90
PT202494,1,2025-10-24,MOUN,30
PT202495,1,2025-10-15,RYBL,30
PT202495,2,2025-11-14,RYBL,30
PT202495,3,2025-12-29,RYBL,30
PT202495,4,2026-01-28,RYBL,30
PT202495,5,2026-02-27,RYBL,30
PT202495,6,2026-04-05,RYBL,30
PT202495,7,2026-05-05,RYBL,90
PT202495,8,2026-08-03,RYBL,90
PT202496,1,2024-10-30,MOUN,30
PT202496,2,2024-11-29,MOUN,30
PT202496,3,2024-12-29,MOUN,90
PT202496,4,2025-03-29,MOUN,90
PT202496,5,2025-06-27,MOUN,90
PT202496,6,2025-09-25,MOUN,90
PT202496,7,2025-12-24,MOUN,30
PT202497,1,2025-09-09,TRUL,30
PT202497,2,2025-10-12,TRUL,30
PT202498,1,2025-10-23,MOUN,30
